Res1,Res2,Freq,NumFrames,,TotalFrames:,11200
5x36,T172:T170:T215:T179,0.00026786,3
34x57,34x53,0.00723214,81
34x57,2x39,0.44580357,4993
5x63,5x67,0.00008929,1
12x49,12x51,0.00223214,25
2x39,2x40,0.02526786,283
2x40,1x60,0.03437500,385
8x49,8x52,0.00035714,4
3x50,6x38,0.04312500,483
2x39,12x49,0.00053571,6
4x41,4x40,0.00035714,4
2x61,1x39,0.26741071,2995
3x50,3x49,0.29750000,3332
8x47,8x49,0.11973214,1341
7x34,7x38,0.02294643,257
5x66,3x53,0.00714286,80
7x31,D393:P415:S519:S428,0.00089286,10
12x51,4x39,0.00348214,39
5x55,5x59,0.00375000,42
34x57,3x49,0.98410714,11022
1x31,G21:Y18:T64:N25,0.11366071,1273
6x58,D393:P415:S519:S428,0.00017857,2
4x41,3x53,0.00008929,1
34x54,5x67,0.00008929,1
34x54,5x66,0.23178571,2596
34x54,5x65,0.00142857,16
34x54,5x64,0.00151786,17
1x60,12x48,0.00089286,10
Q181:Q179:Q224:Q188,S184:S182:S227:S191,0.00107143,12
34x57,2x37,0.00357143,40
12x49,8x53,0.00375000,42
12x49,8x52,0.00151786,17
12x49,12x48,0.06026786,675
6x35,6x38,0.01633929,183
3x49,34x53,0.40428571,4528
2x56,3x28,0.26455357,2963
6x35,5x62,0.00044643,5
3x56,34x52,0.01116071,125
3x56,34x53,0.00160714,18
3x50,6x35,0.05071429,568
3x50,6x36,0.00151786,17
3x33,7x38,0.02125000,238
7x31,7x34,0.00187500,21
3x47,5x58,0.28464286,3188
2x37,2x41,0.00017857,2
5x36,S184:S182:S227:S191,0.05500000,616
8x51,6x35,0.00026786,3
7x35,2x63,0.20812500,2331
8x48,8x49,0.00044643,5
6x58,5x40,0.00241071,27
3x28,7x38,0.00053571,6
2x50,7x46,0.98830357,11069
12x49,2x37,0.00008929,1
1x60,12x49,0.04616071,517
12x49,4x40,0.00035714,4
6x58,K392:A414:D518:Q427,0.00160714,18
34x57,3x53,0.03285714,368
4x39,2x41,0.01696429,190
7x35,Q177:E175:E220:Q184,0.00160714,18
7x45,6x48,0.09705357,1087
7x45,6x47,0.14446429,1618
12x49,4x39,0.00008929,1
6x35,5x58,0.00392857,44
1x60,12x51,0.00169643,19
2x61,7x39,0.03089286,346
2x40,2x37,0.13794643,1545
Q177:E175:E220:Q184,2x63,0.31437500,3521
3x37,3x36,0.09723214,1089
5x67,5x62,0.00196429,22
34x54,34x57,0.00062500,7
E170:V168:K213:K177,S184:S182:S227:S191,0.00053571,6
5x67,5x65,0.00991071,111
Q181:Q179:Q224:Q188,E170:V168:K213:K177,0.00008929,1
2x39,4x39,0.00053571,6
8x48,8x52,0.02232143,250
3x55,3x51,0.00044643,5
7x49,1x50,0.00053571,6
3x49,3x53,0.02991071,335
34x57,4x41,0.00053571,6
6x58,7x34,0.00330357,37
12x49,2x41,0.00232143,26
G89:G87:N132:G96,2x63,0.00008929,1
G89:G87:N132:G96,7x35,0.00035714,4
3x32,3x28,0.20392857,2284
23x49,7x31,0.00035714,4
G89:G87:N132:G96,7x31,0.00187500,21
3x28,7x42,0.28901786,3237
3x22,3x26,0.00008929,1
4x65,Q181:Q179:Q224:Q188,0.03955357,443
6x35,5x66,0.00080357,9
3x26,4x65,0.01348214,151
12x51,2x41,0.00321429,36
2x39,8x47,0.00017857,2
3x22,4x65,0.00080357,9
6x38,5x62,0.00035714,4
R171:R169:R214:R178,Q181:Q179:Q224:Q188,0.13473214,1509
12x49,8x48,0.00008929,1
3x50,5x66,0.03464286,388
Q181:Q179:Q224:Q188,T172:T170:T215:T179,0.11125000,1246
7x47,1x46,0.96946429,10858
3x50,5x65,0.00125000,14
8x47,2x37,0.00008929,1
4x65,E170:V168:K213:K177,0.00133929,15
34x56,34x52,0.00839286,94
2x40,2x41,0.00026786,3
5x66,5x63,0.25714286,2880
5x66,5x62,0.02633929,295
5x66,5x65,0.00089286,10
5x66,5x67,0.03035714,340
8x47,12x49,0.00678571,76
7x35,7x38,0.00107143,12
7x35,7x39,0.00017857,2
1x50,2x50,0.00008929,1
12x49,8x49,0.01419643,159
2x39,6x35,0.00089286,10
2x39,6x36,0.00303571,34
6x49,5x48,0.01589286,178
4x38,34x53,0.00133929,15
7x34,6x51,0.07142857,800
34x57,4x39,0.04294643,481
5x60,5x63,0.00035714,4
5x63,5x62,0.00616071,69
2x40,7x53,0.07125000,798
3x42,4x50,0.04294643,481
Q181:Q179:Q224:Q188,4x64,0.01928571,216
2x40,8x47,0.02705357,303
6x58,6x59,0.00026786,3
34x56,4x38,0.00008929,1
1x60,2x37,0.00008929,1
23x49,G89:G87:N132:G96,0.00267857,30
3x50,5x58,0.00839286,94
2x45,4x50,0.89401786,10013
7x45,7x49,0.25741071,2883
6x35,5x65,0.00062500,7
K392:A414:D518:Q427,D393:P415:S519:S428,0.33169643,3715
5x60,5x65,0.00026786,3
G21:Y18:T64:N25,1x30,0.03133929,351
3x50,5x62,0.02071429,232
5x60,5x64,0.59517857,6666
4x40,2x41,0.00044643,5
6x35,8x48,0.00107143,12
5x64,3x55,0.06883929,771
5x64,3x51,0.03098214,347
5x60,3x51,0.09848214,1103
5x60,3x55,0.00008929,1
3x32,7x38,0.33410714,3742
7x35,7x32,0.00008929,1
1x58,2x41,0.00008929,1
6x35,2x37,0.00008929,1
5x40,6x59,0.01303571,146
5x60,5x59,0.00883929,99
8x47,7x53,0.04026786,451
S184:S182:S227:S191,T172:T170:T215:T179,0.13267857,1486
8x51,8x48,0.00133929,15
7x31,2x63,0.03964286,444
4x41,4x39,0.00026786,3
4x41,4x38,0.00625000,70
2x58,2x62,0.00214286,24
5x67,3x55,0.00044643,5
7x38,7x42,0.06625000,742
5x36,5x38,0.04535714,508
3x56,3x53,0.00053571,6
7x35,7x31,0.01169643,131
2x40,12x49,0.04339286,486
3x50,34x54,0.00125000,14
3x56,3x55,0.51964286,5820
3x50,34x57,0.09607143,1076
8x49,7x53,0.00348214,39
1x60,8x53,0.69758929,7813
1x60,8x52,0.00187500,21
6x38,5x58,0.37625000,4214
G89:G87:N132:G96,G21:Y18:T64:N25,0.00008929,1
5x60,5x67,0.00098214,11
5x60,5x66,0.00303571,34
8x49,8x53,0.00017857,2
8x47,1x60,0.00035714,4
12x48,8x52,0.00026786,3
12x48,8x53,0.00008929,1
1x39,7x39,0.54089286,6058
4x41,3x49,0.02589286,290
Q177:E175:E220:Q184,7x34,0.00125000,14
Q177:E175:E220:Q184,7x31,0.67473214,7557
3x50,2x39,0.15705357,1759
8x51,8x55,0.00026786,3
8x47,6x36,0.25544643,2861
8x47,6x35,0.01223214,137
3x50,2x37,0.00044643,5
8x51,8x52,0.00008929,1
R171:R169:R214:R178,4x65,0.45062500,5047
5x64,5x67,0.37946429,4250
8x55,8x52,0.00758929,85
5x64,5x63,0.01348214,151
6x35,6x36,0.05616071,629
5x38,6x59,0.00089286,10
1x50,1x46,0.00008929,1
1x31,1x30,0.02223214,249
12x48,2x41,0.00062500,7
3x37,4x57,0.91196429,10214
4x53,4x57,0.00857143,96
5x63,5x59,0.00267857,30
12x49,34x56,0.00008929,1
3x37,4x53,0.55107143,6172
7x46,1x46,0.00258929,29
7x49,2x50,0.97526786,10923
R171:R169:R214:R178,3x26,0.99044643,11093
2x39,3x49,0.11116071,1245
23x49,Q177:E175:E220:Q184,0.03589286,402
R171:R169:R214:R178,3x22,0.04812500,539
1x60,8x49,0.02464286,276
6x51,7x38,0.21178571,2372
34x54,3x53,0.03589286,402
23x49,2x63,0.00598214,67
3x42,2x45,0.47741071,5347
3x56,34x57,0.00258929,29
5x64,5x65,0.00035714,4
3x50,3x53,0.06401786,717
12x49,1x58,0.00026786,3
2x40,8x49,0.03116071,349
T172:T170:T215:T179,4x64,0.00080357,9
4x41,34x53,0.00044643,5
2x39,4x40,0.00035714,4
3x32,2x56,0.96571429,10816
4x41,34x56,0.00017857,2
3x56,3x49,0.00580357,65
4x40,2x37,0.00008929,1
2x39,12x51,0.00017857,2
7x46,7x47,0.00008929,1
7x49,7x53,0.00071429,8
7x45,2x50,0.00008929,1
3x32,7x42,0.98428571,11024
5x36,E170:V168:K213:K177,0.00616071,69
4x65,4x66,0.00410714,46
2x39,2x37,0.03160714,354
4x65,4x64,0.00142857,16
6x52,5x48,0.07625000,854
4x40,4x38,0.00794643,89
4x40,4x39,0.00607143,68
E170:V168:K213:K177,T172:T170:T215:T179,0.00214286,24
3x56,3x51,0.03000000,336
2x56,7x42,0.01375000,154
