Res1,Res2,Freq,NumFrames,,TotalFrames:,5700
L183:F181:L226:L190,F182:F180:F225:F189,0.05964912,340
7x36,7x39,0.30105263,1716
2x53,2x56,0.07070175,403
2x53,2x57,0.99614035,5678
2x39,2x43,0.68754386,3919
5x44,5x48,0.84228070,4801
7x36,7x32,0.98859649,5635
4x41,4x44,0.49631579,2829
4x41,4x45,0.80789474,4605
5x61,5x58,0.32543860,1855
4x41,4x40,0.00666667,38
5x61,5x57,0.99245614,5657
2x49,2x48,0.00438596,25
7x49,7x48,0.01175439,67
7x49,7x46,0.01947368,111
R171:R169:R214:R178,T172:T170:T215:T179,0.00017544,1
45x52,L183:F181:L226:L190,0.56736842,3234
1x35,1x39,0.99263158,5658
5x55,5x58,0.16578947,945
5x55,5x59,0.99350877,5663
2x39,2x38,0.02315789,132
2x39,2x40,0.01736842,99
34x55,34x52,0.29456140,1679
5x55,5x51,0.99947368,5697
6x60,6x59,0.02771930,158
6x34,6x37,0.22824561,1301
Q181:Q179:Q224:Q188,S184:S182:S227:S191,0.47666667,2717
6x34,6x35,0.04649123,265
2x39,2x42,0.54771930,3122
12x49,12x48,0.05017544,286
12x49,12x49,0.00157895,9
4x46,4x50,0.92596491,5278
4x62,4x66,0.49298246,2810
3x25,3x21,0.89719298,5114
4x62,4x63,0.00245614,14
6x34,6x38,0.82263158,4689
5x52,5x51,0.00561404,32
2x47,2x48,0.00701754,40
2x47,2x49,0.00017544,1
5x52,5x55,0.37157895,2118
2x47,2x44,0.24877193,1418
7x31,7x34,0.39543860,2254
7x31,7x32,0.01070175,61
Q177:E175:E220:Q184,L174:E172:P217:P181,0.68666667,3914
2x47,2x43,0.99631579,5679
6x60,6x57,0.90421053,5154
45x52,F182:F180:F225:F189,0.00298246,17
3x42,3x39,0.23982456,1367
Q181:Q179:Q224:Q188,5x36,0.00596491,34
8x48,8x49,0.01947368,111
12x48,1x59,0.01228070,70
1x30,1x33,0.22456140,1280
G89:G87:N132:G96,2x64,0.56315789,3210
G89:G87:N132:G96,2x63,0.84368421,4809
3x56,3x52,0.87631579,4995
1x34,1x37,0.28701754,1636
1x34,1x30,0.96543860,5503
1x34,1x33,0.00350877,20
7x55,7x53,0.00017544,1
7x55,7x51,0.98526316,5616
1x52,1x53,0.00754386,43
6x49,6x48,0.09070175,517
1x52,1x55,0.17368421,990
5x36,5x36,0.00105263,6
7x54,8x47,0.07526316,429
3x56,3x55,0.04298246,245
5x67,5x62,0.00087719,5
5x67,5x67,0.00087719,5
5x67,5x65,0.01192982,68
2x58,2x551,0.62263158,3549
7x30,7x34,0.68929825,3929
4x56,4x53,0.21473684,1224
3x41,3x45,0.98842105,5634
4x56,4x55,0.01263158,72
4x56,4x54,0.00070175,4
4x47,4x51,0.97491228,5557
4x47,4x50,0.26052632,1485
23x52,23x52,0.00017544,1
34x52,34x52,0.00035088,2
3x54,5x67,0.02543860,145
6x45,6x42,0.25771930,1469
3x32,3x28,0.99298246,5660
7x39,7x42,0.47017544,2680
A175:D173:P218:D182,23x50,0.00035088,2
1x47,1x46,0.00105263,6
1x47,1x44,0.37421053,2133
6x52,6x49,0.48210526,2748
1x47,1x48,0.00017544,1
5x41,5x40,0.00210526,12
7x54,7x55,0.00684211,39
2x42,2x45,0.53842105,3069
7x54,7x56,0.00070175,4
7x54,7x51,0.35842105,2043
7x54,7x50,0.88228070,5029
7x54,7x53,0.00456140,26
6x53,6x51,0.00017544,1
4x43,4x44,0.00719298,41
4x43,4x46,0.17280702,985
4x43,4x47,0.99280702,5659
4x43,4x40,0.38526316,2196
3x49,3x45,0.99561404,5675
3x49,3x46,0.19350877,1103
6x45,6x48,0.08438596,481
45x51,45x51,0.33122807,1888
3x46,3x43,0.13561404,773
3x46,3x45,0.00087719,5
3x46,3x47,0.01210526,69
6x37,6x41,0.99421053,5667
K392:A414:D518:Q427,K392:A414:D518:Q427,0.00070175,4
2x37,2x37,0.03263158,186
6x58,6x59,0.06789474,387
34x56,4x38,0.04719298,269
23x49,G89:G87:N132:G96,0.10912281,622
6x58,6x57,0.00614035,35
4x60,4x61,0.01614035,92
6x58,6x54,0.99754386,5686
5x56,5x57,0.00175439,10
5x41,5x37,0.97491228,5557
5x41,5x38,0.19350877,1103
12x51,12x51,0.00017544,1
5x56,5x55,0.00175439,10
C394:C416:C520:C429,D393:P415:S519:S428,0.03035088,173
23x52,23x50,0.02578947,147
4x43,4x39,0.91561404,5219
V395:I417:I521:I430,D393:P415:S519:S428,0.00789474,45
3x38,3x41,0.18052632,1029
3x38,3x42,0.99842105,5691
1x37,1x33,0.99333333,5662
6x53,6x56,0.43789474,2496
6x53,6x57,0.99315789,5661
6x53,6x54,0.00140351,8
6x40,6x37,0.27947368,1593
6x53,6x50,0.47701754,2719
5x60,5x59,0.00245614,14
5x60,5x56,0.96807018,5518
5x60,5x57,0.39228070,2236
1x42,1x39,0.22631579,1290
3x24,3x27,0.10175439,580
7x35,7x31,0.97280702,5545
5x57,5x54,0.19035088,1085
4x41,4x39,0.00052632,3
4x41,4x38,0.39912281,2275
5x57,5x58,0.00070175,4
7x35,7x36,0.00298246,17
1x36,1x40,0.99526316,5673
2x58,2x62,0.95701754,5455
2x58,2x61,0.21947368,1251
5x461,5x43,0.99789474,5688
5x461,5x42,0.00017544,1
7x38,7x42,0.92947368,5298
2x39,2x37,0.00105263,6
5x461,5x47,0.07964912,454
4x47,4x46,0.00368421,21
3x56,3x53,0.12578947,717
1x50,1x54,0.77736842,4431
6x58,K392:A414:D518:Q427,0.00771930,44
1x50,1x51,0.00631579,36
3x56,3x56,0.00070175,4
1x50,1x53,0.47456140,2705
3x56,3x54,0.01157895,66
4x47,4x48,0.00438596,25
34x52,34x53,0.03350877,191
5x47,5x43,0.00105263,6
5x56,5x59,0.28438596,1621
2x39,2x41,0.00035088,2
4x48,4x44,0.99894737,5694
3x54,3x55,0.03859649,220
3x54,3x51,0.36508772,2081
7x35,7x38,0.22614035,1289
3x54,3x53,0.00438596,25
3x54,3x52,0.00140351,8
4x59,4x64,0.19842105,1131
6x34,6x36,0.00280702,16
6x56,6x60,0.26000000,1482
3x41,3x40,0.00245614,14
6x40,6x41,0.00368421,21
6x58,6x55,0.24842105,1416
R171:R169:R214:R178,4x69,0.00403509,23
6x40,6x44,0.98140351,5594
1x49,1x53,0.78877193,4496
1x49,1x52,0.32175439,1834
5x47,5x51,0.99631579,5679
7x52,7x56,0.95859649,5464
7x52,7x55,0.35087719,2000
5x64,5x63,0.01421053,81
7x52,7x53,0.00157895,9
7x52,7x51,0.00526316,30
8x47,8x49,0.00035088,2
8x51,8x52,0.01631579,93
6x59,6x55,0.71824561,4094
Q181:Q179:Q224:Q188,F182:F180:F225:F189,0.02228070,127
8x51,8x53,0.01859649,106
3x21,23x50,0.00017544,1
3x21,23x52,0.09175439,523
8x47,8x47,0.00105263,6
6x59,6x57,0.02526316,144
4x62,4x64,0.02771930,158
8x48,8x50,0.00140351,8
G176:G174:G219:N183,A175:D173:P218:D182,0.02368421,135
1x35,1x34,0.00175439,10
Q177:E175:E220:Q184,45x51,0.00421053,24
23x51,23x52,0.10368421,591
3x23,3x27,0.98771930,5630
3x29,3x28,0.00140351,8
7x52,7x48,0.98140351,5594
7x47,7x51,0.00228070,13
1x35,1x32,0.23789474,1356
2x66,2x63,0.19947368,1137
2x66,2x62,0.77894737,4440
45x52,S184:S182:S227:S191,0.09649123,550
7x43,7x47,0.81684211,4656
1x58,1x57,0.01280702,73
5x64,5x61,0.25087719,1430
2x45,2x41,0.91771930,5231
1x58,1x59,0.00614035,35
4x65,4x66,0.01122807,64
4x65,4x67,0.00245614,14
6x46,6x49,0.21649123,1234
1x46,1x45,0.01122807,64
6x52,6x48,0.76649123,4369
4x65,4x61,0.31175439,1777
6x46,6x42,0.97315789,5547
6x46,6x47,0.00614035,35
4x65,4x68,0.01859649,106
4x65,4x69,0.16298246,929
4x67,4x68,0.01210526,69
4x67,4x64,0.30368421,1731
4x58,4x56,0.00035088,2
4x67,4x66,0.01596491,91
6x39,6x35,0.55807018,3181
6x39,6x36,0.41473684,2364
12x50,12x48,0.02666667,152
3x50,3x47,0.09157895,522
5x58,5x62,0.98877193,5636
3x50,3x49,0.00228070,13
6x39,6x38,0.00263158,15
2x47,2x46,0.00105263,6
34x51,34x52,0.03350877,191
7x34,7x38,0.98175439,5596
34x51,34x50,0.00526316,30
8x47,8x50,0.27017544,1540
4x40,4x44,0.80929825,4613
Q177:E175:E220:Q184,Q177:E175:E220:Q184,0.01140351,65
5x49,5x52,0.40666667,2318
5x36,5x40,0.88157895,5025
2x50,2x54,0.96912281,5524
34x50,34x53,0.60912281,3472
34x50,34x52,0.01596491,91
5x39,5x43,0.99228070,5656
1x60,12x49,0.00842105,48
5x39,5x40,0.00719298,41
6x35,6x35,0.00017544,1
6x35,6x36,0.00666667,38
6x35,6x37,0.26438596,1507
6x35,6x38,0.18473684,1053
6x53,6x49,0.98842105,5634
3x56,34x52,0.08403509,479
3x56,34x53,0.21877193,1247
3x35,3x32,0.08035088,458
3x56,34x51,0.00982456,56
2x551,2x59,0.99140351,5651
3x56,34x54,0.03070175,175
2x551,2x55,0.01052632,60
5x36,S184:S182:S227:S191,0.03052632,174
6x39,6x40,0.00438596,25
2x60,2x56,0.99824561,5690
6x39,6x42,0.22912281,1306
5x65,5x62,0.32298246,1841
5x65,5x65,0.00508772,29
3x53,3x51,0.00157895,9
3x53,3x55,0.00157895,9
4x42,4x43,0.00877193,50
5x42,5x45,0.32684211,1863
4x42,4x41,0.00684211,39
4x42,4x46,0.98894737,5637
4x42,4x45,0.45456140,2591
4x60,4x59,0.02245614,128
5x40,5x43,0.37947368,2163
5x37,5x40,0.28035088,1598
3x37,3x33,0.98824561,5633
3x37,3x34,0.21000000,1197
3x37,3x36,0.00245614,14
34x54,34x53,0.04824561,275
34x54,34x52,0.01912281,109
34x54,34x51,0.50701754,2890
34x54,34x50,0.19842105,1131
34x54,34x57,0.14017544,799
34x54,34x56,0.02508772,143
3x22,3x25,0.59438596,3388
6x34,6x34,0.00052632,3
3x22,3x26,0.96929825,5525
8x48,8x52,0.86105263,4908
3x42,3x43,0.00228070,13
G89:G87:N132:G96,2x66,0.15491228,883
G89:G87:N132:G96,2x65,0.00807018,46
1x58,12x48,0.00035088,2
34x55,34x56,0.06035088,344
34x55,34x57,0.04017544,229
34x55,34x54,0.03087719,176
1x30,1x32,0.00017544,1
5x37,5x38,0.01473684,84
34x55,34x53,0.00719298,41
34x55,34x50,0.02175439,124
34x55,34x51,0.22754386,1297
2x54,2x57,0.00087719,5
12x49,2x37,0.01614035,92
2x54,2x55,0.00403509,23
2x54,2x53,0.00666667,38
2x54,2x51,0.42192982,2405
1x60,1x57,0.09491228,541
1x60,1x58,0.01175439,67
1x60,1x59,0.04842105,276
6x56,6x55,0.00280702,16
6x56,6x57,0.00245614,14
6x56,6x59,0.68982456,3932
34x56,34x56,0.00087719,5
2x48,2x45,0.42350877,2414
2x48,2x44,0.99526316,5673
34x56,34x53,0.62736842,3576
34x56,34x52,0.24596491,1402
7x35,7x32,0.20070175,1144
5x66,5x63,0.18771930,1070
5x66,5x62,0.35543860,2026
5x66,5x65,0.01912281,109
7x35,7x34,0.00175439,10
1x43,1x46,0.42438596,2419
1x43,1x47,0.99456140,5669
1x43,1x44,0.00122807,7
7x35,7x39,0.99122807,5650
1x43,1x42,0.00228070,13
1x43,1x40,0.25280702,1441
7x45,7x40,0.45473684,2592
3x43,3x47,0.98877193,5636
3x43,3x44,0.00421053,24
3x43,3x40,0.31736842,1809
2x46,2x42,0.94456140,5384
2x46,2x45,0.00210526,12
2x49,2x50,0.00280702,16
2x49,2x53,0.82771930,4718
2x49,2x52,0.46035088,2624
34x55,34x55,0.00035088,2
R171:R169:R214:R178,E170:V168:K213:K177,0.00315789,18
1x36,1x32,0.98228070,5599
2x62,2x63,0.00789474,45
1x58,1x55,0.56964912,3247
5x53,5x49,0.93385965,5323
8x51,8x49,0.00105263,6
8x51,8x48,0.44157895,2517
5x36,F182:F180:F225:F189,0.03368421,192
8x51,8x47,0.47982456,2735
6x43,6x40,0.20614035,1175
5x54,5x58,0.99964912,5698
6x43,6x42,0.00105263,6
6x43,6x44,0.00438596,25
4x49,4x48,0.00228070,13
6x43,6x46,0.13315789,759
6x43,6x47,0.98105263,5592
5x54,5x51,0.09543860,544
5x54,5x50,0.99912281,5695
1x40,1x44,0.99035088,5645
4x58,4x62,0.51333333,2926
4x58,4x63,0.46666667,2660
4x58,4x60,0.00333333,19
4x58,4x61,0.18526316,1056
7x49,7x53,0.96403509,5495
3x38,3x39,0.00824561,47
3x38,3x34,0.99649123,5680
3x38,3x37,0.00333333,19
5x60,5x63,0.29368421,1674
3x35,3x38,0.22070175,1258
3x35,3x39,0.95087719,5420
4x64,4x68,0.91754386,5230
5x60,5x64,0.93543860,5332
8x47,7x56,0.01982456,113
2x51,2x55,0.99736842,5685
3x35,3x31,0.98438596,5611
3x35,3x36,0.00245614,14
8x47,7x53,0.94403509,5381
3x35,3x34,0.00105263,6
7x41,7x46,0.00070175,4
7x41,7x40,0.00561404,32
7x41,7x42,0.00315789,18
2x58,2x54,0.02035088,116
1x42,1x45,0.14192982,809
2x58,2x59,0.00263158,15
1x42,1x46,0.99631579,5679
7x37,7x38,0.00210526,12
8x55,8x52,0.40245614,2294
8x55,8x53,0.03578947,204
8x55,8x54,0.03947368,225
8x55,8x55,0.00175439,10
1x50,1x49,0.00561404,32
1x50,1x46,0.91105263,5193
1x50,1x47,0.30035088,1712
2x60,2x61,0.00456140,26
4x65,4x64,0.00631579,36
4x49,4x53,0.88719298,5057
4x49,4x52,0.04614035,263
4x53,4x57,0.60087719,3425
6x50,6x51,0.00157895,9
4x53,4x50,0.22473684,1281
4x65,4x62,0.24385965,1390
23x49,23x49,0.26473684,1509
5x44,5x461,0.07578947,432
6x42,6x38,0.97368421,5550
L183:F181:L226:L190,5x40,0.00263158,15
1x49,1x44,0.00017544,1
1x49,1x45,0.99491228,5671
5x47,5x48,0.00070175,4
7x46,7x42,0.90122807,5137
7x46,7x47,0.02877193,164
6x41,6x42,0.00105263,6
7x41,7x38,0.51456140,2933
1x49,1x48,0.00543860,31
4x61,4x64,0.42228070,2407
5x50,5x51,0.00122807,7
45x50,G176:G174:G219:N183,0.00140351,8
4x51,4x55,0.98491228,5614
3x49,3x48,0.00122807,7
34x57,34x53,0.35368421,2016
34x57,34x56,0.08526316,486
34x57,34x57,0.00350877,20
R171:R169:R214:R178,V173:V171:V216:V180,0.00561404,32
4x64,4x66,0.00280702,16
7x47,7x48,0.01333333,76
4x56,4x57,0.01140351,65
7x47,7x42,0.06263158,357
1x49,1x46,0.08017544,457
K392:A414:D518:Q427,6x59,0.00315789,18
4x66,4x68,0.00017544,1
3x36,3x40,0.90350877,5150
45x50,45x50,0.00298246,17
6x54,6x57,0.23403509,1334
6x54,6x55,0.00298246,17
5x56,5x52,0.94666667,5396
6x54,6x51,0.42438596,2419
6x54,6x50,0.98543860,5617
1x31,G21:Y18:T64:N25,0.40157895,2289
5x46,5x43,0.24508772,1397
5x46,5x42,0.95210526,5427
5x46,5x45,0.00140351,8
5x46,5x47,0.00333333,19
45x50,A175:D173:P218:D182,0.00526316,30
8x47,7x52,0.00035088,2
4x62,4x57,0.05105263,291
2x64,2x61,0.34000000,1938
2x64,2x60,0.96877193,5522
2x64,2x63,0.00122807,7
2x64,2x65,0.00385965,22
5x36,L183:F181:L226:L190,0.01894737,108
2x50,2x53,0.29438596,1678
2x50,2x51,0.00719298,41
Q181:Q179:Q224:Q188,L183:F181:L226:L190,0.02368421,135
3x31,3x27,0.87456140,4985
G21:Y18:T64:N25,G21:Y18:T64:N25,0.00631579,36
6x61,D393:P415:S519:S428,0.02561404,146
3x31,3x29,0.00245614,14
3x31,3x28,0.51842105,2955
3x32,3x29,0.11070175,631
5x49,5x48,0.00052632,3
3x39,3x40,0.00192982,11
3x50,3x46,0.99736842,5685
1x36,1x39,0.17684211,1008
4x38,4x38,0.02157895,123
5x59,5x58,0.00175439,10
1x36,1x33,0.23228070,1324
5x54,5x55,0.00666667,38
1x36,1x37,0.00245614,14
1x36,1x35,0.00421053,24
1x60,12x50,0.43192982,2462
2x40,2x37,0.67614035,3854
4x47,4x44,0.22877193,1304
Q177:E175:E220:Q184,A175:D173:P218:D182,0.08578947,489
5x45,5x48,0.02456140,140
5x45,5x49,0.99964912,5698
7x43,7x39,0.95140351,5423
5x45,5x41,0.93894737,5352
7x40,7x39,0.00263158,15
V173:V171:V216:V180,V173:V171:V216:V180,0.00087719,5
4x45,4x44,0.00421053,24
5x45,5x47,0.01894737,108
5x48,5x51,0.07228070,412
2x37,2x41,0.60684211,3459
2x53,2x551,0.02473684,141
K392:A414:D518:Q427,6x61,0.00052632,3
7x48,7x51,0.72087719,4109
3x37,3x41,0.99017544,5644
3x37,3x40,0.37052632,2112
6x61,6x60,0.03859649,220
6x61,6x61,0.02298246,131
4x65,E170:V168:K213:K177,0.03368421,192
2x40,2x41,0.02561404,146
2x40,2x43,0.32350877,1844
2x40,2x44,0.99210526,5655
4x50,4x51,0.00157895,9
12x48,2x37,0.01649123,94
3x44,3x41,0.36280702,2068
34x51,34x53,0.00473684,27
1x55,1x59,0.94982456,5414
8x50,8x53,0.50508772,2879
8x50,8x52,0.00192982,11
5x63,5x65,0.01263158,72
5x63,5x62,0.00385965,22
7x37,7x34,0.40982456,2336
8x50,8x54,0.56877193,3242
5x60,5x61,0.00333333,19
4x52,4x55,0.25964912,1480
4x52,4x56,0.95245614,5429
4x52,4x51,0.00070175,4
4x52,4x53,0.00754386,43
2x48,2x52,0.90473684,5157
2x48,2x51,0.34824561,1985
K392:A414:D518:Q427,D393:P415:S519:S428,0.00456140,26
F182:F180:F225:F189,S184:S182:S227:S191,0.19701754,1123
2x40,12x51,0.06140351,350
4x48,4x51,0.21578947,1230
7x50,7x51,0.01789474,102
5x42,5x38,0.97000000,5529
7x50,7x53,0.27175439,1549
3x48,3x47,0.00122807,7
2x42,2x41,0.00421053,24
3x48,3x45,0.38228070,2179
5x42,5x39,0.22508772,1283
12x48,12x51,0.44596491,2542
7x37,7x36,0.00403509,23
8x47,7x55,0.00228070,13
Q181:Q179:Q224:Q188,45x51,0.00526316,30
2x44,2x41,0.34947368,1992
1x38,1x42,0.97894737,5580
2x49,2x46,0.59175439,3373
7x43,7x48,0.97789474,5574
8x49,8x53,0.72315789,4122
2x49,2x45,0.91701754,5227
5x44,5x47,0.91140351,5195
5x44,5x45,0.00421053,24
D393:P415:S519:S428,D393:P415:S519:S428,0.00210526,12
5x44,5x43,0.00245614,14
5x44,5x41,0.44894737,2559
5x44,5x40,0.92824561,5291
5x36,5x39,0.61596491,3511
5x36,5x38,0.00052632,3
2x57,2x56,0.00070175,4
1x44,1x45,0.00175439,10
6x45,6x46,0.00228070,13
6x45,6x44,0.00122807,7
3x36,3x33,0.13526316,771
6x45,6x41,0.98105263,5592
2x58,2x57,0.01087719,62
1x60,1x60,0.00035088,2
3x36,3x39,0.46052632,2625
6x45,6x49,0.89070175,5077
5x53,5x54,0.00087719,5
5x53,5x56,0.44052632,2511
5x53,5x57,0.98947368,5640
5x53,5x50,0.33228070,1894
5x53,5x52,0.00070175,4
1x38,1x39,0.00438596,25
3x33,3x34,0.00666667,38
45x50,Q177:E175:E220:Q184,0.00491228,28
8x51,8x54,0.30631579,1746
8x51,8x55,0.52684211,3003
12x51,2x38,0.04578947,261
8x51,8x50,0.00982456,56
1x38,1x34,0.98140351,5594
1x48,1x45,0.07894737,450
1x48,1x44,0.98736842,5628
5x64,5x67,0.14771930,842
5x64,5x66,0.00543860,31
5x64,5x65,0.03333333,190
5x64,5x64,0.00017544,1
4x58,4x57,0.01596491,91
5x64,5x62,0.01000000,57
4x58,4x55,0.04157895,237
4x58,4x54,0.95964912,5470
1x31,1x32,0.00894737,51
1x31,1x30,0.01280702,73
1x31,1x34,0.28017544,1597
1x31,1x35,0.93210526,5313
2x43,2x42,0.00456140,26
2x43,2x44,0.00543860,31
3x24,3x21,0.31192982,1778
2x43,2x46,0.36649123,2089
2x52,2x551,0.99684211,5682
6x51,6x55,0.99035088,5645
23x49,2x66,0.15157895,864
5x42,5x41,0.00456140,26
5x42,5x43,0.01385965,79
23x49,2x63,0.45070175,2569
6x48,6x51,0.07298246,416
K392:A414:D518:Q427,C394:C416:C520:C429,0.00701754,40
4x60,4x56,0.01631579,93
4x60,4x57,0.36192982,2063
6x37,6x36,0.00719298,41
6x37,6x38,0.00614035,35
2x52,2x55,0.18771930,1070
45x50,L174:E172:P217:P181,0.00175439,10
2x52,2x56,0.07491228,427
2x52,2x51,0.00298246,17
2x52,2x53,0.00315789,18
4x49,4x46,0.42385965,2416
7x49,7x52,0.45859649,2614
4x49,4x45,0.97368421,5550
E170:V168:K213:K177,T172:T170:T215:T179,0.01947368,111
4x62,4x59,0.11614035,662
4x69,4x66,0.02491228,142
4x69,4x67,0.00087719,5
4x69,4x64,0.82280702,4690
5x63,5x67,0.18228070,1039
12x49,12x51,0.04403509,251
12x49,12x50,0.06087719,347
4x69,4x68,0.02631579,150
2x37,2x38,0.00350877,20
4x49,4x50,0.00263158,15
4x46,4x45,0.00298246,17
2x60,2x63,0.51263158,2922
5x46,5x461,0.00421053,24
2x47,2x51,0.99789474,5688
2x47,2x50,0.24105263,1374
2x59,2x56,0.22842105,1302
4x61,4x59,0.00052632,3
4x61,4x57,0.85684211,4884
G176:G174:G219:N183,L174:E172:P217:P181,0.04017544,229
4x69,E170:V168:K213:K177,0.03105263,177
6x61,C394:C416:C520:C429,0.00456140,26
6x58,D393:P415:S519:S428,0.00385965,22
2x61,2x62,0.00929825,53
8x54,8x54,0.00017544,1
8x54,8x53,0.00947368,54
8x54,8x52,0.00052632,3
6x39,6x43,0.99122807,5650
12x50,2x37,0.33473684,1908
8x49,8x52,0.28543860,1627
5x66,5x67,0.01754386,100
3x32,3x33,0.00210526,12
7x56,8x48,0.00385965,22
3x32,3x31,0.00491228,28
3x32,3x36,0.84368421,4809
6x44,6x47,0.23491228,1339
1x47,1x51,0.97649123,5566
1x57,1x59,0.00105263,6
1x57,1x53,0.91122807,5194
T172:T170:T215:T179,T172:T170:T215:T179,0.00035088,2
34x51,5x67,0.02789474,159
1x51,1x54,0.48736842,2778
1x51,1x55,0.99508772,5672
1x51,1x52,0.00245614,14
3x31,3x34,0.25385965,1447
R171:R169:R214:R178,R171:R169:R214:R178,0.00473684,27
4x63,4x64,0.03912281,223
4x63,4x66,0.48491228,2764
4x63,4x67,0.90122807,5137
4x63,4x68,0.00280702,16
3x52,3x55,0.41263158,2352
3x52,3x53,0.01000000,57
3x52,3x51,0.00035088,2
3x49,3x53,0.99421053,5667
3x49,3x52,0.15964912,910
1x40,1x37,0.22473684,1281
1x40,1x39,0.00859649,49
6x44,6x48,0.95631579,5451
5x59,5x62,0.26298246,1499
6x47,6x48,0.00754386,43
6x47,6x49,0.00192982,11
7x36,7x40,0.97614035,5564
8x52,8x53,0.06929825,395
4x57,4x55,0.00052632,3
5x61,5x65,0.52842105,3012
3x43,3x39,0.98421053,5610
5x61,5x62,0.00350877,20
5x61,5x63,0.00157895,9
3x25,3x28,0.36087719,2057
3x25,3x29,0.99368421,5664
6x58,6x60,0.00105263,6
6x58,6x61,0.15859649,904
4x54,4x57,0.48403509,2759
Q177:E175:E220:Q184,G176:G174:G219:N183,0.09596491,547
4x54,4x55,0.00298246,17
4x54,4x53,0.00298246,17
4x54,4x51,0.42421053,2418
4x54,4x50,0.98526316,5616
1x43,1x39,0.99456140,5669
1x38,1x37,0.00157895,9
34x57,4x38,0.00070175,4
34x57,4x39,0.00122807,7
6x61,6x59,0.00719298,41
E170:V168:K213:K177,E170:V168:K213:K177,0.01456140,83
6x61,6x57,0.68421053,3900
7x37,7x40,0.34140351,1946
3x47,3x51,0.94175439,5368
4x60,4x63,0.05508772,314
6x41,6x38,0.16035088,914
4x60,4x65,0.00192982,11
4x60,4x64,0.37719298,2150
5x39,5x38,0.01175439,67
12x51,2x37,0.06035088,344
7x45,7x48,0.60105263,3426
7x45,7x49,0.96035088,5474
G21:Y18:T64:N25,1x32,0.49000000,2793
G21:Y18:T64:N25,1x30,0.02087719,119
T172:T170:T215:T179,V173:V171:V216:V180,0.06631579,378
7x45,7x41,0.58491228,3334
7x45,7x42,0.02087719,119
7x45,7x43,0.09087719,518
7x45,7x46,0.00701754,40
7x45,7x47,0.00157895,9
1x48,1x52,0.98754386,5629
1x54,1x53,0.00473684,27
1x54,1x55,0.00263158,15
1x54,1x57,0.32017544,1825
1x54,1x58,0.85947368,4899
8x50,8x49,0.01140351,65
3x22,3x23,0.00350877,20
2x65,2x62,0.16491228,940
2x65,2x61,0.94017544,5359
2x65,2x66,0.00912281,52
1x35,1x38,0.20491228,1168
L183:F181:L226:L190,S184:S182:S227:S191,0.12263158,699
4x42,4x38,0.66789474,3807
4x42,4x39,0.33666667,1919
4x52,4x48,0.99614035,5678
7x41,7x37,0.88263158,5031
2x59,2x60,0.00122807,7
2x59,2x63,0.94578947,5391
2x59,2x62,0.41491228,2365
4x61,4x62,0.00140351,8
3x48,3x51,0.37824561,2156
3x48,3x52,0.99754386,5686
3x44,3x48,0.99000000,5643
3x44,3x47,0.43964912,2506
3x44,3x45,0.00228070,13
7x39,7x38,0.00403509,23
3x44,3x40,0.99491228,5671
3x26,3x29,0.06719298,383
E170:V168:K213:K177,4x68,0.13280702,757
7x43,7x42,0.01052632,60
7x43,7x40,0.40175439,2290
2x44,2x45,0.00491228,28
3x26,3x23,0.17368421,990
3x26,3x25,0.00052632,3
6x40,6x36,0.83035088,4733
3x26,3x27,0.00280702,16
23x51,23x49,0.05175439,295
6x41,6x44,0.37052632,2112
3x24,3x28,0.99210526,5655
3x29,3x33,0.95859649,5464
3x24,3x25,0.00982456,56
3x24,3x23,0.00421053,24
2x50,2x46,0.93631579,5337
2x42,2x38,0.43052632,2454
3x29,3x34,0.00017544,1
G176:G174:G219:N183,23x50,0.93859649,5350
2x57,2x61,0.99684211,5682
2x57,2x60,0.18543860,1057
7x56,7x53,0.38350877,2186
5x52,5x48,0.99684211,5682
23x51,3x21,0.04508772,257
7x56,7x55,0.00807018,46
C394:C416:C520:C429,V395:I417:I521:I430,0.07105263,405
5x63,5x59,0.98298246,5603
6x52,6x55,0.23087719,1316
6x52,6x56,0.89245614,5087
6x52,6x51,0.00421053,24
6x52,6x53,0.00859649,49
3x42,3x45,0.31473684,1794
2x41,2x38,0.72473684,4131
4x48,4x45,0.19578947,1116
1x60,12x51,0.04561404,260
3x50,3x51,0.00385965,22
3x50,3x53,0.29771930,1697
3x42,3x46,0.97684211,5568
3x50,3x54,0.93912281,5353
3x42,3x41,0.00280702,16
1x48,1x51,0.38263158,2181
12x50,12x51,0.06385965,364
4x63,4x59,0.44473684,2535
2x39,12x51,0.03456140,197
3x55,3x51,0.93456140,5327
1x32,1x33,0.00333333,19
3x27,3x28,0.00087719,5
4x40,4x38,0.00105263,6
4x40,4x39,0.02964912,169
