Res1,Res2,Freq,NumFrames,,TotalFrames:,4300
L183:F181:L226:L190,F182:F180:F225:F189,1.00000000,4300
2x53,2x56,0.97720930,4202
2x53,2x57,0.99860465,4294
2x53,2x55,0.98093023,4218
2x53,2x53,1.00000000,4300
2x53,2x51,0.99953488,4298
5x61,5x59,0.99976744,4299
5x61,5x58,0.99697674,4287
2x53,3x39,0.05372093,231
2x53,3x36,0.07302326,314
5x61,5x57,1.00000000,4300
5x44,5x45,1.00000000,4300
5x44,5x44,1.00000000,4300
2x39,2x38,1.00000000,4300
2x39,2x39,1.00000000,4300
2x39,2x37,1.00000000,4300
Q181:Q179:Q224:Q188,S184:S182:S227:S191,0.82069767,3529
12x49,12x48,1.00000000,4300
12x49,12x49,1.00000000,4300
2x66,1x32,0.00511628,22
45x51,6x55,0.00279070,12
L183:F181:L226:L190,45x51,0.01674419,72
3x25,45x52,0.09372093,403
4x67,F182:F180:F225:F189,0.04348837,187
5x461,6x51,0.00023256,1
5x461,6x52,0.00046512,2
1x48,1x47,1.00000000,4300
1x52,1x53,1.00000000,4300
1x52,1x52,1.00000000,4300
1x52,1x56,0.99372093,4273
1x52,1x54,0.99348837,4272
3x38,2x49,0.02046512,88
4x61,L183:F181:L226:L190,0.02790698,120
3x25,L174:E172:P217:P181,0.03767442,162
2x56,2x55,0.00604651,26
2x56,2x56,1.00000000,4300
2x58,2x551,0.96511628,4150
1x45,7x47,0.14790698,636
3x36,3x34,0.99767442,4290
2x65,1x39,0.02883721,124
3x32,3x28,1.00000000,4300
3x32,3x29,0.54790698,2356
2x65,1x32,0.37697674,1621
A175:D173:P218:D182,23x49,0.18209302,783
45x51,7x38,0.03674419,158
2x42,2x45,0.94813953,4077
2x42,2x42,1.00000000,4300
2x42,2x41,1.00000000,4300
3x49,3x45,0.99860465,4294
3x49,3x46,0.84465116,3632
3x49,3x47,0.99279070,4269
3x49,3x48,1.00000000,4300
3x49,3x49,1.00000000,4300
7x49,2x46,0.03674419,158
7x49,3x43,0.02116279,91
F182:F180:F225:F189,4x57,0.22720930,977
1x37,1x34,0.64767442,2785
6x58,6x59,1.00000000,4300
6x58,6x58,1.00000000,4300
34x56,4x38,0.97023256,4172
3x31,4x54,0.00930233,40
6x58,6x57,1.00000000,4300
6x58,6x55,0.85558140,3679
3x41,4x45,0.00813953,35
G176:G174:G219:N183,45x51,0.00186047,8
2x48,2x44,0.99930233,4297
4x42,2x41,0.05674419,244
4x42,2x42,0.83069767,3572
34x56,34x52,0.97534884,4194
L183:F181:L226:L190,7x34,0.01511628,65
23x51,3x21,0.64976744,2794
3x44,5x49,0.00302326,13
D393:P415:S519:S428,V395:I417:I521:I430,0.84720930,3643
3x47,3x47,1.00000000,4300
5x55,5x53,0.99930233,4297
5x53,5x53,1.00000000,4300
2x48,1x54,0.44465116,1912
L183:F181:L226:L190,V395:I417:I521:I430,0.00046512,2
1x50,1x54,0.85488372,3676
1x50,1x51,1.00000000,4300
1x50,1x50,1.00000000,4300
1x50,1x53,0.88418605,3802
1x50,1x52,0.99930233,4297
1x43,1x46,0.95465116,4105
5x40,6x48,0.00023256,1
45x52,L183:F181:L226:L190,0.44837209,1928
3x41,3x40,1.00000000,4300
6x40,6x41,1.00000000,4300
6x40,6x40,1.00000000,4300
R171:R169:R214:R178,4x68,0.18651163,802
6x40,6x42,0.98558140,4238
6x40,6x44,0.72604651,3122
R171:R169:R214:R178,4x66,0.01441860,62
R171:R169:R214:R178,4x64,0.06000000,258
R171:R169:R214:R178,4x65,0.61302326,2636
5x47,5x51,0.99976744,4299
5x47,5x50,0.97116279,4176
5x40,45x51,0.00162791,7
2x39,3x46,0.37325581,1605
2x39,3x49,0.99883721,4295
23x52,3x28,0.10534884,453
2x56,3x28,0.90279070,3882
G89:G87:N132:G96,23x50,0.00651163,28
3x29,3x28,1.00000000,4300
3x29,3x29,1.00000000,4300
45x52,S184:S182:S227:S191,0.50069767,2153
45x50,T172:T170:T215:T179,0.01069767,46
3x43,3x45,0.99813953,4292
3x30,3x34,0.99697674,4287
1x52,8x54,0.90023256,3871
3x50,2x43,0.00441860,19
5x38,6x59,0.12046512,518
3x32,7x42,0.69930233,3007
6x46,6x49,0.32627907,1403
6x46,6x48,0.81813953,3518
1x46,1x47,1.00000000,4300
1x46,1x46,1.00000000,4300
1x46,1x48,0.99418605,4275
6x46,6x47,1.00000000,4300
6x46,6x46,1.00000000,4300
6x46,6x44,0.98162791,4221
45x50,23x50,0.45953488,1976
C435:C457:L560:C470,C435:C457:L560:C470,1.00000000,4300
4x67,4x68,1.00000000,4300
1x53,1x53,1.00000000,4300
4x67,4x64,0.94395349,4059
4x67,4x66,1.00000000,4300
4x67,4x67,1.00000000,4300
4x67,4x63,0.96046512,4130
12x50,12x48,0.99511628,4279
1x31,1x35,0.97139535,4177
7x34,7x34,1.00000000,4300
7x34,7x38,0.97790698,4205
Q177:E175:E220:Q184,Q177:E175:E220:Q184,1.00000000,4300
5x36,5x40,0.98906977,4253
6x38,6x38,1.00000000,4300
3x21,L174:E172:P217:P181,0.01000000,43
1x60,12x48,1.00000000,4300
1x60,12x49,0.99767442,4290
3x49,34x53,1.00000000,4300
5x41,6x55,0.26441860,1137
5x41,6x59,0.44558140,1916
5x65,5x62,0.69534884,2990
8x56,1x59,0.06302326,271
5x65,5x65,1.00000000,4300
A175:D173:P218:D182,2x63,0.01860465,80
1x33,1x29,0.91000000,3913
5x45,5x50,0.12465116,536
4x42,4x43,1.00000000,4300
4x42,4x42,1.00000000,4300
4x42,4x41,1.00000000,4300
4x42,4x40,0.99930233,4297
4x42,4x46,0.99162791,4264
4x42,4x45,0.93930233,4039
4x42,4x44,0.99953488,4298
7x51,7x47,0.50930233,2190
45x50,V173:V171:V216:V180,0.07186047,309
34x55,34x56,1.00000000,4300
34x55,34x57,0.99906977,4296
34x55,34x54,1.00000000,4300
34x55,34x55,1.00000000,4300
34x55,34x52,0.00860465,37
34x55,34x53,0.99930233,4297
34x55,34x51,0.49697674,2137
5x37,5x37,1.00000000,4300
3x25,45x51,0.13209302,568
1x52,1x48,0.99906977,4296
5x66,5x62,0.43651163,1877
5x66,5x65,1.00000000,4300
1x50,7x50,0.66697674,2868
45x50,2x63,0.41465116,1783
L174:E172:P217:P181,23x50,0.03186047,137
L174:E172:P217:P181,23x52,0.01418605,61
3x42,4x50,0.46162791,1985
A175:D173:P218:D182,23x52,0.00046512,2
A175:D173:P218:D182,23x50,0.19860465,854
5x61,3x54,0.20372093,876
23x52,3x22,0.00023256,1
5x61,3x51,0.67767442,2914
4x46,2x45,0.76511628,3290
4x46,2x41,0.76953488,3309
7x31,45x51,0.00418605,18
4x46,2x42,0.82186047,3534
G176:G174:G219:N183,T172:T170:T215:T179,0.06302326,271
1x45,7x51,0.00906977,39
2x62,2x63,1.00000000,4300
2x62,2x62,1.00000000,4300
2x62,2x60,0.99930233,4297
F182:F180:F225:F189,5x40,0.01674419,72
8x50,7x53,0.13000000,559
F182:F180:F225:F189,5x43,0.02116279,91
1x46,7x47,0.98627907,4241
7x49,3x39,0.01000000,43
5x58,5x58,1.00000000,4300
4x39,2x38,0.80325581,3454
1x31,1x29,0.97325581,4185
6x43,6x41,0.99883721,4295
6x43,6x42,1.00000000,4300
6x43,6x43,1.00000000,4300
6x43,6x44,1.00000000,4300
6x43,6x45,0.97069767,4174
6x43,6x46,0.30813953,1325
6x43,6x47,0.99906977,4296
45x50,3x21,0.00325581,14
45x50,3x22,0.04372093,188
45x50,3x25,1.00000000,4300
4x69,3x22,0.00023256,1
1x42,2x57,0.35906977,1544
6x54,7x34,0.73790698,3173
7x53,1x53,0.10976744,472
6x54,7x30,0.14255814,613
2x59,23x52,0.43069767,1852
4x64,4x64,1.00000000,4300
2x59,23x50,0.28465116,1224
4x64,4x66,0.99976744,4299
5x54,7x53,0.04720930,203
L183:F181:L226:L190,3x33,0.51209302,2202
6x54,7x38,0.00023256,1
1x44,1x47,0.67837209,2917
1x44,1x46,1.00000000,4300
7x41,7x46,0.00255814,11
8x50,1x57,0.01906977,82
1x44,1x43,1.00000000,4300
7x41,7x41,1.00000000,4300
7x41,7x42,1.00000000,4300
7x41,7x43,0.99837209,4293
1x44,1x48,1.00000000,4300
1x50,1x48,0.99581395,4282
1x50,1x49,1.00000000,4300
1x50,1x46,1.00000000,4300
1x50,1x47,0.47837209,2057
C394:C416:C520:C429,6x60,0.00023256,1
3x26,45x52,0.00697674,30
3x26,45x50,0.04604651,198
7x49,2x50,0.98558140,4238
1x57,2x41,0.69953488,3008
45x51,45x51,1.00000000,4300
6x56,5x37,0.00581395,25
34x54,3x53,1.00000000,4300
6x44,7x53,0.05116279,220
3x42,2x46,0.77046512,3313
3x42,2x45,0.99930233,4297
3x42,2x42,0.00186047,8
3x43,3x39,0.99976744,4299
L174:E172:P217:P181,V173:V171:V216:V180,1.00000000,4300
3x32,2x53,0.35976744,1547
3x32,2x56,0.88186047,3792
5x47,5x48,1.00000000,4300
6x41,6x42,1.00000000,4300
5x47,5x43,0.03093023,133
6x41,6x41,1.00000000,4300
4x54,3x34,0.44883721,1930
5x47,5x47,1.00000000,4300
6x41,6x44,0.70883721,3048
8x51,8x48,1.00000000,4300
45x50,G176:G174:G219:N183,0.06511628,280
G89:G87:N132:G96,23x49,1.00000000,4300
R171:R169:R214:R178,V173:V171:V216:V180,0.48465116,2084
L174:E172:P217:P181,3x22,0.03139535,135
1x29,1x29,1.00000000,4300
4x66,4x68,0.90139535,3876
3x39,7x46,0.00046512,2
8x57,1x59,0.18790698,808
4x66,4x66,1.00000000,4300
45x50,45x51,1.00000000,4300
45x50,45x50,1.00000000,4300
7x34,2x60,0.00674419,29
6x46,6x50,0.75720930,3256
2x59,2x551,0.99651163,4285
2x64,1x39,0.12813953,551
6x52,5x48,0.87534884,3764
2x64,2x61,0.81255814,3494
5x37,S184:S182:S227:S191,0.17232558,741
2x64,2x63,1.00000000,4300
2x64,2x62,0.99651163,4285
2x64,2x65,1.00000000,4300
2x64,2x64,1.00000000,4300
2x64,2x66,0.95488372,4106
Q181:Q179:Q224:Q188,L183:F181:L226:L190,0.87697674,3771
4x65,F182:F180:F225:F189,0.00767442,33
45x51,V173:V171:V216:V180,0.19162791,824
12x49,2x37,0.00255814,11
5x41,6x60,0.07000000,301
1x60,12x51,0.69558140,2991
1x60,12x50,0.95302326,4098
3x39,6x48,0.00023256,1
5x45,5x48,0.85348837,3670
4x46,3x45,0.30162791,1297
5x45,5x41,0.99372093,4273
7x40,7x38,0.99953488,4298
7x40,7x39,1.00000000,4300
5x45,5x45,1.00000000,4300
5x45,5x47,0.04511628,194
1x33,1x30,0.81604651,3509
1x33,1x31,0.99697674,4287
1x33,1x32,1.00000000,4300
1x33,1x33,1.00000000,4300
1x33,1x34,1.00000000,4300
1x33,1x35,0.99674419,4286
1x33,1x36,0.88162791,3791
1x33,1x37,0.99883721,4295
2x53,2x551,0.23279070,1001
3x21,V173:V171:V216:V180,0.02581395,111
23x49,L174:E172:P217:P181,0.04720930,203
3x38,3x34,0.99976744,4299
7x51,7x53,0.87837209,3777
7x51,7x50,1.00000000,4300
7x51,7x51,1.00000000,4300
3x38,3x37,1.00000000,4300
4x65,E170:V168:K213:K177,0.10209302,439
3x50,5x61,0.39744186,1709
2x40,2x41,1.00000000,4300
2x40,2x40,1.00000000,4300
2x40,2x43,0.95511628,4107
2x40,2x42,0.99930233,4297
2x40,2x44,0.98767442,4247
2x50,1x46,0.32186047,1384
8x50,8x53,0.88209302,3793
8x50,8x50,1.00000000,4300
8x50,8x54,1.00000000,4300
6x42,6x46,0.99813953,4292
6x42,6x44,0.99488372,4278
6x42,6x42,1.00000000,4300
1x50,7x46,0.82837209,3562
2x40,12x50,0.99976744,4299
2x40,12x51,0.02558140,110
5x42,5x38,0.99488372,4278
2x51,2x55,1.00000000,4300
5x46,3x40,0.02604651,112
Q181:Q179:Q224:Q188,45x52,1.00000000,4300
Q181:Q179:Q224:Q188,45x51,0.68697674,2954
8x47,7x53,0.28465116,1224
8x49,8x51,1.00000000,4300
8x49,8x50,1.00000000,4300
8x49,8x53,0.99953488,4298
8x49,8x52,0.56232558,2418
G176:G174:G219:N183,23x49,0.50813953,2185
L183:F181:L226:L190,4x57,0.23581395,1014
3x36,3x36,1.00000000,4300
7x53,7x53,1.00000000,4300
3x36,3x33,0.70046512,3012
3x24,23x50,0.33302326,1432
3x24,23x52,0.79093023,3401
3x36,3x39,0.91232558,3923
G176:G174:G219:N183,2x63,0.19232558,827
1x39,7x39,0.69906977,3006
7x39,2x60,0.63046512,2711
F182:F180:F225:F189,F182:F180:F225:F189,1.00000000,4300
2x57,7x39,0.33139535,1425
23x50,23x50,1.00000000,4300
1x31,1x32,1.00000000,4300
1x31,1x30,1.00000000,4300
1x31,1x31,1.00000000,4300
6x55,6x55,1.00000000,4300
1x31,1x34,0.79627907,3424
6x55,6x57,0.99813953,4292
3x42,4x46,0.06023256,259
2x52,2x551,0.99767442,4290
6x43,7x48,0.60069767,2583
C394:C416:C520:C429,6x57,0.70790698,3044
C394:C416:C520:C429,6x54,0.00116279,5
C394:C416:C520:C429,6x58,0.07883721,339
E170:V168:K213:K177,T172:T170:T215:T179,0.12325581,530
3x27,4x66,0.00418605,18
4x62,4x59,0.70023256,3011
4x49,4x50,1.00000000,4300
4x50,3x34,0.01116279,48
4x46,4x46,1.00000000,4300
4x46,4x45,1.00000000,4300
4x46,4x44,0.99697674,4287
6x39,6x41,0.99558140,4281
2x47,2x51,1.00000000,4300
2x47,2x50,0.84325581,3626
4x46,4x48,0.99930233,4297
6x50,6x50,1.00000000,4300
6x61,C394:C416:C520:C429,1.00000000,4300
5x461,5x461,1.00000000,4300
1x40,2x61,0.22790698,980
2x43,1x53,0.10790698,464
2x43,1x57,0.00023256,1
4x61,45x52,0.21093023,907
3x28,7x38,0.04860465,209
2x50,7x46,0.99465116,4277
6x44,6x49,0.16186047,696
6x44,6x48,0.88790698,3818
6x44,6x44,1.00000000,4300
6x44,6x47,0.74581395,3207
3x55,3x54,1.00000000,4300
3x55,3x55,1.00000000,4300
4x63,4x64,1.00000000,4300
4x63,4x66,0.93558140,4023
3x55,3x51,0.99930233,4297
5x43,4x57,0.08697674,374
5x461,3x41,0.00093023,4
K392:A414:D518:Q427,5x37,0.05209302,224
L183:F181:L226:L190,7x38,0.00720930,31
Q181:Q179:Q224:Q188,Q181:Q179:Q224:Q188,1.00000000,4300
8x52,8x54,0.99906977,4296
8x52,8x56,0.98860465,4251
8x52,8x50,1.00000000,4300
8x52,8x53,1.00000000,4300
8x52,8x52,1.00000000,4300
5x61,5x65,0.99534884,4280
5x61,5x61,1.00000000,4300
5x61,5x62,1.00000000,4300
4x54,4x59,0.64813953,2787
4x54,4x57,0.57209302,2460
4x54,4x55,1.00000000,4300
4x54,4x54,1.00000000,4300
4x54,4x53,1.00000000,4300
4x54,4x52,1.00000000,4300
4x54,4x50,0.98930233,4254
7x30,6x57,0.00162791,7
7x30,6x58,0.00558140,24
3x28,3x28,1.00000000,4300
3x28,2x60,0.34837209,1498
4x60,4x60,1.00000000,4300
4x60,4x63,0.54511628,2344
3x28,2x63,0.05511628,237
3x52,34x53,1.00000000,4300
4x60,4x67,0.03139535,135
3x50,5x58,0.89186047,3835
7x34,45x51,0.13790698,593
2x56,2x60,0.99325581,4271
L183:F181:L226:L190,S184:S182:S227:S191,1.00000000,4300
5x50,6x48,0.00046512,2
2x59,2x61,0.99767442,4290
2x59,2x60,1.00000000,4300
2x59,2x63,0.98720930,4245
2x59,2x62,0.89348837,3842
3x44,3x48,1.00000000,4300
3x44,3x47,0.96744186,4160
1x42,7x43,0.20930233,900
3x44,3x45,1.00000000,4300
3x44,3x44,1.00000000,4300
S184:S182:S227:S191,4x64,0.00069767,3
3x44,3x40,0.99976744,4299
6x53,6x54,1.00000000,4300
5x48,6x55,0.00232558,10
8x49,8x47,1.00000000,4300
6x40,6x37,0.89395349,3844
23x51,23x49,0.32395349,1393
4x61,4x64,0.90558140,3894
8x49,8x48,1.00000000,4300
8x49,8x49,1.00000000,4300
G176:G174:G219:N183,23x50,0.83697674,3599
6x53,6x50,0.77860465,3348
5x60,5x59,1.00000000,4300
C394:C416:C520:C429,V395:I417:I521:I430,1.00000000,4300
3x44,5x57,0.00465116,20
3x44,5x54,0.28720930,1235
3x44,5x53,0.37604651,1617
3x44,5x50,0.14116279,607
F182:F180:F225:F189,4x68,0.00046512,2
L183:F181:L226:L190,K392:A414:D518:Q427,0.00162791,7
3x50,3x51,1.00000000,4300
3x50,3x50,1.00000000,4300
3x50,3x53,0.93697674,4029
4x63,4x63,1.00000000,4300
3x50,3x54,0.99837209,4293
2x59,3x28,0.86465116,3718
5x36,K392:A414:D518:Q427,0.01232558,53
2x43,7x53,0.64418605,2770
1x32,1x32,1.00000000,4300
7x36,7x39,0.89093023,3831
7x36,7x38,0.99790698,4291
7x36,7x36,1.00000000,4300
7x36,7x34,0.99744186,4289
7x36,7x32,0.88860465,3821
Q177:E175:E220:Q184,3x22,0.00418605,18
Q177:E175:E220:Q184,3x28,0.05348837,230
Q177:E175:E220:Q184,3x29,0.00116279,5
6x57,V395:I417:I521:I430,0.46767442,2011
R171:R169:R214:R178,G176:G174:G219:N183,0.00627907,27
5x66,3x54,0.00418605,18
5x66,3x53,0.00023256,1
1x38,7x39,0.02976744,128
5x55,6x41,0.53883721,2317
5x55,6x44,0.00232558,10
5x55,6x45,0.02953488,127
6x59,6x59,1.00000000,4300
4x46,4x50,0.99581395,4282
4x62,4x66,0.72488372,3117
4x62,4x64,0.99511628,4279
4x62,4x63,1.00000000,4300
4x62,4x62,1.00000000,4300
5x52,5x53,1.00000000,4300
5x52,5x52,1.00000000,4300
5x52,5x51,1.00000000,4300
2x47,2x48,1.00000000,4300
5x52,5x56,0.98953488,4255
2x47,2x44,0.90069767,3873
2x47,2x45,0.99906977,4296
2x47,2x46,1.00000000,4300
7x31,7x35,0.66186047,2846
6x40,7x55,0.00023256,1
Q177:E175:E220:Q184,L174:E172:P217:P181,0.49023256,2108
7x31,7x30,1.00000000,4300
7x31,7x31,1.00000000,4300
1x45,1x41,0.99883721,4295
1x45,1x42,0.78511628,3376
1x45,1x43,1.00000000,4300
1x45,1x44,1.00000000,4300
1x45,1x45,1.00000000,4300
1x45,1x46,1.00000000,4300
1x45,1x47,0.99767442,4290
1x45,1x48,0.77372093,3327
1x45,1x49,0.99906977,4296
Q181:Q179:Q224:Q188,5x36,0.55930233,2405
Q181:Q179:Q224:Q188,V173:V171:V216:V180,0.20255814,871
8x48,8x48,1.00000000,4300
G89:G87:N132:G96,2x66,1.00000000,4300
G89:G87:N132:G96,2x65,0.93744186,4031
G89:G87:N132:G96,2x64,0.38604651,1660
G89:G87:N132:G96,2x63,0.98744186,4246
1x34,1x38,0.99813953,4292
1x37,2x65,0.02488372,107
1x34,1x34,1.00000000,4300
7x36,6x54,0.00023256,1
1x34,1x30,0.98976744,4256
7x36,6x50,0.00046512,2
1x34,1x32,0.99906977,4296
5x59,5x62,0.93697674,4029
2x61,7x39,0.41255814,1774
7x54,8x47,0.96581395,4153
3x56,3x55,1.00000000,4300
4x56,4x59,0.11186047,481
A175:D173:P218:D182,Q177:E175:E220:Q184,0.57139535,2457
L183:F181:L226:L190,L183:F181:L226:L190,1.00000000,4300
4x56,4x53,0.21232558,913
4x56,4x52,0.98930233,4254
4x56,4x55,1.00000000,4300
4x56,4x54,0.99883721,4295
4x56,4x57,1.00000000,4300
4x56,4x56,1.00000000,4300
5x44,5x41,0.87046512,3743
3x36,7x38,0.00116279,5
7x39,7x43,0.85116279,3660
7x39,7x42,0.97953488,4212
3x28,7x42,0.19395349,834
1x47,1x47,1.00000000,4300
4x38,2x38,0.01465116,63
3x22,4x66,0.00023256,1
R171:R169:R214:R178,Q181:Q179:Q224:Q188,0.21348837,918
7x54,7x55,1.00000000,4300
7x54,7x54,1.00000000,4300
7x54,7x56,1.00000000,4300
7x54,7x51,0.30186047,1298
7x54,7x50,0.96465116,4148
7x54,7x53,1.00000000,4300
7x54,7x52,0.87627907,3768
4x43,4x44,1.00000000,4300
4x43,4x45,0.99953488,4298
4x43,4x46,0.70046512,3012
4x43,4x47,0.99162791,4264
4x43,4x40,0.79604651,3423
4x43,4x41,0.99790698,4291
4x43,4x43,1.00000000,4300
7x45,2x50,0.00023256,1
6x43,6x40,0.47720930,2052
2x37,2x38,1.00000000,4300
8x52,8x48,0.99976744,4299
2x37,2x37,1.00000000,4300
G89:G87:N132:G96,L174:E172:P217:P181,0.00023256,1
5x41,5x37,0.98558140,4238
3x38,3x40,0.99976744,4299
3x38,3x41,0.83255814,3580
3x38,3x42,1.00000000,4300
L174:E172:P217:P181,T172:T170:T215:T179,0.30953488,1331
6x53,5x47,0.00186047,8
6x53,5x48,0.31186047,1341
R171:R169:R214:R178,L174:E172:P217:P181,0.02488372,107
5x57,5x53,1.00000000,4300
5x57,5x54,0.87976744,3783
5x57,5x56,1.00000000,4300
5x57,5x57,1.00000000,4300
5x57,5x58,1.00000000,4300
5x57,5x59,0.99976744,4299
45x50,Q181:Q179:Q224:Q188,0.00046512,2
7x52,6x40,0.38953488,1675
3x41,5x50,0.00186047,8
A175:D173:P218:D182,G89:G87:N132:G96,0.00255814,11
34x52,34x53,1.00000000,4300
34x52,34x52,1.00000000,4300
1x60,8x53,0.60976744,2622
1x39,2x60,0.04465116,192
1x39,2x61,0.85023256,3656
1x39,2x62,0.00023256,1
34x55,4x38,0.19418605,835
4x43,2x41,0.23627907,1016
8x47,8x48,1.00000000,4300
45x52,V173:V171:V216:V180,0.00139535,6
3x25,G176:G174:G219:N183,0.00930233,40
3x21,23x50,0.75139535,3231
3x21,23x52,1.00000000,4300
8x47,8x47,1.00000000,4300
23x51,23x52,1.00000000,4300
23x51,23x50,1.00000000,4300
23x51,23x51,1.00000000,4300
3x23,3x22,1.00000000,4300
K392:A414:D518:Q427,T172:T170:T215:T179,0.00604651,26
2x66,2x66,1.00000000,4300
2x66,2x63,0.35883721,1543
2x66,2x62,0.99372093,4273
1x40,1x43,0.90348837,3885
1x40,1x42,0.99976744,4299
1x40,1x41,1.00000000,4300
1x40,1x40,1.00000000,4300
1x40,1x44,0.99953488,4298
4x65,4x66,1.00000000,4300
4x65,4x67,0.98069767,4217
4x65,4x64,1.00000000,4300
23x51,2x62,0.01325581,57
4x65,4x62,0.53488372,2300
4x65,4x63,0.99860465,4294
4x65,4x61,0.73813953,3174
4x65,4x68,0.47511628,2043
4x65,4x69,0.73674419,3168
6x38,6x36,1.00000000,4300
6x39,6x35,0.84627907,3639
6x39,6x36,0.94558140,4066
6x39,6x37,1.00000000,4300
3x50,3x46,1.00000000,4300
3x50,3x47,0.76069767,3271
5x58,5x62,1.00000000,4300
2x52,3x31,0.34418605,1480
45x52,6x51,0.01976744,85
3x50,3x48,0.99976744,4299
3x50,3x49,1.00000000,4300
6x39,6x38,1.00000000,4300
6x39,6x39,1.00000000,4300
8x47,8x50,0.73139535,3145
3x43,5x54,0.67534884,2904
3x43,5x50,0.02441860,105
34x54,5x66,0.02744186,118
2x46,7x53,0.71697674,3083
1x35,7x36,0.00046512,2
1x41,1x39,0.99744186,4289
1x41,1x38,0.79674419,3426
2x551,2x55,1.00000000,4300
2x551,2x56,1.00000000,4300
4x60,4x61,1.00000000,4300
7x33,6x50,0.00837209,36
7x33,6x54,0.82930233,3566
4x60,4x62,0.98930233,4254
4x60,4x64,0.97720930,4202
7x48,7x48,1.00000000,4300
7x48,7x43,0.95023256,4086
5x40,5x40,1.00000000,4300
7x48,7x47,1.00000000,4300
7x48,7x46,0.99395349,4274
5x52,5x48,1.00000000,4300
8x53,8x53,1.00000000,4300
3x43,6x48,0.03813953,164
8x48,8x50,1.00000000,4300
3x43,6x44,0.48604651,2090
4x60,F182:F180:F225:F189,0.33000000,1419
R171:R169:R214:R178,T172:T170:T215:T179,1.00000000,4300
1x60,1x56,0.93860465,4036
1x60,1x57,0.35511628,1527
7x54,8x50,0.72813953,3131
7x54,8x51,0.33023256,1420
7x54,8x54,0.23279070,1001
1x60,1x58,0.84558140,3636
1x60,1x59,1.00000000,4300
2x48,2x48,1.00000000,4300
7x31,7x34,0.65697674,2825
Q181:Q179:Q224:Q188,T172:T170:T215:T179,0.22744186,978
34x56,34x56,1.00000000,4300
2x48,2x45,0.84046512,3614
23x52,23x50,0.95534884,4108
34x56,34x53,0.93372093,4015
23x52,23x52,1.00000000,4300
7x37,7x38,1.00000000,4300
7x37,7x39,1.00000000,4300
2x54,2x551,0.98441860,4233
7x37,7x33,0.98930233,4254
7x37,7x34,0.81093023,3487
3x41,3x41,1.00000000,4300
7x37,7x36,1.00000000,4300
7x37,7x37,1.00000000,4300
7x37,6x54,0.21813953,938
7x37,6x51,0.56209302,2417
7x37,6x50,0.02720930,117
3x43,3x47,0.99488372,4278
3x43,3x44,1.00000000,4300
1x39,1x39,1.00000000,4300
3x43,3x43,1.00000000,4300
3x43,3x40,0.91372093,3929
3x43,3x41,0.99906977,4296
2x46,2x42,0.98162791,4221
2x46,2x46,1.00000000,4300
2x46,2x45,1.00000000,4300
S184:S182:S227:S191,5x40,0.52604651,2262
7x54,7x49,0.00023256,1
5x46,4x57,0.00348837,15
5x46,4x56,0.00674419,29
1x37,1x41,0.99953488,4298
4x56,3x41,0.02093023,90
6x45,6x50,0.14302326,615
7x35,45x51,0.00883721,38
7x47,7x47,1.00000000,4300
K392:A414:D518:Q427,45x51,0.00348837,15
7x31,V395:I417:I521:I430,0.45744186,1967
8x51,8x47,0.96511628,4150
5x37,7x34,0.00069767,3
2x64,1x32,0.30465116,1310
5x64,5x59,0.00674419,29
3x38,3x39,1.00000000,4300
3x38,3x38,1.00000000,4300
5x66,6x32,0.02534884,109
5x66,6x31,0.15837209,681
3x38,3x36,0.99906977,4296
4x68,4x68,1.00000000,4300
3x35,3x38,0.77720930,3342
3x35,3x39,0.99860465,4294
3x46,5x58,0.00023256,1
3x35,3x32,0.52651163,2264
3x35,3x33,0.99697674,4287
3x35,3x31,0.99953488,4298
3x35,3x36,1.00000000,4300
3x35,3x37,0.99883721,4295
3x35,3x34,1.00000000,4300
3x35,3x35,1.00000000,4300
45x50,4x65,0.01069767,46
7x31,K392:A414:D518:Q427,0.01279070,55
23x50,V173:V171:V216:V180,0.01697674,73
3x33,45x51,0.02581395,111
R171:R169:R214:R178,3x29,0.00209302,9
R171:R169:R214:R178,3x26,0.98627907,4241
R171:R169:R214:R178,3x25,0.08488372,365
R171:R169:R214:R178,3x23,0.00720930,31
R171:R169:R214:R178,3x22,0.74581395,3207
6x51,7x38,0.70209302,3019
8x58,1x48,0.02116279,91
6x42,6x38,0.99953488,4298
L183:F181:L226:L190,5x40,0.74046512,3184
L183:F181:L226:L190,5x43,0.21720930,934
7x54,1x53,0.08488372,365
2x46,3x39,0.38883721,1672
2x56,7x42,0.71604651,3079
34x57,34x53,1.00000000,4300
34x57,34x56,1.00000000,4300
34x57,34x57,1.00000000,4300
G176:G174:G219:N183,3x21,0.00534884,23
G176:G174:G219:N183,3x22,0.01837209,79
6x44,3x40,0.09279070,399
3x45,4x48,0.00023256,1
3x45,4x45,0.60976744,2622
3x36,3x40,0.95837209,4121
6x54,6x57,0.75581395,3250
6x54,6x55,1.00000000,4300
6x54,6x54,1.00000000,4300
6x54,6x51,0.97255814,4182
6x54,6x50,0.99511628,4279
23x51,2x59,0.02837209,122
6x54,6x58,0.99906977,4296
7x35,G176:G174:G219:N183,0.00069767,3
2x57,7x46,0.02744186,118
2x57,7x47,0.13372093,575
2x57,7x42,0.79930233,3437
2x57,7x43,0.11418605,491
8x56,8x53,0.90604651,3896
8x56,8x54,0.99930233,4297
8x56,8x57,1.00000000,4300
8x56,8x56,1.00000000,4300
8x56,8x59,0.72116279,3101
8x56,8x58,0.98813953,4249
3x31,3x28,0.92813953,3991
3x42,3x46,0.99976744,4299
F182:F180:F225:F189,45x51,0.00093023,4
45x51,6x51,0.05139535,221
7x48,7x50,0.98348837,4229
7x48,7x51,0.99418605,4275
7x51,8x54,0.00395349,17
7x48,7x53,0.00023256,1
6x57,6x57,1.00000000,4300
45x51,2x63,0.02534884,109
3x35,4x50,0.02418605,104
1x55,1x52,0.60348837,2595
1x55,1x53,0.99697674,4287
1x55,1x51,0.99348837,4272
1x55,1x56,1.00000000,4300
1x55,1x57,1.00000000,4300
1x55,1x54,1.00000000,4300
1x55,1x55,1.00000000,4300
7x34,6x55,0.40953488,1761
1x55,1x58,0.98348837,4229
1x55,1x59,0.99418605,4275
7x34,6x51,0.72744186,3128
3x37,3x40,0.90023256,3871
5x36,6x59,0.00302326,13
3x44,3x41,0.75976744,3267
4x52,4x55,0.70511628,3032
S184:S182:S227:S191,7x34,0.04813953,207
4x52,4x52,1.00000000,4300
2x48,2x52,0.98837209,4250
A175:D173:P218:D182,G176:G174:G219:N183,1.00000000,4300
3x29,F182:F180:F225:F189,0.02627907,113
7x43,7x43,1.00000000,4300
R171:R169:R214:R178,45x51,0.01627907,70
R171:R169:R214:R178,45x50,0.10813953,465
R171:R169:R214:R178,45x52,0.00488372,21
6x48,3x33,0.00046512,2
L174:E172:P217:P181,L174:E172:P217:P181,1.00000000,4300
7x37,7x40,0.90930233,3910
2x45,2x45,1.00000000,4300
5x64,3x54,0.68534884,2947
5x64,3x55,0.26441860,1137
3x48,3x47,1.00000000,4300
5x64,3x51,0.00651163,28
1x57,12x48,0.00023256,1
3x32,2x551,0.00046512,2
3x48,3x48,1.00000000,4300
8x55,C435:C457:L560:C470,0.00604651,26
4x42,34x57,0.00186047,8
3x30,4x58,0.09325581,401
3x30,4x57,0.00232558,10
D393:P415:S519:S428,D393:P415:S519:S428,1.00000000,4300
6x31,5x62,0.08302326,357
5x36,5x39,0.93813953,4034
5x36,5x38,0.95976744,4127
6x31,5x65,0.00116279,5
2x48,4x50,0.11348837,488
5x36,5x36,1.00000000,4300
6x45,6x46,1.00000000,4300
6x45,6x47,0.99348837,4272
6x45,6x44,1.00000000,4300
6x45,6x45,1.00000000,4300
6x45,6x42,0.62232558,2676
5x43,5x43,1.00000000,4300
6x45,6x41,0.99813953,4292
1x60,1x60,1.00000000,4300
6x45,6x48,0.45511628,1957
6x45,6x49,0.95953488,4126
6x54,V395:I417:I521:I430,0.61162791,2630
Q177:E175:E220:Q184,7x35,0.07418605,319
1x38,1x38,1.00000000,4300
1x48,1x48,1.00000000,4300
Q177:E175:E220:Q184,7x31,0.00046512,2
8x51,8x54,0.84930233,3652
8x51,8x55,0.99674419,4286
8x51,8x50,1.00000000,4300
Q177:E175:E220:Q184,7x38,0.02976744,128
8x51,8x52,1.00000000,4300
8x51,8x53,0.99953488,4298
3x48,5x53,0.30674419,1319
5x64,5x65,1.00000000,4300
5x64,5x64,1.00000000,4300
5x64,5x62,0.99302326,4270
5x64,5x61,0.71325581,3067
3x37,4x57,0.97209302,4180
3x37,4x56,0.24651163,1060
3x37,4x53,0.87953488,3782
2x42,2x38,0.87604651,3767
2x63,2x63,1.00000000,4300
4x60,4x59,1.00000000,4300
23x49,2x66,0.96023256,4129
2x57,1x43,0.72604651,3122
2x57,1x46,0.59558140,2561
23x49,2x63,0.87232558,3751
E170:V168:K213:K177,3x22,0.01046512,45
4x60,4x56,0.33186047,1427
4x60,4x57,0.77953488,3352
3x31,2x56,0.04465116,192
6x37,6x36,1.00000000,4300
6x37,6x37,1.00000000,4300
7x45,3x43,0.02139535,92
6x37,6x38,1.00000000,4300
3x31,2x59,0.00069767,3
Q177:E175:E220:Q184,V173:V171:V216:V180,0.33209302,1428
7x49,7x53,0.99651163,4285
7x49,7x52,0.91627907,3940
7x49,7x51,1.00000000,4300
7x49,7x50,1.00000000,4300
2x49,4x50,0.64930233,2792
5x47,6x44,0.45837209,1971
3x36,7x42,0.00186047,8
K392:A414:D518:Q427,6x58,0.56813953,2443
K392:A414:D518:Q427,6x59,0.04465116,192
7x40,6x50,0.29279070,1259
8x58,1x52,0.20372093,876
5x46,5x461,1.00000000,4300
G89:G87:N132:G96,1x32,0.00023256,1
2x59,2x55,0.00209302,9
2x59,2x56,0.58046512,2496
2x59,2x57,0.99558140,4281
6x56,5x48,0.40581395,1745
2x59,2x59,1.00000000,4300
5x45,6x55,0.00023256,1
4x49,3x45,0.06604651,284
4x49,3x42,0.14372093,618
4x49,3x41,0.45511628,1957
6x49,6x51,0.99790698,4291
7x56,6x36,0.41232558,1773
5x38,5x39,1.00000000,4300
5x38,5x38,1.00000000,4300
5x38,5x37,1.00000000,4300
A175:D173:P218:D182,45x51,0.01441860,62
3x25,23x50,0.83255814,3580
3x25,23x52,0.09860465,424
6x52,6x52,1.00000000,4300
1x57,1x59,0.96302326,4141
4x39,2x41,0.10627907,457
1x57,1x53,0.80000000,3440
1x57,1x56,1.00000000,4300
1x57,1x57,1.00000000,4300
S184:S182:S227:S191,7x38,0.00209302,9
F182:F180:F225:F189,4x64,0.70069767,3013
3x31,3x34,0.81232558,3493
2x48,2x51,0.87000000,3741
3x31,3x33,0.99883721,4295
3x31,3x31,1.00000000,4300
6x37,5x58,0.88162791,3791
6x58,7x34,0.35162791,1512
1x59,1x59,1.00000000,4300
4x57,3x33,0.82651163,3554
4x57,3x34,0.35046512,1507
7x36,7x40,0.97069767,4174
4x57,4x52,0.00093023,4
4x57,4x57,1.00000000,4300
4x57,4x55,0.91883721,3951
Q181:Q179:Q224:Q188,K392:A414:D518:Q427,0.00302326,13
12x48,1x59,0.06906977,297
34x53,34x53,1.00000000,4300
1x56,1x56,1.00000000,4300
1x57,2x37,0.13883721,597
1x50,2x51,0.31767442,1366
3x50,3x52,0.99488372,4278
3x25,V173:V171:V216:V180,0.00116279,5
3x21,3x21,1.00000000,4300
3x21,3x22,1.00000000,4300
3x21,3x23,0.98023256,4215
6x45,5x51,0.41720930,1794
23x49,V173:V171:V216:V180,0.00162791,7
6x53,6x49,0.98441860,4233
6x41,6x38,0.41720930,1794
5x39,5x37,0.99697674,4287
5x39,5x39,1.00000000,4300
12x51,2x37,1.00000000,4300
3x45,3x41,1.00000000,4300
3x45,3x45,1.00000000,4300
3x45,3x47,1.00000000,4300
3x45,3x48,0.72744186,3128
1x56,8x53,0.88883721,3822
2x66,23x50,0.00046512,2
1x58,1x59,1.00000000,4300
1x54,1x53,1.00000000,4300
1x54,1x54,1.00000000,4300
1x54,1x57,0.67186047,2889
1x54,1x56,0.99813953,4292
1x54,1x58,0.70046512,3012
2x65,2x62,0.69604651,2993
2x65,2x63,0.99348837,4272
2x65,2x61,0.99465116,4277
2x65,2x66,1.00000000,4300
2x65,2x65,1.00000000,4300
1x58,1x58,1.00000000,4300
12x51,1x59,0.00046512,2
12x51,1x57,0.99000000,4257
4x48,4x48,1.00000000,4300
3x48,3x51,0.95232558,4095
3x48,3x52,0.99348837,4272
7x39,7x38,1.00000000,4300
7x39,7x39,1.00000000,4300
E170:V168:K213:K177,4x69,1.00000000,4300
E170:V168:K213:K177,4x68,0.24069767,1035
2x44,2x45,1.00000000,4300
2x44,2x44,1.00000000,4300
2x44,2x46,0.99976744,4299
2x44,2x41,0.96674419,4157
2x44,2x42,1.00000000,4300
3x30,4x62,0.17744186,763
3x30,4x61,0.58046512,2496
3x24,3x28,0.99697674,4287
3x24,3x27,0.55604651,2391
3x24,3x26,0.99720930,4288
3x24,3x25,1.00000000,4300
3x24,3x24,1.00000000,4300
3x24,3x23,1.00000000,4300
3x24,3x22,0.99720930,4288
3x24,3x21,0.75093023,3229
5x44,5x48,0.92790698,3990
6x33,6x37,1.00000000,4300
6x33,6x34,1.00000000,4300
6x33,6x35,0.99906977,4296
6x33,6x32,1.00000000,4300
6x33,6x33,1.00000000,4300
6x33,6x31,0.98883721,4252
2x56,7x38,0.00023256,1
5x461,3x36,0.00023256,1
34x54,34x54,1.00000000,4300
5x461,3x33,0.00093023,4
3x42,3x45,0.95720930,4116
7x40,7x43,0.97790698,4205
7x40,7x42,0.99976744,4299
7x40,7x40,1.00000000,4300
3x27,4x62,0.20767442,893
T172:T170:T215:T179,45x51,0.06906977,297
3x42,3x43,1.00000000,4300
3x42,3x42,1.00000000,4300
4x61,3x27,0.00093023,4
2x47,1x54,0.24093023,1036
2x47,1x53,0.59279070,2549
2x47,1x50,0.83069767,3572
2x39,2x41,1.00000000,4300
2x39,2x40,1.00000000,4300
2x39,2x43,0.73302326,3152
2x39,2x42,0.97162791,4178
2x57,1x39,0.06348837,273
1x50,2x50,0.97069767,4174
7x49,7x48,1.00000000,4300
7x49,7x49,1.00000000,4300
7x49,7x46,0.21209302,912
7x49,7x47,0.97279070,4183
5x55,5x58,0.37697674,1621
5x55,5x59,1.00000000,4300
5x55,5x52,0.45372093,1951
3x29,4x64,0.01837209,79
5x55,5x51,1.00000000,4300
5x55,5x56,1.00000000,4300
5x55,5x57,0.99558140,4281
5x55,5x54,1.00000000,4300
5x55,5x55,1.00000000,4300
7x40,6x48,0.00023256,1
7x40,6x47,0.89046512,3829
2x43,8x50,0.57906977,2490
3x30,3x31,1.00000000,4300
3x30,3x30,1.00000000,4300
3x30,3x33,0.46395349,1995
3x30,3x32,0.99209302,4266
3x33,7x38,0.08372093,360
3x49,2x42,0.93186047,4007
5x44,6x51,0.01930233,83
S184:S182:S227:S191,3x33,0.00418605,18
Q177:E175:E220:Q184,G89:G87:N132:G96,0.24162791,1039
3x42,3x39,0.73348837,3154
6x48,7x38,0.00302326,13
7x55,7x55,1.00000000,4300
7x55,7x53,0.36627907,1575
7x55,7x50,0.61883721,2661
7x55,7x51,0.88558140,3808
5x36,5x37,1.00000000,4300
6x49,6x48,1.00000000,4300
6x49,6x49,1.00000000,4300
3x50,6x40,0.57069767,2454
34x50,3x54,0.00883721,38
34x50,3x55,0.55604651,2391
1x49,8x54,0.27790698,1195
4x59,4x59,1.00000000,4300
4x59,4x55,0.79953488,3438
4x59,4x57,0.93511628,4021
2x64,7x39,0.27162791,1168
2x64,7x32,0.01488372,64
5x44,6x55,0.20418605,878
C435:C457:L560:C470,8x58,0.98418605,4232
C435:C457:L560:C470,8x59,1.00000000,4300
4x42,2x38,0.95255814,4096
C435:C457:L560:C470,8x56,0.91720930,3944
C435:C457:L560:C470,8x57,0.88372093,3800
3x46,3x48,0.99953488,4298
3x46,3x43,0.83813953,3604
3x46,3x45,1.00000000,4300
3x46,3x44,0.99837209,4293
3x46,3x47,1.00000000,4300
3x46,3x46,1.00000000,4300
2x551,3x28,0.06465116,278
K392:A414:D518:Q427,K392:A414:D518:Q427,1.00000000,4300
3x28,23x50,0.87767442,3774
5x461,4x57,0.01000000,43
5x461,4x56,0.00046512,2
2x45,4x50,0.95139535,4091
7x49,6x40,0.00023256,1
7x49,6x44,0.00279070,12
6x53,6x56,0.92837209,3992
6x53,6x57,0.99348837,4272
6x40,6x36,0.96674419,4157
6x53,6x55,0.99953488,4298
6x53,6x53,1.00000000,4300
5x60,5x58,1.00000000,4300
6x53,6x51,0.99953488,4298
5x60,5x56,0.96418605,4146
5x60,5x57,0.94372093,4058
6x40,6x38,0.99232558,4267
1x42,1x38,0.99232558,4267
1x42,1x39,0.88093023,3788
4x41,4x39,0.99837209,4293
4x41,4x38,0.98488372,4235
1x36,1x40,0.99348837,4272
2x58,2x62,0.99604651,4283
2x58,2x60,0.99767442,4290
2x58,2x61,0.83209302,3578
1x38,1x39,1.00000000,4300
Q177:E175:E220:Q184,7x34,0.02767442,119
3x56,3x53,0.00488372,21
3x56,3x52,0.86511628,3720
3x56,3x51,0.03790698,163
5x66,5x66,1.00000000,4300
Q177:E175:E220:Q184,2x60,0.21627907,930
Q177:E175:E220:Q184,2x63,0.77395349,3328
3x56,3x54,0.98953488,4255
3x54,3x54,1.00000000,4300
12x51,12x51,1.00000000,4300
3x22,V173:V171:V216:V180,0.14186047,610
7x52,7x56,0.92906977,3995
7x52,7x55,0.29558140,1271
7x52,7x53,1.00000000,4300
7x52,7x52,1.00000000,4300
7x52,7x51,1.00000000,4300
7x52,7x50,0.95395349,4102
8x57,8x53,0.99767442,4290
8x57,8x57,1.00000000,4300
8x57,8x54,0.79883721,3435
6x59,6x55,0.97023256,4172
Q181:Q179:Q224:Q188,F182:F180:F225:F189,1.00000000,4300
1x35,7x39,0.07418605,319
8x57,8x58,1.00000000,4300
8x57,8x59,0.99418605,4275
3x53,34x53,0.92790698,3990
6x59,6x57,0.99860465,4294
5x51,5x53,0.99976744,4299
5x51,5x51,1.00000000,4300
Q177:E175:E220:Q184,45x52,0.00069767,3
3x45,2x45,0.00023256,1
Q177:E175:E220:Q184,45x51,0.54906977,2361
7x33,7x34,1.00000000,4300
7x33,7x36,0.84441860,3631
7x33,7x30,0.81441860,3502
7x33,7x32,1.00000000,4300
7x33,7x33,1.00000000,4300
3x45,2x42,0.77046512,3313
1x58,1x57,1.00000000,4300
1x58,1x56,0.99906977,4296
2x45,2x41,0.94674419,4071
1x35,2x60,0.00023256,1
1x35,2x61,0.00325581,14
1x35,2x64,0.21186047,911
1x35,2x65,0.09232558,397
6x52,7x41,0.00116279,5
23x52,2x66,0.00139535,6
5x38,F182:F180:F225:F189,0.00023256,1
23x52,2x62,0.01627907,70
2x47,2x49,0.99976744,4299
8x54,1x48,0.00116279,5
4x65,3x23,0.04511628,194
4x65,3x22,0.02209302,95
6x46,7x40,0.15627907,672
4x65,3x29,0.12395349,533
6x40,7x53,0.55441860,2384
2x47,2x47,1.00000000,4300
7x31,7x32,1.00000000,4300
4x61,3x33,0.45093023,1939
4x61,3x34,0.00302326,13
7x31,7x33,0.99604651,4283
5x36,4x64,0.16767442,721
34x57,3x49,0.97418605,4189
E170:V168:K213:K177,45x51,0.00023256,1
2x47,2x43,0.99906977,4296
6x35,6x31,0.98162791,4221
6x35,6x32,0.49418605,2125
6x35,6x35,1.00000000,4300
6x35,6x36,1.00000000,4300
6x35,6x37,0.96348837,4143
6x35,6x38,0.68627907,2951
3x56,34x52,0.60162791,2587
3x56,34x53,0.97627907,4198
3x56,34x50,1.00000000,4300
3x56,34x51,0.29790698,1281
3x56,34x56,0.00023256,1
5x46,3x37,0.00046512,2
Q181:Q179:Q224:Q188,5x39,0.00046512,2
45x52,F182:F180:F225:F189,0.67139535,2887
3x53,3x51,0.99976744,4299
3x53,3x53,1.00000000,4300
3x53,3x54,1.00000000,4300
3x53,3x55,0.29139535,1253
5x48,5x48,1.00000000,4300
5x37,5x40,0.88744186,3816
3x30,3x26,0.94279070,4054
3x30,3x27,0.69116279,2972
34x54,34x53,1.00000000,4300
34x54,34x52,0.65441860,2814
34x54,34x51,0.46255814,1989
34x54,34x50,1.00000000,4300
34x54,34x57,0.92441860,3975
34x54,34x56,0.96023256,4129
3x30,3x28,1.00000000,4300
3x30,3x29,1.00000000,4300
4x63,F182:F180:F225:F189,0.01767442,76
3x42,3x44,0.99930233,4297
5x44,6x52,0.41069767,1766
3x42,3x41,1.00000000,4300
3x42,3x40,0.99906977,4296
5x43,3x33,0.14488372,623
5x44,6x56,0.05116279,220
8x57,1x52,0.78139535,3360
8x57,1x56,0.47744186,2053
2x54,2x57,0.46906977,2017
2x54,2x55,1.00000000,4300
2x54,2x54,1.00000000,4300
2x54,2x53,1.00000000,4300
2x54,2x52,1.00000000,4300
2x54,2x51,0.71093023,3057
G89:G87:N132:G96,2x62,0.01441860,62
4x65,Q181:Q179:Q224:Q188,0.22186047,954
8x54,7x53,0.00232558,10
8x54,7x50,0.17627907,758
6x56,6x55,1.00000000,4300
6x56,6x54,0.99953488,4298
6x56,6x57,1.00000000,4300
6x56,6x56,1.00000000,4300
6x56,6x59,0.87279070,3753
6x56,6x58,0.99906977,4296
5x38,6x60,0.00953488,41
7x35,7x32,0.71325581,3067
7x35,7x33,0.99837209,4293
7x35,7x36,1.00000000,4300
7x35,7x37,0.99906977,4296
7x35,7x34,1.00000000,4300
7x35,7x35,1.00000000,4300
4x48,4x45,0.76651163,3296
7x35,7x38,0.82837209,3562
7x35,7x39,0.98883721,4252
6x61,V395:I417:I521:I430,0.04441860,191
2x49,2x51,0.99930233,4297
2x49,2x50,1.00000000,4300
2x49,2x53,0.95046512,4087
2x49,2x52,0.81325581,3497
5x60,3x51,0.81488372,3504
5x60,3x55,0.12790698,550
6x36,6x36,1.00000000,4300
5x54,5x58,1.00000000,4300
2x52,2x53,1.00000000,4300
5x54,5x51,0.84116279,3617
5x54,5x50,0.99953488,4298
5x54,5x53,1.00000000,4300
4x49,4x49,1.00000000,4300
4x58,4x62,0.96279070,4140
5x54,5x54,1.00000000,4300
4x58,4x60,0.99441860,4276
4x58,4x61,0.37162791,1598
4x49,4x46,0.83069767,3572
L183:F181:L226:L190,6x51,0.04674419,201
7x41,6x48,0.82790698,3560
L183:F181:L226:L190,6x55,0.00697674,30
L183:F181:L226:L190,6x59,0.01302326,56
L183:F181:L226:L190,6x58,0.00302326,13
8x51,7x55,0.99186047,4265
5x62,5x62,1.00000000,4300
5x60,5x63,0.91372093,3929
6x48,6x48,1.00000000,4300
5x60,5x61,1.00000000,4300
5x60,5x60,1.00000000,4300
G176:G174:G219:N183,G89:G87:N132:G96,0.00162791,7
5x37,6x55,0.00860465,37
2x58,2x57,1.00000000,4300
2x58,2x56,0.99674419,4286
2x58,2x55,0.98000000,4214
2x58,2x54,0.75720930,3256
3x33,3x34,1.00000000,4300
1x42,1x44,0.99813953,4292
2x58,2x59,1.00000000,4300
1x42,1x46,0.99976744,4299
23x50,7x42,0.00023256,1
1x42,1x43,1.00000000,4300
1x42,1x42,1.00000000,4300
7x32,2x63,0.00139535,6
8x55,8x52,0.98790698,4248
8x55,8x53,0.99930233,4297
8x55,8x54,1.00000000,4300
8x55,8x55,1.00000000,4300
8x55,8x56,1.00000000,4300
8x55,8x57,0.99883721,4295
8x55,8x58,0.74511628,3204
8x55,8x59,0.98046512,4216
2x60,2x60,1.00000000,4300
2x60,2x63,0.95744186,4117
4x53,4x57,0.88790698,3818
4x53,4x55,0.96000000,4128
4x53,4x52,1.00000000,4300
4x53,4x53,1.00000000,4300
4x53,4x50,0.79790698,3431
1x29,1x32,0.89139535,3833
7x54,2x43,0.00441860,19
1x29,1x30,1.00000000,4300
1x31,2x65,0.00023256,1
2x49,3x39,0.32255814,1387
6x48,3x40,0.15627907,672
2x62,23x50,0.00116279,5
7x46,7x43,1.00000000,4300
7x46,7x42,0.90720930,3901
7x41,7x37,0.89488372,3848
7x46,7x46,1.00000000,4300
7x41,7x39,1.00000000,4300
7x41,7x38,0.91465116,3933
5x39,3x33,0.01279070,55
5x50,5x51,1.00000000,4300
5x50,5x50,1.00000000,4300
5x50,5x53,0.89627907,3854
5x50,5x52,1.00000000,4300
4x45,3x48,0.00023256,1
45x52,4x64,0.16767442,721
2x50,7x53,0.00023256,1
34x57,2x38,0.76906977,3307
34x57,2x39,0.01000000,43
5x47,6x49,0.39697674,1707
5x61,6x37,0.02651163,114
7x30,7x32,0.78348837,3369
45x51,2x60,0.00651163,28
5x56,5x56,1.00000000,4300
5x56,5x53,0.97162791,4178
5x56,5x59,0.69697674,2997
5x56,5x58,0.99372093,4273
7x42,2x60,0.62581395,2691
3x41,4x52,0.23255814,1000
K392:A414:D518:Q427,6x57,0.00093023,4
45x50,3x28,0.52860465,2273
2x40,1x57,0.37837209,1627
T172:T170:T215:T179,3x22,0.06860465,295
2x50,2x53,0.83325581,3583
2x50,2x52,0.99976744,4299
2x50,2x51,1.00000000,4300
2x50,2x50,1.00000000,4300
2x50,2x54,0.99325581,4271
7x35,2x63,0.27139535,1167
7x35,2x60,0.54883721,2360
7x35,2x64,0.10906977,469
6x58,5x40,0.00255814,11
6x43,6x48,0.00813953,35
7x30,V395:I417:I521:I430,1.00000000,4300
4x38,4x38,1.00000000,4300
5x59,5x58,1.00000000,4300
5x59,5x59,1.00000000,4300
2x40,2x37,1.00000000,4300
8x53,1x59,0.20976744,902
6x48,5x51,0.08093023,348
5x54,5x56,1.00000000,4300
2x40,2x38,1.00000000,4300
8x58,8x59,1.00000000,4300
8x58,8x58,1.00000000,4300
5x66,34x50,0.00209302,9
8x58,8x54,0.99209302,4266
5x48,5x51,0.60627907,2607
2x37,2x41,0.99976744,4299
8x54,1x53,0.63209302,2718
8x54,1x56,0.61767442,2656
5x39,4x64,0.01697674,73
K392:A414:D518:Q427,6x60,0.07232558,311
4x45,34x53,0.00209302,9
3x36,6x48,0.10255814,441
6x61,6x60,1.00000000,4300
6x61,6x61,1.00000000,4300
5x43,45x51,0.00046512,2
4x50,4x52,0.99000000,4257
5x44,6x48,0.06697674,288
4x50,4x50,1.00000000,4300
5x54,3x40,0.01906977,82
8x49,12x50,0.88767442,3817
7x45,3x39,0.00023256,1
8x51,7x56,0.66093023,2842
Q177:E175:E220:Q184,Q181:Q179:Q224:Q188,0.00116279,5
5x60,5x62,0.99302326,4270
3x34,3x34,1.00000000,4300
3x27,2x551,0.00162791,7
4x64,4x68,0.98511628,4236
5x60,5x64,0.99930233,4297
4x48,4x52,0.99906977,4296
4x48,4x50,0.99813953,4292
4x48,4x51,0.86279070,3710
1x51,2x51,0.21302326,916
6x60,5x37,0.03604651,155
A175:D173:P218:D182,L174:E172:P217:P181,1.00000000,4300
2x49,2x46,0.91534884,3936
2x49,2x45,0.75186047,3233
5x44,5x47,0.98162791,4221
5x44,5x46,0.97953488,4212
2x49,2x48,1.00000000,4300
2x49,2x49,1.00000000,4300
5x44,5x43,1.00000000,4300
5x44,5x42,0.99883721,4295
6x37,5x62,0.05976744,257
5x44,5x40,0.97767442,4204
2x57,2x56,1.00000000,4300
2x57,2x57,1.00000000,4300
2x57,2x55,0.00023256,1
8x50,1x56,0.17604651,757
5x58,7x53,0.02348837,101
1x44,1x44,1.00000000,4300
3x47,7x53,0.00534884,23
7x41,7x40,1.00000000,4300
C394:C416:C520:C429,7x30,0.68116279,2929
C394:C416:C520:C429,7x34,0.00069767,3
A175:D173:P218:D182,T172:T170:T215:T179,0.09581395,412
7x32,7x32,1.00000000,4300
8x50,1x53,0.05744186,247
7x32,7x34,0.93186047,4007
6x45,5x47,0.16372093,704
Q181:Q179:Q224:Q188,L174:E172:P217:P181,0.00465116,20
5x43,6x48,0.00279070,12
4x58,4x53,0.00046512,2
2x58,2x58,1.00000000,4300
4x58,4x57,1.00000000,4300
4x58,4x56,0.22697674,976
4x58,4x55,0.03697674,159
4x58,4x54,0.98372093,4230
4x58,4x59,1.00000000,4300
4x58,4x58,1.00000000,4300
45x52,45x51,1.00000000,4300
7x46,1x46,0.73837209,3175
45x52,45x52,1.00000000,4300
5x37,6x58,0.12790698,550
7x41,6x51,0.77813953,3346
12x50,8x53,0.86837209,3734
23x51,Q177:E175:E220:Q184,0.00023256,1
6x51,6x55,0.99720930,4288
6x51,6x51,1.00000000,4300
D393:P415:S519:S428,5x37,0.00023256,1
3x37,5x43,0.00046512,2
6x48,6x51,0.49581395,2132
1x39,7x42,0.00023256,1
6x44,5x51,0.60953488,2621
6x44,5x50,0.04395349,189
3x47,5x53,0.00116279,5
D393:P415:S519:S428,6x61,0.80883721,3478
7x42,7x43,1.00000000,4300
7x42,7x42,1.00000000,4300
4x69,4x66,0.28558140,1228
4x69,4x67,0.74837209,3218
4x69,4x64,0.02627907,113
Q181:Q179:Q224:Q188,4x69,0.00023256,1
4x60,L183:F181:L226:L190,0.00162791,7
45x50,23x52,0.00418605,18
4x69,4x68,1.00000000,4300
4x69,4x69,1.00000000,4300
2x40,8x50,0.07093023,305
6x32,6x36,0.98906977,4253
3x38,4x49,0.01023256,44
7x34,V395:I417:I521:I430,0.32046512,1378
6x32,6x32,1.00000000,4300
A175:D173:P218:D182,45x50,0.00046512,2
5x50,5x48,0.89348837,3842
12x50,2x37,0.98441860,4233
A175:D173:P218:D182,R171:R169:R214:R178,0.02558140,110
7x41,6x47,0.42720930,1837
3x31,2x551,0.58000000,2494
1x43,2x61,0.15534884,668
5x461,3x40,0.24162791,1039
3x41,4x53,0.39069767,1680
45x51,4x68,0.00023256,1
7x45,6x48,0.31534884,1356
7x45,6x47,0.91511628,3935
7x45,6x44,0.39558140,1701
4x55,4x55,1.00000000,4300
T172:T170:T215:T179,T172:T170:T215:T179,1.00000000,4300
1x42,7x47,0.45976744,1977
2x50,2x48,0.99837209,4293
1x42,7x42,0.01279070,55
2x50,2x46,0.80093023,3444
7x56,8x48,0.00674419,29
6x41,5x58,0.19837209,853
6x41,5x51,0.01162791,50
6x41,5x54,0.23209302,998
6x48,5x48,0.00023256,1
5x50,3x40,0.39883721,1715
5x44,5x461,0.21767442,936
Q177:E175:E220:Q184,G176:G174:G219:N183,1.00000000,4300
3x29,4x57,0.00046512,2
1x55,8x57,0.85651163,3683
3x41,4x57,0.00162791,7
3x50,7x56,0.00139535,6
3x50,7x53,0.21209302,912
6x61,6x59,0.87232558,3751
6x61,6x58,0.87651163,3769
6x61,6x57,0.95674419,4114
1x58,12x48,0.00023256,1
5x40,7x34,0.03627907,156
5x37,6x59,0.37093023,1595
V395:I417:I521:I430,V395:I417:I521:I430,1.00000000,4300
5x461,5x50,0.54906977,2361
23x50,7x38,0.00116279,5
4x42,4x38,0.95767442,4118
4x42,4x39,0.85767442,3688
45x50,3x29,0.41627907,1790
7x46,7x47,1.00000000,4300
7x52,7x48,0.97976744,4213
5x39,4x57,0.00744186,32
3x26,3x29,0.69046512,2969
3x26,3x28,0.99767442,4290
6x60,6x60,1.00000000,4300
F182:F180:F225:F189,S184:S182:S227:S191,0.93581395,4024
3x26,3x23,0.86418605,3716
3x26,3x22,0.96720930,4159
3x26,3x25,1.00000000,4300
3x26,3x27,1.00000000,4300
3x26,3x26,1.00000000,4300
3x28,45x51,0.00023256,1
2x57,2x61,0.99976744,4299
2x57,2x60,0.60372093,2596
6x52,6x55,0.71209302,3062
6x52,6x54,0.99604651,4283
6x52,6x56,0.93813953,4034
6x52,6x51,1.00000000,4300
6x52,6x50,0.99860465,4294
6x52,6x53,1.00000000,4300
6x40,5x58,0.25395349,1092
S184:S182:S227:S191,6x59,0.04604651,198
S184:S182:S227:S191,6x58,0.00209302,9
2x50,3x39,0.04093023,176
S184:S182:S227:S191,6x55,0.00023256,1
S184:S182:S227:S191,6x51,0.00023256,1
5x43,6x55,0.00023256,1
A175:D173:P218:D182,V173:V171:V216:V180,0.38093023,1638
R171:R169:R214:R178,R171:R169:R214:R178,1.00000000,4300
5x43,6x51,0.01372093,59
2x55,1x47,0.64837209,2788
4x64,45x51,0.00418605,18
8x59,8x59,1.00000000,4300
2x57,2x551,0.98697674,4244
4x40,4x38,0.99837209,4293
4x40,4x39,1.00000000,4300
23x51,L174:E172:P217:P181,0.00279070,12
5x39,S184:S182:S227:S191,0.00069767,3
3x52,3x52,1.00000000,4300
4x41,4x44,0.71976744,3095
4x41,4x45,0.95302326,4098
4x41,4x41,1.00000000,4300
2x53,7x42,0.63790698,2743
2x53,7x46,0.56558140,2432
1x40,1x37,0.84302326,3625
6x34,6x37,0.79325581,3411
6x34,6x36,1.00000000,4300
6x34,6x35,1.00000000,4300
6x34,6x34,1.00000000,4300
6x34,6x32,0.99651163,4285
6x34,6x31,0.87116279,3746
6x34,6x38,0.99930233,4297
5x47,6x48,0.93279070,4011
F182:F180:F225:F189,3x33,0.14348837,617
1x40,1x39,1.00000000,4300
3x38,4x53,0.84767442,3645
3x38,4x50,0.89581395,3852
A175:D173:P218:D182,A175:D173:P218:D182,1.00000000,4300
1x30,1x30,1.00000000,4300
1x30,1x32,0.99674419,4286
Q177:E175:E220:Q184,23x49,0.19116279,822
45x52,3x33,0.25744186,1107
5x39,L183:F181:L226:L190,0.56325581,2422
Q181:Q179:Q224:Q188,E170:V168:K213:K177,0.00534884,23
7x30,7x34,0.75790698,3259
7x30,7x30,1.00000000,4300
4x47,4x51,0.99976744,4299
4x47,4x50,0.45023256,1936
1x60,8x56,0.00069767,3
2x38,2x38,1.00000000,4300
5x41,5x40,1.00000000,4300
5x41,5x41,1.00000000,4300
5x41,5x43,0.99906977,4296
6x61,K392:A414:D518:Q427,1.00000000,4300
5x41,5x48,0.03837209,165
1x49,7x51,0.00930233,40
1x49,7x50,0.53697674,2309
6x43,7x45,0.23604651,1015
3x56,5x64,0.00023256,1
6x43,7x49,0.00069767,3
5x40,3x33,0.00046512,2
6x49,5x48,0.00488372,21
6x40,5x54,0.10046512,432
3x33,6x51,0.01511628,65
Q181:Q179:Q224:Q188,4x68,0.07348837,316
6x37,6x42,0.00023256,1
6x37,6x41,0.99930233,4297
2x49,3x42,0.02953488,127
Q181:Q179:Q224:Q188,4x64,0.51697674,2223
45x50,45x52,0.12093023,520
S184:S182:S227:S191,T172:T170:T215:T179,0.00023256,1
3x46,2x42,0.56837209,2444
3x46,2x43,0.60744186,2612
3x46,2x46,0.30581395,1315
L174:E172:P217:P181,45x51,0.14023256,603
4x43,4x39,0.99581395,4282
G89:G87:N132:G96,G89:G87:N132:G96,1.00000000,4300
4x58,3x31,0.00418605,18
6x40,3x43,0.00139535,6
4x48,3x41,0.00232558,10
2x51,1x46,0.00023256,1
2x51,1x47,0.71069767,3056
5x54,5x52,0.99488372,4278
5x64,5x66,0.67000000,2881
3x43,2x46,0.61325581,2637
5x461,5x43,0.99837209,4293
5x461,5x42,0.00395349,17
7x38,7x42,0.87488372,3762
5x461,5x47,1.00000000,4300
1x56,1x59,0.60813953,2615
5x461,5x45,0.94069767,4045
1x43,1x39,0.99837209,4293
2x551,2x551,1.00000000,4300
6x56,6x60,0.90930233,3910
1x56,1x53,0.86488372,3719
3x43,7x53,0.61069767,2626
23x49,23x50,1.00000000,4300
1x49,1x53,0.79720930,3428
1x49,1x52,0.66697674,2868
1x49,1x51,0.98976744,4256
6x39,7x52,0.35627907,1532
6x39,7x55,0.04953488,213
6x39,7x56,0.00116279,5
Q177:E175:E220:Q184,T172:T170:T215:T179,0.06674419,287
2x64,2x60,0.99674419,4286
7x56,6x40,0.05534884,238
6x52,6x48,0.97279070,4183
6x52,6x49,0.91069767,3916
6x52,5x43,0.00046512,2
6x52,5x41,0.00139535,6
1x54,2x44,0.77302326,3324
6x52,5x47,0.81023256,3484
6x52,5x45,0.00558140,24
5x36,T172:T170:T215:T179,0.00023256,1
1x41,1x44,0.84441860,3631
1x41,1x41,1.00000000,4300
1x41,1x42,1.00000000,4300
1x41,1x43,1.00000000,4300
7x38,2x60,0.58441860,2513
7x38,2x63,0.00023256,1
34x51,34x52,1.00000000,4300
3x25,Q177:E175:E220:Q184,0.05023256,216
34x51,34x50,1.00000000,4300
34x51,34x51,1.00000000,4300
34x51,34x56,0.00209302,9
4x40,4x44,0.97209302,4180
4x40,4x41,1.00000000,4300
4x40,4x40,1.00000000,4300
5x49,5x53,0.99279070,4269
5x49,5x52,0.79744186,3429
5x49,5x51,0.99720930,4288
5x49,5x50,1.00000000,4300
34x50,34x53,0.00093023,4
34x50,34x52,0.98325581,4228
34x50,34x50,1.00000000,4300
5x39,5x43,0.99953488,4298
5x39,5x41,0.99813953,4292
5x39,5x40,1.00000000,4300
45x50,L174:E172:P217:P181,0.02209302,95
2x55,2x55,1.00000000,4300
3x56,3x56,1.00000000,4300
5x36,S184:S182:S227:S191,1.00000000,4300
6x39,6x40,1.00000000,4300
6x39,6x43,0.98883721,4252
6x39,6x42,0.63558140,2733
3x46,7x53,0.19325581,831
2x47,7x53,0.00418605,18
3x24,2x59,0.00023256,1
6x34,5x66,0.00697674,30
6x34,5x62,0.57488372,2472
6x58,V395:I417:I521:I430,0.49255814,2118
3x37,3x33,0.99976744,4299
3x37,3x34,0.69348837,2982
3x37,3x36,1.00000000,4300
3x37,3x37,1.00000000,4300
3x37,3x39,1.00000000,4300
45x52,23x50,0.00069767,3
45x52,3x29,0.55000000,2365
45x52,3x28,0.06953488,299
3x22,3x22,1.00000000,4300
F182:F180:F225:F189,6x55,0.00279070,12
F182:F180:F225:F189,6x51,0.00186047,8
45x52,4x57,0.00651163,28
4x61,F182:F180:F225:F189,0.37023256,1592
F182:F180:F225:F189,7x34,0.00139535,6
K392:A414:D518:Q427,S184:S182:S227:S191,0.07465116,321
Q177:E175:E220:Q184,23x50,0.39372093,1693
34x57,2x42,0.01744186,75
3x26,4x61,0.14372093,618
3x26,4x62,0.21581395,928
3x39,3x40,1.00000000,4300
3x26,4x64,0.12255814,527
3x26,4x65,0.75302326,3238
3x26,4x66,0.02674419,115
1x37,1x38,1.00000000,4300
1x37,1x39,0.99604651,4283
8x51,8x51,1.00000000,4300
2x58,1x39,0.01232558,53
1x37,1x37,1.00000000,4300
1x37,1x30,0.01790698,77
4x47,4x44,0.85023256,3656
4x47,4x45,0.99976744,4299
4x47,4x46,1.00000000,4300
4x47,4x47,1.00000000,4300
4x47,4x48,1.00000000,4300
1x43,1x47,0.99465116,4277
1x43,1x43,1.00000000,4300
7x45,7x40,0.35767442,1538
12x48,12x48,1.00000000,4300
3x23,3x23,1.00000000,4300
7x45,7x43,1.00000000,4300
L174:E172:P217:P181,2x63,0.00046512,2
G176:G174:G219:N183,V173:V171:V216:V180,0.16139535,694
6x43,7x52,0.43255814,1860
6x43,7x53,0.00116279,5
7x48,6x46,0.00255814,11
7x48,6x47,0.22069767,949
3x39,3x39,1.00000000,4300
D393:P415:S519:S428,K392:A414:D518:Q427,1.00000000,4300
7x55,8x54,0.49534884,2130
7x55,8x50,0.05860465,252
3x41,3x39,0.99953488,4298
3x32,7x38,0.30418605,1308
3x33,3x33,1.00000000,4300
2x54,1x43,0.44023256,1893
R171:R169:R214:R178,Q177:E175:E220:Q184,0.02325581,100
5x36,F182:F180:F225:F189,0.47534884,2044
2x54,1x47,0.75627907,3252
2x54,1x46,0.41302326,1776
45x52,2x63,0.00046512,2
8x47,7x56,1.00000000,4300
5x42,5x39,0.81604651,3509
8x47,7x55,0.99604651,4283
2x51,2x51,1.00000000,4300
7x36,2x64,0.07906977,340
7x36,2x60,0.00023256,1
2x41,2x41,1.00000000,4300
2x54,7x46,0.00023256,1
4x49,4x51,0.97720930,4202
7x38,7x38,1.00000000,4300
4x49,4x53,0.94930233,4082
4x49,4x52,0.27162791,1168
6x50,6x51,1.00000000,4300
4x65,4x65,1.00000000,4300
45x52,7x34,0.02325581,100
12x51,12x48,0.82093023,3530
45x52,7x38,0.02720930,117
5x49,3x40,0.00023256,1
23x49,23x49,1.00000000,4300
23x51,2x66,0.26720930,1149
23x52,V173:V171:V216:V180,0.00302326,13
1x49,1x46,0.26930233,1158
1x49,1x47,0.99302326,4270
4x61,4x62,1.00000000,4300
4x61,4x63,0.99906977,4296
4x61,4x61,1.00000000,4300
1x49,1x48,1.00000000,4300
1x49,1x49,1.00000000,4300
4x45,2x42,0.01465116,63
T172:T170:T215:T179,4x68,0.01139535,49
T172:T170:T215:T179,4x64,0.01069767,46
3x51,3x51,1.00000000,4300
3x51,3x54,0.94906977,4081
4x51,4x54,0.89627907,3854
4x51,4x55,0.99906977,4296
5x45,5x43,0.99790698,4291
4x51,4x50,1.00000000,4300
4x51,4x51,1.00000000,4300
4x51,4x52,1.00000000,4300
4x51,4x53,1.00000000,4300
3x35,2x53,0.51093023,2197
3x35,2x52,0.43837209,1885
3x35,2x56,0.00023256,1
7x47,7x42,0.09186047,395
7x47,7x43,0.99186047,4265
K392:A414:D518:Q427,V395:I417:I521:I430,0.32558140,1400
5x46,5x49,0.16744186,720
1x54,2x51,0.47302326,2034
7x33,V395:I417:I521:I430,0.05395349,232
5x46,5x41,0.00093023,4
5x46,5x43,0.82604651,3552
5x46,5x42,0.97069767,4174
5x46,5x45,1.00000000,4300
5x46,5x47,0.87046512,3743
5x46,5x46,1.00000000,4300
D393:P415:S519:S428,7x30,0.00023256,1
D393:P415:S519:S428,7x31,0.00023256,1
3x40,3x40,1.00000000,4300
1x51,1x48,0.85534884,3678
5x36,L183:F181:L226:L190,0.92534884,3979
3x29,7x38,0.01023256,44
3x29,45x51,0.40883721,1758
1x51,1x47,0.99930233,4297
4x56,F182:F180:F225:F189,0.00906977,39
3x27,3x31,0.98604651,4240
5x49,5x48,1.00000000,4300
5x49,5x49,1.00000000,4300
5x65,3x54,0.18139535,780
5x49,5x45,0.99697674,4287
5x49,5x47,0.99348837,4272
2x48,2x46,1.00000000,4300
1x36,1x39,0.74860465,3219
1x36,1x38,0.99837209,4293
R171:R169:R214:R178,E170:V168:K213:K177,1.00000000,4300
1x36,1x32,0.98604651,4240
1x36,1x37,1.00000000,4300
1x36,1x36,1.00000000,4300
1x36,1x35,1.00000000,4300
1x36,1x34,0.99976744,4299
5x57,3x47,0.57534884,2474
A175:D173:P218:D182,3x25,0.00046512,2
A175:D173:P218:D182,3x22,0.03581395,154
A175:D173:P218:D182,3x21,0.00162791,7
23x49,2x62,0.00302326,13
45x52,6x55,0.00046512,2
5x57,3x48,0.73697674,3169
4x45,4x45,1.00000000,4300
34x57,4x41,0.00744186,32
C394:C416:C520:C429,C394:C416:C520:C429,1.00000000,4300
D393:P415:S519:S428,6x58,0.04465116,192
34x57,4x45,0.00046512,2
1x33,2x64,0.00069767,3
1x33,2x65,0.14465116,622
5x54,6x44,0.58790698,2528
45x52,K392:A414:D518:Q427,0.00046512,2
5x54,6x48,0.01069767,46
6x33,5x61,0.00279070,12
3x37,3x41,0.99744186,4289
6x33,5x65,0.26534884,1141
6x33,5x66,0.00976744,42
K392:A414:D518:Q427,7x34,0.03209302,138
4x65,45x51,0.00441860,19
4x65,45x52,0.16279070,700
4x39,4x38,1.00000000,4300
4x39,4x39,1.00000000,4300
34x51,34x53,0.98976744,4256
5x63,5x66,0.37906977,1630
5x63,5x64,1.00000000,4300
5x63,5x65,0.97395349,4188
5x63,5x62,1.00000000,4300
5x63,5x63,1.00000000,4300
5x63,5x61,0.99651163,4285
6x56,5x45,0.05325581,229
1x58,12x51,0.35023256,1506
6x56,5x41,0.43511628,1871
6x56,5x40,0.01976744,85
2x58,1x44,0.00279070,12
2x58,1x47,0.00558140,24
2x58,1x40,0.00116279,5
2x58,1x43,0.73558140,3163
4x40,2x41,0.00116279,5
7x50,7x50,1.00000000,4300
7x50,7x53,0.34465116,1482
1x42,7x39,0.47511628,2043
R171:R169:R214:R178,4x69,0.44976744,1934
E170:V168:K213:K177,4x66,0.00023256,1
1x36,2x61,0.44116279,1897
1x36,2x65,0.40139535,1726
1x36,2x64,0.15069767,648
1x36,2x66,0.00023256,1
5x54,3x47,0.46116279,1983
5x46,3x41,0.00581395,25
7x31,L183:F181:L226:L190,0.00093023,4
D393:P415:S519:S428,C394:C416:C520:C429,1.00000000,4300
3x26,Q181:Q179:Q224:Q188,0.00883721,38
45x50,Q177:E175:E220:Q184,1.00000000,4300
2x61,2x62,1.00000000,4300
2x61,2x63,0.99953488,4298
2x61,2x60,1.00000000,4300
2x61,2x61,1.00000000,4300
1x35,1x37,0.99232558,4267
1x35,1x34,1.00000000,4300
1x35,1x35,1.00000000,4300
1x35,1x32,0.76651163,3296
1x35,1x38,0.92023256,3957
1x35,1x39,1.00000000,4300
2x43,2x41,1.00000000,4300
2x43,2x42,1.00000000,4300
2x43,2x43,1.00000000,4300
2x43,2x44,1.00000000,4300
2x43,2x45,0.99976744,4299
2x43,2x46,0.88883721,3822
5x36,4x68,0.00441860,19
5x42,5x45,0.82116279,3531
5x42,5x41,1.00000000,4300
5x42,5x40,0.99976744,4299
5x42,5x43,1.00000000,4300
5x42,5x42,1.00000000,4300
3x23,4x66,0.02813953,121
2x52,2x55,0.73651163,3167
2x52,2x56,0.06860465,295
2x52,2x51,1.00000000,4300
4x49,4x48,1.00000000,4300
2x52,2x52,1.00000000,4300
2x44,1x53,0.17418605,749
4x49,4x47,0.99860465,4294
4x49,4x45,0.99511628,4279
2x44,1x57,0.87209302,3750
7x50,1x53,0.07604651,327
6x33,6x36,0.99441860,4276
6x50,6x47,0.21069767,906
6x50,6x48,0.91976744,3955
6x50,6x49,1.00000000,4300
12x49,12x51,0.98069767,4217
12x49,12x50,1.00000000,4300
5x38,5x40,0.99790698,4291
5x38,5x41,0.75488372,3246
4x61,4x59,0.99395349,4274
4x61,4x57,0.98372093,4230
G176:G174:G219:N183,L174:E172:P217:P181,0.69069767,2970
4x44,4x48,0.99976744,4299
8x54,8x54,1.00000000,4300
8x54,8x53,1.00000000,4300
5x461,6x44,0.08209302,353
5x461,6x48,0.22279070,958
4x44,4x45,1.00000000,4300
4x44,4x44,1.00000000,4300
6x47,7x43,0.13930233,599
L183:F181:L226:L190,4x64,0.11930233,513
L183:F181:L226:L190,4x68,0.00255814,11
3x47,5x58,0.69069767,2970
3x35,2x49,0.19325581,831
5x461,3x37,0.04883721,210
3x32,3x33,1.00000000,4300
3x32,3x32,1.00000000,4300
3x32,3x31,1.00000000,4300
3x32,3x36,0.99883721,4295
3x32,3x34,0.99139535,4263
5x46,5x50,0.95348837,4100
1x43,7x39,0.00488372,21
5x39,F182:F180:F225:F189,0.51232558,2203
1x51,1x54,0.98093023,4218
1x51,1x52,1.00000000,4300
1x51,1x53,1.00000000,4300
1x51,1x51,1.00000000,4300
3x27,3x28,1.00000000,4300
3x27,3x29,0.99860465,4294
4x58,3x34,0.30534884,1313
3x27,3x23,0.98930233,4254
3x52,3x55,0.81279070,3495
3x52,3x54,1.00000000,4300
3x52,3x53,1.00000000,4300
3x27,3x27,1.00000000,4300
3x52,3x51,1.00000000,4300
3x49,3x53,1.00000000,4300
3x49,3x52,0.58395349,2511
3x49,3x51,0.99930233,4297
6x60,6x58,0.99558140,4281
6x60,6x59,1.00000000,4300
1x40,1x38,0.99906977,4296
6x60,6x57,0.92279070,3968
6x47,6x48,1.00000000,4300
6x47,6x49,0.87255814,3752
4x53,3x34,0.69093023,2971
6x47,6x47,1.00000000,4300
12x51,2x41,0.23511628,1011
3x25,3x28,0.88651163,3812
3x25,3x29,0.99767442,4290
5x57,3x51,0.88976744,3826
3x25,3x21,0.90069767,3873
3x25,3x22,0.94418605,4060
3x25,3x23,0.99930233,4297
3x25,3x25,1.00000000,4300
3x25,3x27,0.99930233,4297
23x50,2x63,0.69232558,2977
23x50,2x60,0.07255814,312
34x57,4x38,1.00000000,4300
E170:V168:K213:K177,E170:V168:K213:K177,1.00000000,4300
3x47,3x51,0.99930233,4297
7x45,7x48,0.97627907,4198
7x45,7x49,0.99627907,4284
T172:T170:T215:T179,V173:V171:V216:V180,1.00000000,4300
7x45,7x41,0.87255814,3752
7x45,7x42,1.00000000,4300
V173:V171:V216:V180,V173:V171:V216:V180,1.00000000,4300
7x45,7x45,1.00000000,4300
7x45,7x46,1.00000000,4300
7x45,7x47,1.00000000,4300
5x40,5x43,0.88511628,3806
4x62,3x23,0.05651163,243
Q181:Q179:Q224:Q188,7x31,0.00046512,2
5x40,6x59,0.19186047,825
5x40,6x55,0.60162791,2587
5x40,6x51,0.12720930,547
2x52,4x50,0.22604651,972
S184:S182:S227:S191,S184:S182:S227:S191,1.00000000,4300
7x50,7x46,0.91488372,3934
7x50,7x47,0.71279070,3065
S184:S182:S227:S191,45x51,0.24325581,1046
3x29,3x33,0.98581395,4239
3x29,3x31,0.99558140,4281
7x56,7x53,0.21604651,929
7x56,7x51,0.56674419,2437
G176:G174:G219:N183,G176:G174:G219:N183,1.00000000,4300
7x56,7x56,1.00000000,4300
7x56,7x55,1.00000000,4300
5x63,5x59,0.98465116,4234
12x50,1x56,0.01441860,62
12x50,1x57,0.25488372,1096
C394:C416:C520:C429,K392:A414:D518:Q427,0.93511628,4021
2x41,2x38,0.99604651,4283
3x29,L183:F181:L226:L190,0.03093023,133
1x52,7x51,0.00046512,2
6x31,6x31,1.00000000,4300
6x31,6x32,1.00000000,4300
Q181:Q179:Q224:Q188,3x29,0.01000000,43
4x41,34x53,0.00790698,34
4x41,34x56,0.30186047,1298
12x50,12x51,1.00000000,4300
12x50,12x50,1.00000000,4300
4x63,4x59,0.99813953,4292
4x61,3x29,0.28558140,1228
