Res1,Res2,Freq,NumFrames,,TotalFrames:,4600
L183:F181:L226:L190,F182:F180:F225:F189,0.00282609,13
5x61,5x58,0.00021739,1
2x39,2x38,0.05195652,239
2x39,2x39,0.47978261,2207
2x39,2x37,0.15826087,728
23x49,3x22,0.00065217,3
Q181:Q179:Q224:Q188,S184:S182:S227:S191,0.42804348,1969
12x49,12x48,0.86869565,3996
12x49,12x49,0.96956522,4460
45x52,6x58,0.00652174,30
2x66,1x30,0.00043478,2
45x51,6x55,0.02391304,110
45x51,6x51,0.10282609,473
3x25,45x52,0.00434783,20
5x461,6x51,0.00652174,30
5x461,6x52,0.41804348,1923
7x34,3x33,0.01456522,67
D393:P415:S519:S428,E170:V168:K213:K177,0.00021739,1
6x47,7x53,0.00086957,4
45x52,5x43,0.00021739,1
3x38,2x45,0.00282609,13
45x52,5x40,0.02217391,102
2x56,2x56,0.00108696,5
1x45,7x46,0.00021739,1
1x45,7x47,0.00217391,10
45x50,7x42,0.01434783,66
3x32,3x27,0.00021739,1
A175:D173:P218:D182,K392:A414:D518:Q427,0.02108696,97
7x56,8x50,0.03347826,154
3x32,3x28,0.03565217,164
3x32,3x29,0.02652174,122
2x65,1x32,0.00391304,18
A175:D173:P218:D182,23x49,0.10652174,490
45x51,7x38,0.04021739,185
6x38,5x62,0.00021739,1
2x42,2x45,0.01086957,50
7x31,6x58,0.00913043,42
3x49,3x45,0.01826087,84
3x49,3x46,0.01000000,46
3x49,3x48,0.00282609,13
3x49,3x49,0.08304348,382
7x49,3x40,0.01108696,51
7x49,2x46,0.17760870,817
7x49,2x43,0.01804348,83
4x61,45x51,0.07260870,334
6x58,6x59,0.38608696,1776
6x58,6x58,0.36673913,1687
34x56,4x38,0.19565217,900
6x58,6x51,0.00260870,12
6x58,6x57,0.00521739,24
6x52,L183:F181:L226:L190,0.00021739,1
6x58,6x55,0.04956522,228
G176:G174:G219:N183,45x51,0.02652174,122
45x50,3x33,0.03913043,180
2x48,2x44,0.00043478,2
7x34,45x51,0.07608696,350
34x56,34x52,0.12434783,572
5x41,S184:S182:S227:S191,0.00021739,1
23x51,3x22,0.00326087,15
23x51,3x21,0.12086957,556
7x39,2x63,0.00260870,12
3x55,5x65,0.01608696,74
L174:E172:P217:P181,S184:S182:S227:S191,0.00326087,15
L183:F181:L226:L190,V395:I417:I521:I430,0.00456522,21
1x50,1x50,0.00608696,28
1x43,1x46,0.00021739,1
45x52,L183:F181:L226:L190,0.16956522,780
4x65,V173:V171:V216:V180,0.01260870,58
6x40,6x41,0.00304348,14
6x40,6x40,0.05391304,248
R171:R169:R214:R178,4x68,0.14847826,683
R171:R169:R214:R178,4x69,0.22434783,1032
6x40,6x44,0.01304348,60
6x40,6x47,0.00021739,1
R171:R169:R214:R178,4x62,0.11413043,525
R171:R169:R214:R178,4x63,0.00108696,5
R171:R169:R214:R178,4x61,0.16108696,741
R171:R169:R214:R178,4x66,0.18804348,865
R171:R169:R214:R178,4x67,0.00217391,10
R171:R169:R214:R178,4x64,0.01978261,91
R171:R169:R214:R178,4x65,0.47673913,2193
5x40,45x51,0.13717391,631
2x39,3x46,0.00978261,45
2x39,3x49,0.60869565,2800
G89:G87:N132:G96,23x50,0.01195652,55
3x29,3x28,0.00217391,10
45x52,S184:S182:S227:S191,0.19978261,919
45x50,T172:T170:T215:T179,0.04847826,223
1x39,1x39,0.01021739,47
5x38,6x58,0.00217391,10
3x32,7x46,0.02760870,127
3x50,2x40,0.05652174,260
5x38,6x59,0.00521739,24
3x32,7x42,0.13760870,633
3x32,7x41,0.12456522,573
12x50,2x44,0.00586957,27
C435:C457:L560:C470,C435:C457:L560:C470,0.16586957,763
4x67,4x68,0.08956522,412
4x67,4x64,0.00413043,19
4x67,4x66,0.14021739,645
4x67,4x67,0.08152174,375
4x67,4x63,0.00043478,2
12x50,12x48,0.00043478,2
A175:D173:P218:D182,7x35,0.00543478,25
A175:D173:P218:D182,7x34,0.01413043,65
A175:D173:P218:D182,7x31,0.04086957,188
7x34,7x34,0.17521739,806
7x34,7x38,0.21565217,992
Q177:E175:E220:Q184,Q177:E175:E220:Q184,0.52130435,2398
5x36,5x43,0.00086957,4
5x36,5x40,0.00478261,22
5x36,5x41,0.00021739,1
7x35,G89:G87:N132:G96,0.08804348,405
3x21,L174:E172:P217:P181,0.04217391,194
1x39,2x55,0.00108696,5
1x60,12x49,0.33260870,1530
3x49,34x53,0.05543478,255
2x46,2x46,0.00304348,14
5x41,6x55,0.00043478,2
5x66,5x61,0.02173913,100
5x41,6x58,0.00260870,12
5x41,6x59,0.00065217,3
5x65,5x62,0.11043478,508
5x65,5x65,0.27978261,1287
3x42,4x46,0.00239130,11
1x33,1x29,0.01304348,60
6x36,5x58,0.00108696,5
4x42,4x42,0.00065217,3
4x42,4x41,0.00630435,29
L174:E172:P217:P181,4x64,0.00065217,3
2x66,1x29,0.00021739,1
7x51,7x47,0.00021739,1
45x50,V173:V171:V216:V180,0.00086957,4
3x26,E170:V168:K213:K177,0.00260870,12
34x55,34x56,0.24521739,1128
34x55,34x57,0.30391304,1398
34x55,34x54,0.09152174,421
34x55,34x55,0.19347826,890
34x55,34x52,0.00130435,6
34x55,34x51,0.00500000,23
Q177:E175:E220:Q184,G89:G87:N132:G96,0.25891304,1191
3x25,45x51,0.05804348,267
1x60,2x40,0.00021739,1
45x50,E170:V168:K213:K177,0.00217391,10
45x50,G89:G87:N132:G96,0.00152174,7
5x66,5x62,0.35369565,1627
5x66,5x65,0.48565217,2234
1x50,7x50,0.00565217,26
45x50,6x51,0.00456522,21
45x50,2x63,0.18717391,861
45x50,2x60,0.09086957,418
6x48,7x53,0.00152174,7
45x50,7x35,0.14978261,689
45x50,7x31,0.01108696,51
L174:E172:P217:P181,23x50,0.12130435,558
L174:E172:P217:P181,23x52,0.00021739,1
45x50,7x38,0.20043478,922
3x42,4x53,0.00173913,8
3x42,4x50,0.00369565,17
A175:D173:P218:D182,23x50,0.07586957,349
A175:D173:P218:D182,23x51,0.00152174,7
5x61,3x55,0.02369565,109
5x61,3x54,0.02369565,109
3x29,7x42,0.00239130,11
23x52,3x22,0.04782609,220
5x61,3x51,0.02478261,114
4x46,2x45,0.00108696,5
7x35,K392:A414:D518:Q427,0.01934783,89
7x31,45x52,0.00282609,13
7x31,45x51,0.19695652,906
4x46,2x42,0.00043478,2
G176:G174:G219:N183,T172:T170:T215:T179,0.11108696,511
5x66,5x66,0.93000000,4278
2x62,2x63,0.00652174,30
2x62,2x62,0.01760870,81
F182:F180:F225:F189,5x40,0.00282609,13
G176:G174:G219:N183,G89:G87:N132:G96,0.05347826,246
8x50,7x50,0.00043478,2
F182:F180:F225:F189,5x43,0.00260870,12
1x46,7x47,0.00065217,3
7x49,3x39,0.58782609,2704
5x58,5x58,0.24934783,1147
4x39,2x38,0.00043478,2
6x43,6x40,0.00130435,6
45x50,3x28,0.00108696,5
3x32,45x52,0.00717391,33
6x43,6x44,0.00021739,1
45x50,3x21,0.00086957,4
4x38,4x38,0.11695652,538
45x50,3x25,0.00347826,16
4x69,3x22,0.00086957,4
8x53,12x48,0.00152174,7
6x54,7x34,0.00108696,5
4x64,4x68,0.01391304,64
2x59,23x52,0.05108696,235
4x64,4x64,0.04543478,209
2x59,23x50,0.00065217,3
4x64,4x66,0.00978261,45
L183:F181:L226:L190,3x33,0.04108696,189
7x41,7x46,0.24717391,1137
7x41,7x41,0.08260870,380
7x41,7x42,0.01217391,56
3x53,2x37,0.00021739,1
1x50,1x49,0.00130435,6
3x26,45x52,0.00130435,6
3x26,45x51,0.64673913,2975
3x26,45x50,0.01717391,79
7x49,2x50,0.44043478,2026
1x57,2x41,0.00239130,11
6x56,5x37,0.00065217,3
34x54,3x52,0.55217391,2540
L183:F181:L226:L190,V173:V171:V216:V180,0.00021739,1
34x54,3x54,0.08021739,369
4x65,L174:E172:P217:P181,0.00695652,32
3x42,2x45,0.01456522,67
3x42,2x42,0.01173913,54
L174:E172:P217:P181,V173:V171:V216:V180,0.15152174,697
3x32,2x56,0.01347826,62
6x41,6x41,0.00021739,1
8x51,8x48,0.02978261,137
7x54,2x39,0.00043478,2
4x60,E170:V168:K213:K177,0.00043478,2
45x50,G176:G174:G219:N183,0.04282609,197
G89:G87:N132:G96,23x49,0.12847826,591
D393:P415:S519:S428,Q181:Q179:Q224:Q188,0.00434783,20
R171:R169:R214:R178,V173:V171:V216:V180,0.28391304,1306
7x46,3x40,0.00065217,3
R171:R169:R214:R178,K392:A414:D518:Q427,0.00065217,3
L174:E172:P217:P181,3x22,0.17456522,803
1x29,1x29,0.01130435,52
3x39,7x42,0.00478261,22
4x66,4x68,0.13543478,623
3x39,7x46,0.33217391,1528
3x32,3x25,0.00304348,14
45x50,45x52,0.14652174,674
45x50,45x51,0.03304348,152
45x50,45x50,0.10000000,460
7x54,2x50,0.00500000,23
45x50,23x50,0.02413043,111
2x64,2x61,0.00021739,1
2x64,2x60,0.00500000,23
2x64,2x63,0.06673913,307
2x64,2x65,0.26565217,1222
2x64,2x64,0.08673913,399
2x64,2x66,0.03630435,167
Q181:Q179:Q224:Q188,L183:F181:L226:L190,0.07217391,332
4x65,F182:F180:F225:F189,0.05108696,235
2x65,1x30,0.00086957,4
45x51,V173:V171:V216:V180,0.02695652,124
12x49,2x37,0.08673913,399
2x64,1x30,0.00021739,1
1x60,12x51,0.02347826,108
1x60,12x50,0.03717391,171
3x39,6x48,0.35326087,1625
5x63,6x31,0.03673913,169
E170:V168:K213:K177,S184:S182:S227:S191,0.03347826,154
6x41,7x53,0.00043478,2
1x33,1x30,0.00673913,31
1x33,1x31,0.01173913,54
1x33,1x32,0.04043478,186
1x33,1x33,0.00108696,5
1x33,1x35,0.00021739,1
1x33,1x36,0.00021739,1
3x21,V173:V171:V216:V180,0.00086957,4
3x38,4x46,0.00021739,1
23x49,L174:E172:P217:P181,0.03065217,141
3x50,5x64,0.00239130,11
7x51,7x51,0.00065217,3
4x65,E170:V168:K213:K177,0.22021739,1013
3x50,5x61,0.00065217,3
2x40,2x41,0.00021739,1
2x40,2x40,0.21130435,972
2x40,2x43,0.00108696,5
2x40,2x44,0.00717391,33
8x50,8x50,0.01239130,57
G176:G174:G219:N183,L174:E172:P217:P181,0.36521739,1680
1x33,G89:G87:N132:G96,0.00043478,2
D393:P415:S519:S428,L183:F181:L226:L190,0.07152174,329
1x50,7x47,0.00043478,2
3x49,2x38,0.00021739,1
2x40,12x50,0.07195652,331
3x49,2x37,0.00086957,4
6x48,7x42,0.00565217,26
23x49,2x59,0.10500000,483
45x50,F182:F180:F225:F189,0.00043478,2
45x50,S184:S182:S227:S191,0.00260870,12
1x58,2x41,0.00369565,17
Q181:Q179:Q224:Q188,45x52,0.21217391,976
Q181:Q179:Q224:Q188,45x51,0.51260870,2358
7x35,6x51,0.03326087,153
2x58,7x39,0.00347826,16
8x49,8x51,0.00152174,7
8x49,8x50,0.00130435,6
8x49,8x53,0.01760870,81
8x49,8x52,0.03586957,165
6x61,5x38,0.00108696,5
G176:G174:G219:N183,23x49,0.04543478,209
6x61,5x36,0.00108696,5
6x61,5x37,0.00065217,3
1x38,1x38,0.00043478,2
3x36,3x36,0.15608696,718
7x53,7x53,0.05478261,252
3x36,3x33,0.05478261,252
3x24,23x52,0.00695652,32
3x36,3x39,0.39413043,1813
G176:G174:G219:N183,2x63,0.03739130,172
1x39,7x39,0.00673913,31
7x39,2x60,0.02695652,124
F182:F180:F225:F189,F182:F180:F225:F189,0.01717391,79
1x50,3x39,0.02000000,92
1x31,1x38,0.00065217,3
4x60,3x26,0.02000000,92
23x50,23x50,0.15739130,724
1x31,1x32,0.02826087,130
1x31,1x30,0.24500000,1127
1x31,1x31,0.31673913,1457
6x55,6x55,0.00152174,7
1x31,1x34,0.00021739,1
1x31,1x35,0.00021739,1
A175:D173:P218:D182,2x66,0.00065217,3
3x42,4x45,0.00326087,15
A175:D173:P218:D182,2x63,0.02760870,127
3x36,2x56,0.00304348,14
8x52,1x59,0.00086957,4
E170:V168:K213:K177,V173:V171:V216:V180,0.07326087,337
6x52,45x51,0.00826087,38
C394:C416:C520:C429,6x57,0.00152174,7
C394:C416:C520:C429,6x54,0.00217391,10
5x36,6x60,0.00326087,15
C394:C416:C520:C429,6x58,0.21043478,968
C394:C416:C520:C429,6x59,0.00021739,1
E170:V168:K213:K177,T172:T170:T215:T179,0.35717391,1643
5x64,6x31,0.00086957,4
34x54,3x49,0.00195652,9
4x49,4x50,0.00086957,4
6x52,7x34,0.00086957,4
6x52,7x37,0.00021739,1
C394:C416:C520:C429,L183:F181:L226:L190,0.01000000,46
2x47,2x50,0.01913043,88
3x32,2x63,0.00021739,1
3x32,2x60,0.00152174,7
Q181:Q179:Q224:Q188,5x40,0.00086957,4
1x45,1x50,0.00021739,1
6x61,C394:C416:C520:C429,0.09608696,442
5x461,5x461,0.02717391,125
K392:A414:D518:Q427,2x60,0.00021739,1
K392:A414:D518:Q427,2x63,0.00413043,19
1x40,2x61,0.00043478,2
1x40,2x62,0.00065217,3
3x21,T172:T170:T215:T179,0.00021739,1
2x43,1x53,0.00086957,4
3x39,7x53,0.27369565,1259
3x28,7x38,0.03000000,138
2x50,7x46,0.36608696,1684
2x50,7x42,0.00717391,33
2x50,7x41,0.14108696,649
3x55,3x54,0.15434783,710
3x55,3x55,0.23891304,1099
2x43,7x50,0.00478261,22
4x63,4x66,0.00021739,1
2x43,7x53,0.00043478,2
5x43,4x57,0.00130435,6
S184:S182:S227:S191,V395:I417:I521:I430,0.01173913,54
45x50,L183:F181:L226:L190,0.00108696,5
K392:A414:D518:Q427,5x37,0.00282609,13
7x45,2x46,0.05108696,235
L183:F181:L226:L190,7x38,0.03891304,179
R171:R169:R214:R178,S184:S182:S227:S191,0.00326087,15
Q181:Q179:Q224:Q188,Q181:Q179:Q224:Q188,0.57521739,2646
8x52,8x56,0.05304348,244
L183:F181:L226:L190,7x34,0.05500000,253
8x52,8x52,0.89804348,4131
5x61,5x65,0.00565217,26
5x61,5x61,0.00521739,24
5x61,5x62,0.02456522,113
5x39,6x51,0.00021739,1
4x38,34x53,0.00847826,39
1x36,1x43,0.00282609,13
8x47,8x52,0.00021739,1
3x35,7x49,0.00108696,5
8x47,8x50,0.36108696,1661
7x30,6x58,0.00630435,29
3x35,7x46,0.00130435,6
3x35,7x45,0.00021739,1
3x28,3x28,0.00717391,33
4x60,4x61,0.04000000,184
4x60,4x60,0.00173913,8
4x60,4x63,0.00021739,1
4x60,4x62,0.00195652,9
4x60,4x65,0.03434783,158
4x60,4x64,0.00500000,23
4x60,4x66,0.00021739,1
3x50,5x58,0.53413043,2457
R171:R169:R214:R178,23x50,0.00217391,10
7x31,23x49,0.00195652,9
L183:F181:L226:L190,S184:S182:S227:S191,0.23108696,1063
T172:T170:T215:T179,T172:T170:T215:T179,0.50195652,2309
5x44,L183:F181:L226:L190,0.00065217,3
2x40,12x49,0.16543478,761
2x59,2x63,0.01086957,50
2x59,2x62,0.02934783,135
S184:S182:S227:S191,4x68,0.00195652,9
S184:S182:S227:S191,4x64,0.02086957,96
6x38,5x58,0.00021739,1
8x49,8x47,0.14586957,671
23x51,23x49,0.25195652,1159
4x45,2x42,0.00021739,1
8x49,8x48,0.00282609,13
8x49,8x49,0.00282609,13
G176:G174:G219:N183,23x50,0.24173913,1112
G176:G174:G219:N183,23x52,0.00021739,1
6x61,5x40,0.00173913,8
C394:C416:C520:C429,V395:I417:I521:I430,0.16086957,740
3x36,4x57,0.01456522,67
Q177:E175:E220:Q184,S184:S182:S227:S191,0.00152174,7
12x49,1x59,0.02347826,108
1x46,7x42,0.00065217,3
F182:F180:F225:F189,4x64,0.01717391,79
L183:F181:L226:L190,K392:A414:D518:Q427,0.06956522,320
K392:A414:D518:Q427,V173:V171:V216:V180,0.00195652,9
3x50,3x51,0.00913043,42
3x50,3x50,0.67652174,3112
3x50,3x53,0.86847826,3995
3x50,3x55,0.00043478,2
E170:V168:K213:K177,45x51,0.05043478,232
E170:V168:K213:K177,45x52,0.01478261,68
4x63,4x64,0.00065217,3
6x38,6x38,0.00630435,29
3x55,3x51,0.25239130,1161
1x32,1x32,0.01108696,51
3x51,3x54,0.02652174,122
7x41,3x39,0.06565217,302
7x36,7x39,0.00021739,1
7x36,7x34,0.00021739,1
7x36,7x32,0.00086957,4
Q177:E175:E220:Q184,3x22,0.20434783,940
Q177:E175:E220:Q184,3x21,0.05760870,265
6x58,45x51,0.11347826,522
Q177:E175:E220:Q184,3x28,0.00043478,2
6x57,V395:I417:I521:I430,0.00065217,3
R171:R169:R214:R178,G176:G174:G219:N183,0.01565217,72
5x66,3x54,0.07282609,335
5x66,3x55,0.01826087,84
5x66,3x52,0.00021739,1
5x66,3x53,0.02260870,104
3x22,23x50,0.08869565,408
3x29,6x51,0.00021739,1
6x59,45x51,0.02043478,94
6x59,6x59,0.13108696,603
4x46,4x50,0.00086957,4
4x62,4x66,0.05739130,264
4x62,4x64,0.01543478,71
4x62,4x63,0.00043478,2
4x62,4x62,0.03847826,177
5x52,5x52,0.00043478,2
2x47,2x48,0.00239130,11
5x52,5x56,0.00086957,4
7x31,7x38,0.03652174,168
7x31,7x36,0.00065217,3
7x31,7x34,0.09891304,455
7x31,7x35,0.75152174,3457
7x31,7x32,0.37934783,1745
Q177:E175:E220:Q184,L174:E172:P217:P181,0.30413043,1399
7x31,7x30,0.00891304,41
7x31,7x31,0.97782609,4498
1x45,1x45,0.00021739,1
45x52,F182:F180:F225:F189,0.00130435,6
Q181:Q179:Q224:Q188,5x36,0.28739130,1322
Q181:Q179:Q224:Q188,V173:V171:V216:V180,0.03760870,173
8x48,8x48,0.42500000,1955
G89:G87:N132:G96,2x66,0.09239130,425
G89:G87:N132:G96,2x65,0.01326087,61
G89:G87:N132:G96,2x64,0.02347826,108
G89:G87:N132:G96,2x63,0.22804348,1049
G89:G87:N132:G96,2x62,0.00065217,3
G89:G87:N132:G96,2x60,0.00043478,2
1x34,1x30,0.00021739,1
Q177:E175:E220:Q184,2x60,0.06000000,276
7x54,8x47,0.02282609,105
8x49,7x53,0.00086957,4
3x56,3x55,0.37369565,1719
8x49,7x56,0.00282609,13
7x54,8x49,0.00086957,4
7x54,8x48,0.00065217,3
A175:D173:P218:D182,Q177:E175:E220:Q184,0.40521739,1864
L183:F181:L226:L190,L183:F181:L226:L190,0.12760870,587
2x50,7x50,0.00565217,26
2x50,7x53,0.22152174,1019
4x56,4x55,0.00152174,7
K392:A414:D518:Q427,V395:I417:I521:I430,0.18152174,835
3x36,7x38,0.00434783,20
6x58,5x40,0.36260870,1668
3x28,7x42,0.02847826,131
3x22,4x66,0.04369565,201
R171:R169:R214:R178,Q181:Q179:Q224:Q188,0.37891304,1743
7x54,7x55,0.00086957,4
7x54,7x54,0.00478261,22
7x54,7x56,0.01521739,70
3x22,4x68,0.00043478,2
7x54,7x50,0.01326087,61
7x54,7x53,0.00673913,31
4x43,4x40,0.00130435,6
7x45,2x50,0.63630435,2927
2x37,2x38,0.11282609,519
8x52,8x48,0.73500000,3381
2x37,2x37,0.07521739,346
G89:G87:N132:G96,L174:E172:P217:P181,0.00065217,3
5x63,5x56,0.00043478,2
34x54,2x39,0.00043478,2
34x54,2x38,0.14108696,649
3x38,3x42,0.00282609,13
34x54,2x37,0.00434783,20
L174:E172:P217:P181,T172:T170:T215:T179,0.32521739,1496
D393:P415:S519:S428,G176:G174:G219:N183,0.00043478,2
3x28,3x33,0.00130435,6
S184:S182:S227:S191,T172:T170:T215:T179,0.11000000,506
5x57,5x56,0.00021739,1
6x52,3x36,0.02739130,126
8x49,1x60,0.02826087,130
45x50,Q181:Q179:Q224:Q188,0.01173913,54
7x52,6x40,0.00043478,2
A175:D173:P218:D182,G89:G87:N132:G96,0.09847826,453
7x39,7x42,0.00021739,1
34x52,34x53,0.00456522,21
34x52,34x52,0.31260870,1438
1x60,8x53,0.17804348,819
1x60,8x52,0.32413043,1491
1x39,2x60,0.00108696,5
1x39,2x61,0.00586957,27
1x39,2x62,0.00695652,32
Q181:Q179:Q224:Q188,G176:G174:G219:N183,0.01695652,78
5x66,5x59,0.00239130,11
6x40,6x48,0.00021739,1
34x55,4x38,0.01760870,81
8x47,8x48,0.07608696,350
3x26,V173:V171:V216:V180,0.00260870,12
45x52,V173:V171:V216:V180,0.00021739,1
23x49,45x51,0.00130435,6
3x21,23x50,0.20239130,931
3x21,23x52,0.00130435,6
8x47,8x47,0.64478261,2966
7x35,23x49,0.00695652,32
23x51,23x52,0.02326087,107
23x51,23x50,0.12760870,587
23x51,23x51,0.07673913,353
3x23,3x22,0.12282609,565
K392:A414:D518:Q427,T172:T170:T215:T179,0.00891304,41
2x66,2x66,0.08065217,371
2x66,2x62,0.00021739,1
1x40,1x43,0.00152174,7
3x48,34x53,0.00326087,15
4x65,4x66,0.19978261,919
4x65,4x67,0.01934783,89
23x51,2x63,0.08826087,406
23x51,2x62,0.35086957,1614
4x65,4x62,0.15478261,712
4x65,4x63,0.00130435,6
4x65,4x61,0.21413043,985
4x65,4x68,0.09326087,429
4x65,4x69,0.30739130,1414
45x52,6x59,0.00478261,22
3x50,3x43,0.01152174,53
3x50,3x46,0.00586957,27
3x50,3x47,0.46869565,2156
5x58,5x62,0.00021739,1
45x52,6x51,0.02652174,122
3x50,3x49,0.85456522,3931
6x39,6x38,0.00021739,1
45x52,L174:E172:P217:P181,0.00108696,5
6x34,5x58,0.00130435,6
4x42,3x49,0.00086957,4
5x38,K392:A414:D518:Q427,0.00108696,5
34x54,5x66,0.03543478,163
34x54,5x65,0.00217391,10
3x43,5x58,0.00521739,24
2x46,7x53,0.09826087,452
6x35,5x66,0.00021739,1
8x48,7x53,0.00021739,1
A175:D173:P218:D182,D393:P415:S519:S428,0.00086957,4
3x28,2x60,0.00021739,1
3x52,34x53,0.00260870,12
5x40,5x48,0.00086957,4
5x40,5x43,0.03673913,169
5x40,5x40,0.06478261,298
6x40,7x48,0.00021739,1
8x53,8x53,0.02478261,114
8x48,8x50,0.00347826,16
Q177:E175:E220:Q184,3x33,0.00695652,32
4x60,F182:F180:F225:F189,0.00673913,31
R171:R169:R214:R178,T172:T170:T215:T179,0.59347826,2730
1x60,1x56,0.02608696,120
1x60,1x57,0.01760870,81
7x54,8x50,0.04304348,198
7x54,8x51,0.00130435,6
1x60,1x58,0.02326087,107
1x60,1x59,0.13543478,623
2x48,2x48,0.00043478,2
6x49,6x49,0.00108696,5
3x45,34x53,0.02608696,120
5x40,7x34,0.00782609,36
34x56,34x56,0.46717391,2149
23x52,23x50,0.00065217,3
34x56,34x53,0.00326087,15
23x52,23x52,0.00521739,24
D393:P415:S519:S428,V395:I417:I521:I430,0.52717391,2425
1x39,1x32,0.00760870,35
2x50,3x36,0.42869565,1972
2x50,3x39,0.64565217,2970
S184:S182:S227:S191,5x43,0.00108696,5
2x54,1x39,0.00108696,5
S184:S182:S227:S191,5x40,0.20021739,921
7x54,7x49,0.00043478,2
5x46,4x53,0.00108696,5
5x46,4x57,0.03152174,145
7x35,45x52,0.01195652,55
7x35,45x51,0.14673913,675
5x36,K392:A414:D518:Q427,0.09739130,448
K392:A414:D518:Q427,45x51,0.04652174,214
7x31,V395:I417:I521:I430,0.40282609,1853
8x51,8x47,0.15804348,727
2x64,1x39,0.00021739,1
5x64,5x57,0.00021739,1
2x64,1x32,0.00739130,34
C394:C416:C520:C429,S184:S182:S227:S191,0.01804348,83
5x64,5x59,0.00195652,9
5x66,6x32,0.26630435,1225
5x66,6x31,0.57434783,2642
4x68,4x68,0.10673913,491
3x35,3x39,0.00130435,6
3x35,3x32,0.00021739,1
3x35,3x36,0.00326087,15
45x50,4x64,0.00173913,8
45x50,4x65,0.00782609,36
45x50,4x61,0.00369565,17
7x31,K392:A414:D518:Q427,0.14543478,669
23x50,V173:V171:V216:V180,0.00152174,7
3x33,45x51,0.09500000,437
R171:R169:R214:R178,3x26,0.61239130,2817
R171:R169:R214:R178,3x25,0.03173913,146
R171:R169:R214:R178,3x23,0.02304348,106
R171:R169:R214:R178,3x22,0.27934783,1285
R171:R169:R214:R178,3x21,0.00086957,4
6x51,7x38,0.13673913,629
6x42,6x38,0.00021739,1
L183:F181:L226:L190,5x40,0.20782609,956
L183:F181:L226:L190,5x43,0.02804348,129
7x54,1x50,0.00543478,25
3x26,F182:F180:F225:F189,0.03739130,172
S184:S182:S227:S191,V173:V171:V216:V180,0.00413043,19
2x46,3x39,0.30021739,1381
3x21,23x49,0.03804348,175
2x56,7x42,0.00304348,14
34x57,34x52,0.00282609,13
34x57,34x53,0.04434783,204
34x57,34x56,0.00673913,31
34x57,34x57,0.69608696,3202
G176:G174:G219:N183,3x21,0.08695652,400
G176:G174:G219:N183,3x22,0.13000000,598
3x36,3x40,0.00652174,30
34x57,4x40,0.00021739,1
4x69,45x51,0.00173913,8
6x54,6x51,0.00043478,2
23x51,2x59,0.43543478,2003
6x54,6x58,0.00217391,10
7x35,G176:G174:G219:N183,0.00369565,17
7x31,G176:G174:G219:N183,0.03826087,176
D393:P415:S519:S428,6x57,0.00456522,21
8x56,8x53,0.00130435,6
8x56,8x57,0.08065217,371
8x56,8x56,0.02108696,97
8x56,8x59,0.02304348,106
8x56,8x58,0.00043478,2
3x31,3x28,0.00043478,2
45x50,7x34,0.16760870,771
7x31,G89:G87:N132:G96,0.01478261,68
E170:V168:K213:K177,L174:E172:P217:P181,0.00130435,6
1x50,2x48,0.00347826,16
1x50,2x43,0.09304348,428
6x54,5x40,0.00086957,4
1x50,2x46,0.03739130,172
1x50,2x44,0.00391304,18
F182:F180:F225:F189,45x51,0.02630435,121
45x51,2x60,0.01891304,87
45x51,2x63,0.05956522,274
1x55,1x54,0.00304348,14
1x55,1x55,0.00086957,4
7x34,6x55,0.00130435,6
1x55,1x58,0.00347826,16
7x34,6x51,0.09847826,453
2x46,7x46,0.06608696,304
5x36,6x58,0.02434783,112
5x36,6x59,0.04369565,201
5x36,6x55,0.00021739,1
S184:S182:S227:S191,7x34,0.02217391,102
S184:S182:S227:S191,7x38,0.00608696,28
A175:D173:P218:D182,G176:G174:G219:N183,0.12739130,586
R171:R169:R214:R178,45x51,0.52673913,2423
R171:R169:R214:R178,45x50,0.01260870,58
R171:R169:R214:R178,45x52,0.00086957,4
L174:E172:P217:P181,L174:E172:P217:P181,0.20913043,962
6x57,6x57,0.00195652,9
5x64,3x54,0.78586957,3615
5x64,3x55,0.44239130,2035
5x64,3x51,0.34260870,1576
1x57,12x48,0.00195652,9
7x37,6x48,0.00021739,1
8x55,C435:C457:L560:C470,0.04869565,224
7x31,2x64,0.00108696,5
7x31,2x63,0.15239130,701
7x31,2x60,0.01586957,73
D393:P415:S519:S428,D393:P415:S519:S428,0.96434783,4436
6x31,5x62,0.25391304,1168
5x36,5x39,0.04282609,197
5x36,5x38,0.19326087,889
4x65,L183:F181:L226:L190,0.00021739,1
6x31,5x65,0.13913043,640
5x36,5x37,0.00086957,4
5x36,5x36,0.48652174,2238
5x43,5x43,0.04586957,211
45x52,T172:T170:T215:T179,0.04586957,211
1x60,1x60,0.30217391,1390
1x60,12x48,0.32282609,1485
6x54,V395:I417:I521:I430,0.00021739,1
34x52,3x55,0.05891304,271
Q177:E175:E220:Q184,7x35,0.31782609,1462
Q177:E175:E220:Q184,7x34,0.18369565,845
1x48,1x48,0.00021739,1
Q177:E175:E220:Q184,7x31,0.21434783,986
Q177:E175:E220:Q184,7x32,0.00065217,3
8x51,8x55,0.02695652,124
3x36,5x43,0.00086957,4
8x51,8x50,0.02369565,109
8x51,8x51,0.20478261,942
8x51,8x52,0.04065217,187
5x64,5x66,0.35891304,1651
5x64,5x65,0.30152174,1387
5x64,5x64,0.96478261,4438
2x64,1x29,0.00173913,8
6x61,7x34,0.02391304,110
3x37,4x57,0.05043478,232
3x37,4x53,0.00260870,12
3x37,4x52,0.00021739,1
2x63,2x63,0.20630435,949
23x49,2x64,0.00152174,7
23x49,2x65,0.00478261,22
23x49,2x66,0.16413043,755
2x57,1x43,0.00108696,5
23x49,2x62,0.04434783,204
23x49,2x63,0.03608696,166
E170:V168:K213:K177,3x22,0.00326087,15
4x60,4x55,0.00065217,3
4x60,4x56,0.00108696,5
3x31,2x56,0.00217391,10
7x45,3x40,0.01760870,81
3x27,2x56,0.00065217,3
2x57,2x61,0.00021739,1
7x49,7x53,0.59000000,2714
7x49,7x52,0.00847826,39
7x35,1x39,0.00021739,1
3x36,7x42,0.01891304,87
K392:A414:D518:Q427,6x58,0.35173913,1618
K392:A414:D518:Q427,6x59,0.22565217,1038
K392:A414:D518:Q427,6x54,0.00043478,2
K392:A414:D518:Q427,6x55,0.00891304,41
K392:A414:D518:Q427,6x51,0.00021739,1
L183:F181:L226:L190,5x37,0.00304348,14
5x63,5x62,0.24239130,1115
2x39,7x56,0.00086957,4
2x39,7x53,0.02565217,118
Q181:Q179:Q224:Q188,6x59,0.00391304,18
Q181:Q179:Q224:Q188,6x58,0.00826087,38
L183:F181:L226:L190,T172:T170:T215:T179,0.01521739,70
4x49,3x42,0.00130435,6
3x47,7x53,0.01717391,79
7x56,6x32,0.02847826,131
7x56,6x36,0.18195652,837
5x38,5x39,0.01391304,64
5x38,5x38,0.00760870,35
3x50,6x36,0.00739130,34
3x50,6x37,0.02565217,118
A175:D173:P218:D182,45x50,0.00586957,27
A175:D173:P218:D182,45x51,0.05326087,245
3x25,23x50,0.00021739,1
1x57,1x59,0.00478261,22
4x39,2x41,0.02652174,122
1x57,1x53,0.00369565,17
6x61,S184:S182:S227:S191,0.05673913,261
1x57,1x56,0.01652174,76
1x57,1x57,0.01260870,58
7x49,1x50,0.03717391,171
6x37,5x58,0.01152174,53
6x58,7x34,0.15956522,734
6x58,7x38,0.00130435,6
1x59,1x59,0.17065217,785
4x57,3x33,0.00543478,25
A175:D173:P218:D182,E170:V168:K213:K177,0.00130435,6
4x57,4x57,0.00217391,10
Q181:Q179:Q224:Q188,K392:A414:D518:Q427,0.08065217,371
12x48,1x59,0.44673913,2055
34x53,34x53,0.02369565,109
1x56,1x56,0.01260870,58
1x50,2x50,0.07913043,364
3x21,3x21,0.02934783,135
3x21,3x22,0.07913043,364
3x21,3x23,0.01217391,56
23x49,V173:V171:V216:V180,0.00043478,2
12x51,2x38,0.06086957,280
12x51,2x37,0.00826087,38
3x45,3x48,0.00239130,11
1x56,8x53,0.00239130,11
3x25,4x61,0.01478261,68
2x66,23x50,0.00239130,11
1x54,1x53,0.00021739,1
5x64,3x52,0.00086957,4
1x54,1x57,0.00043478,2
1x54,1x59,0.00021739,1
1x54,1x58,0.00782609,36
34x51,3x55,0.02152174,99
2x65,2x63,0.00043478,2
2x65,2x61,0.00021739,1
2x65,2x66,0.16543478,761
2x65,2x65,0.07347826,338
5x43,7x34,0.00021739,1
8x52,8x53,0.23108696,1063
3x32,45x50,0.05478261,252
12x51,1x59,0.15391304,708
12x51,1x57,0.04108696,189
12x51,1x56,0.00043478,2
2x50,6x48,0.35413043,1629
7x39,7x39,0.00413043,19
E170:V168:K213:K177,4x69,0.34739130,1598
E170:V168:K213:K177,4x68,0.29739130,1368
E170:V168:K213:K177,4x61,0.00021739,1
E170:V168:K213:K177,4x62,0.00021739,1
E170:V168:K213:K177,4x64,0.11000000,506
E170:V168:K213:K177,4x67,0.01217391,56
E170:V168:K213:K177,4x66,0.04434783,204
7x31,L183:F181:L226:L190,0.00021739,1
3x24,3x24,0.00086957,4
3x24,3x23,0.13826087,636
3x24,3x22,0.04239130,195
3x24,3x21,0.00021739,1
6x33,6x36,0.01652174,76
6x33,6x34,0.21239130,977
6x33,6x32,0.21760870,1001
6x33,6x33,0.09391304,432
6x33,6x31,0.11369565,523
2x56,7x38,0.00326087,15
5x461,3x39,0.00021739,1
6x33,7x56,0.00130435,6
5x461,3x36,0.25304348,1164
5x461,3x37,0.11695652,538
6x60,S184:S182:S227:S191,0.01000000,46
5x461,3x33,0.00956522,44
T172:T170:T215:T179,45x51,0.43304348,1992
4x61,3x23,0.00043478,2
4x61,3x22,0.00043478,2
2x47,1x50,0.01956522,90
45x52,7x42,0.00195652,9
2x39,2x40,0.56000000,2576
2x57,1x39,0.00043478,2
7x52,6x36,0.00869565,40
7x49,7x48,0.00021739,1
7x49,7x49,0.49130435,2260
7x49,7x46,0.13630435,627
7x49,7x41,0.04043478,186
7x49,7x42,0.00195652,9
4x69,4x68,0.21630435,995
5x44,45x51,0.00173913,8
2x56,3x28,0.00413043,19
3x32,6x48,0.00608696,28
G89:G87:N132:G96,1x29,0.00043478,2
3x33,7x38,0.16847826,775
45x50,K392:A414:D518:Q427,0.00086957,4
S184:S182:S227:S191,3x33,0.00021739,1
Q181:Q179:Q224:Q188,6x60,0.00043478,2
7x55,7x55,0.01456522,67
7x55,7x51,0.00043478,2
3x33,2x60,0.00065217,3
3x33,2x63,0.00021739,1
G176:G174:G219:N183,7x34,0.00152174,7
3x50,6x41,0.00304348,14
3x50,6x40,0.00086957,4
34x50,3x53,0.00826087,38
2x64,45x51,0.00021739,1
Q177:E175:E220:Q184,E170:V168:K213:K177,0.00086957,4
2x64,7x39,0.00239130,11
2x64,7x32,0.00434783,20
C435:C457:L560:C470,8x58,0.01869565,86
C435:C457:L560:C470,8x59,0.16934783,779
4x65,S184:S182:S227:S191,0.00565217,26
T172:T170:T215:T179,23x50,0.00043478,2
7x31,V173:V171:V216:V180,0.00065217,3
C435:C457:L560:C470,8x56,0.04413043,203
C435:C457:L560:C470,8x57,0.00391304,18
2x40,7x56,0.01565217,72
6x56,6x57,0.00347826,16
K392:A414:D518:Q427,K392:A414:D518:Q427,0.55434783,2550
5x461,4x57,0.00630435,29
2x45,4x50,0.00369565,17
7x49,6x41,0.00108696,5
7x49,6x40,0.70804348,3257
7x49,6x47,0.01021739,47
7x49,6x44,0.01326087,61
7x49,6x48,0.15586957,717
3x56,4x41,0.00347826,16
5x60,5x59,0.00826087,38
5x60,5x56,0.00934783,43
5x60,5x57,0.00043478,2
4x40,12x51,0.00086957,4
4x41,4x39,0.00021739,1
4x41,4x38,0.18239130,839
1x50,7x53,0.01847826,85
1x36,1x40,0.00021739,1
2x58,2x62,0.02652174,122
2x58,2x61,0.01413043,65
8x55,8x48,0.09282609,427
3x56,3x53,0.45586957,2097
Q177:E175:E220:Q184,2x64,0.00739130,34
3x56,3x51,0.15282609,703
Q177:E175:E220:Q184,2x66,0.00347826,16
3x56,3x56,0.49478261,2276
Q177:E175:E220:Q184,2x63,0.37804348,1739
3x56,3x54,0.00434783,20
3x54,3x54,0.06021739,277
7x35,7x39,0.26978261,1241
12x51,12x51,0.33217391,1528
3x26,T172:T170:T215:T179,0.01586957,73
3x50,2x39,0.74282609,3417
3x22,V173:V171:V216:V180,0.01152174,53
5x44,3x33,0.01934783,89
5x44,3x37,0.00043478,2
7x52,7x56,0.00347826,16
7x52,7x53,0.01913043,88
7x52,7x52,0.00260870,12
7x52,7x51,0.00826087,38
Q177:E175:E220:Q184,7x38,0.06826087,314
8x57,8x57,0.00913043,42
6x59,6x55,0.00913043,42
Q181:Q179:Q224:Q188,F182:F180:F225:F189,0.27934783,1285
1x35,7x39,0.00021739,1
8x57,8x58,0.01326087,61
8x57,8x59,0.00847826,39
3x53,34x53,0.11543478,531
6x59,6x57,0.00369565,17
7x31,S184:S182:S227:S191,0.00130435,6
K392:A414:D518:Q427,5x40,0.07152174,329
Q177:E175:E220:Q184,45x52,0.00260870,12
Q177:E175:E220:Q184,45x51,0.31282609,1439
7x33,7x34,0.00021739,1
7x33,7x32,0.02260870,104
7x33,7x33,0.00086957,4
5x64,5x62,0.03217391,148
1x58,1x57,0.05978261,275
2x45,2x45,0.00021739,1
6x41,6x36,0.00043478,2
5x64,5x61,0.03760870,173
1x58,1x59,0.23739130,1092
1x58,1x58,0.36521739,1680
L174:E172:P217:P181,K392:A414:D518:Q427,0.00086957,4
5x38,F182:F180:F225:F189,0.00043478,2
23x52,2x62,0.07021739,323
23x52,2x63,0.01108696,51
4x65,3x23,0.00043478,2
4x65,3x22,0.02782609,128
6x40,7x53,0.05500000,253
7x31,7x33,0.00630435,29
2x43,2x43,0.00043478,2
34x57,3x49,0.63478261,2920
34x57,3x46,0.00021739,1
2x47,2x43,0.00065217,3
6x35,6x31,0.10869565,500
6x35,6x32,0.09000000,414
6x35,6x35,0.31630435,1455
6x35,6x36,0.11043478,508
6x35,6x38,0.04282609,197
3x56,34x52,0.31695652,1458
3x56,34x53,0.00782609,36
3x56,34x50,0.00043478,2
3x56,34x51,0.06000000,276
3x56,34x56,0.06913043,318
3x56,34x57,0.00413043,19
3x56,34x54,0.56717391,2609
6x37,3x47,0.00108696,5
5x46,3x33,0.00239130,11
5x46,3x37,0.04326087,199
4x65,T172:T170:T215:T179,0.21543478,991
3x53,3x51,0.00239130,11
3x53,3x53,0.59543478,2739
3x53,3x54,0.05869565,270
23x52,3x23,0.16086957,740
5x61,3x52,0.00021739,1
3x32,6x51,0.04282609,197
5x37,5x40,0.01934783,89
6x41,3x47,0.00630435,29
3x33,7x42,0.02260870,104
34x54,34x53,0.03413043,157
34x54,34x51,0.00347826,16
34x54,34x50,0.23739130,1092
34x54,34x57,0.65913043,3032
34x54,34x54,0.82782609,3808
5x44,6x51,0.03326087,153
5x44,6x52,0.03891304,179
5x43,3x33,0.17021739,783
3x42,3x42,0.01717391,79
D393:P415:S519:S428,45x51,0.07739130,356
D393:P415:S519:S428,45x52,0.00456522,21
8x57,1x59,0.00021739,1
2x54,2x55,0.00195652,9
5x56,3x51,0.00304348,14
4x65,Q181:Q179:Q224:Q188,0.36260870,1668
2x49,7x45,0.02239130,103
2x49,7x46,0.02152174,99
2x49,7x41,0.00021739,1
2x40,7x53,0.01804348,83
6x56,6x56,0.00086957,4
6x56,6x59,0.00434783,20
1x54,12x51,0.00021739,1
2x49,7x49,0.02108696,97
7x35,7x32,0.29673913,1365
7x35,7x33,0.00021739,1
7x35,7x30,0.00108696,5
7x35,7x36,0.00217391,10
7x35,7x34,0.22673913,1043
7x35,7x35,0.91108696,4191
7x35,7x38,0.09217391,424
7x53,3x40,0.00021739,1
6x61,V395:I417:I521:I430,0.09065217,417
6x37,6x36,0.00130435,6
23x51,G176:G174:G219:N183,0.00434783,20
2x49,2x50,0.07586957,349
6x61,L183:F181:L226:L190,0.02434783,112
3x46,3x53,0.01000000,46
5x60,3x52,0.00043478,2
5x60,3x53,0.00326087,15
5x60,3x54,0.06804348,313
5x60,3x55,0.11630435,535
3x53,5x65,0.00586957,27
6x36,6x36,0.18630435,857
Q177:E175:E220:Q184,V173:V171:V216:V180,0.08086957,372
5x60,3x51,0.32956522,1516
2x61,7x39,0.00130435,6
7x30,V395:I417:I521:I430,0.01239130,57
5x66,34x51,0.00043478,2
A175:D173:P218:D182,S184:S182:S227:S191,0.00021739,1
L183:F181:L226:L190,6x51,0.11739130,540
7x41,6x48,0.13000000,598
L183:F181:L226:L190,6x55,0.02934783,135
8x51,7x51,0.00782609,36
8x51,7x50,0.00021739,1
8x51,7x53,0.00195652,9
5x43,45x51,0.06217391,286
7x41,6x47,0.00108696,5
5x47,3x36,0.00043478,2
5x60,5x63,0.28869565,1328
6x48,6x48,0.02108696,97
5x60,5x61,0.00282609,13
5x60,5x60,0.30543478,1405
5x60,5x66,0.00869565,40
5x60,5x65,0.00717391,33
8x50,7x53,0.07000000,322
5x37,6x55,0.00282609,13
7x49,3x36,0.03913043,180
2x58,2x57,0.00130435,6
R171:R169:R214:R178,F182:F180:F225:F189,0.00108696,5
2x58,2x54,0.00434783,20
2x58,2x59,0.00043478,2
2x58,2x58,0.02043478,94
5x37,6x59,0.00608696,28
3x33,3x33,0.06695652,308
D393:P415:S519:S428,5x36,0.00500000,23
8x55,8x52,0.57000000,2622
8x55,8x53,0.00065217,3
8x55,8x55,0.25782609,1186
8x55,8x56,0.03717391,171
8x55,8x58,0.00521739,24
8x55,8x59,0.01478261,68
8x47,2x40,0.64413043,2963
2x60,2x60,0.05478261,252
2x60,2x63,0.13021739,599
4x53,4x57,0.00130435,6
4x53,4x50,0.00086957,4
3x26,L174:E172:P217:P181,0.01543478,71
2x47,3x39,0.00086957,4
1x29,1x32,0.02108696,97
7x54,2x43,0.01565217,72
1x29,1x30,0.00239130,11
7x54,2x47,0.00282609,13
1x31,2x64,0.00652174,30
1x31,2x65,0.00478261,22
1x31,2x66,0.00021739,1
2x49,3x39,0.05891304,271
7x30,45x51,0.00043478,2
2x49,3x36,0.05760870,265
6x48,3x40,0.00804348,37
2x62,23x50,0.00086957,4
7x46,7x42,0.01391304,64
7x46,7x47,0.00021739,1
7x46,7x46,0.16478261,758
7x41,7x38,0.02326087,107
5x39,3x33,0.00043478,2
45x52,4x68,0.00021739,1
G89:G87:N132:G96,45x51,0.01826087,84
34x57,2x38,0.26717391,1229
34x57,2x39,0.41608696,1914
7x54,1x49,0.00021739,1
34x57,2x37,0.45282609,2083
5x47,6x48,0.00021739,1
4x56,4x56,0.00043478,2
5x56,5x56,0.00195652,9
1x43,1x39,0.01413043,65
7x42,2x60,0.00543478,25
1x31,1x29,0.01326087,61
3x32,45x51,0.00021739,1
2x40,1x57,0.01760870,81
2x40,1x56,0.06413043,295
2x40,1x54,0.00065217,3
2x40,1x53,0.11456522,527
T172:T170:T215:T179,3x22,0.19652174,904
2x50,2x50,0.52478261,2414
E170:V168:K213:K177,G176:G174:G219:N183,0.00021739,1
7x35,2x63,0.63391304,2916
7x35,2x60,0.47173913,2170
7x35,2x61,0.00043478,2
7x35,2x64,0.11456522,527
7x35,2x65,0.00021739,1
3x39,3x40,0.00673913,31
34x57,3x53,0.79804348,3671
34x57,3x52,0.00021739,1
45x50,3x22,0.01043478,48
5x59,5x59,0.01630435,75
1x56,12x48,0.00021739,1
2x40,2x37,0.16500000,759
8x53,1x59,0.09608696,442
5x46,5x461,0.00891304,41
2x41,2x41,0.20260870,932
8x58,8x59,0.09021739,415
8x58,8x58,0.02086957,96
5x66,34x50,0.00413043,19
5x66,34x52,0.00065217,3
2x37,2x41,0.00304348,14
3x32,Q177:E175:E220:Q184,0.00891304,41
K392:A414:D518:Q427,6x60,0.28413043,1307
3x36,6x48,0.20369565,937
6x61,6x60,0.02478261,114
1x58,12x51,0.41326087,1901
L183:F181:L226:L190,6x59,0.08282609,381
L183:F181:L226:L190,6x58,0.25586957,1177
8x51,7x55,0.07521739,346
4x50,4x50,0.00152174,7
D393:P415:S519:S428,S184:S182:S227:S191,0.12739130,586
5x62,5x62,0.15826087,728
Q177:E175:E220:Q184,Q181:Q179:Q224:Q188,0.19217391,884
8x51,7x52,0.00217391,10
6x36,7x53,0.00021739,1
4x60,Q181:Q179:Q224:Q188,0.23304348,1072
7x54,7x51,0.00021739,1
5x60,5x64,0.62326087,2867
3x50,8x47,0.03304348,152
A175:D173:P218:D182,L174:E172:P217:P181,0.07217391,332
C394:C416:C520:C429,45x51,0.00478261,22
2x49,2x46,0.01065217,49
3x23,T172:T170:T215:T179,0.00021739,1
5x44,5x44,0.00021739,1
5x44,5x43,0.01065217,49
5x44,5x40,0.00347826,16
7x46,6x48,0.26152174,1203
8x52,C435:C457:L560:C470,0.04652174,214
5x58,7x53,0.03456522,159
C394:C416:C520:C429,7x31,0.01347826,62
C394:C416:C520:C429,7x30,0.00217391,10
C394:C416:C520:C429,7x34,0.08913043,410
A175:D173:P218:D182,T172:T170:T215:T179,0.06173913,284
7x32,7x39,0.00152174,7
8x51,7x56,0.03739130,172
2x58,2x55,0.00347826,16
7x32,7x32,0.15173913,698
7x32,7x34,0.00021739,1
45x52,45x51,0.09500000,437
45x52,45x52,0.09434783,434
5x37,6x58,0.05326087,245
23x51,Q177:E175:E220:Q184,0.00152174,7
6x51,6x55,0.00239130,11
6x51,6x51,0.12586957,579
6x40,5x58,0.10586957,487
D393:P415:S519:S428,6x60,0.01782609,82
D393:P415:S519:S428,6x61,0.20347826,936
5x36,E170:V168:K213:K177,0.01413043,65
7x42,7x42,0.02673913,123
T172:T170:T215:T179,2x63,0.00478261,22
4x69,4x66,0.15478261,712
4x69,4x67,0.17282609,795
4x69,4x64,0.10000000,460
7x34,2x60,0.11434783,526
7x34,2x63,0.04413043,203
4x69,4x69,0.22543478,1037
2x40,8x50,0.00804348,37
6x33,5x58,0.00282609,13
7x46,7x53,0.00108696,5
2x50,3x40,0.00086957,4
6x32,6x36,0.17891304,823
3x38,4x49,0.00021739,1
7x34,V395:I417:I521:I430,0.15043478,692
6x32,6x32,0.49782609,2290
5x38,5x37,0.00021739,1
12x50,2x37,0.00108696,5
A175:D173:P218:D182,R171:R169:R214:R178,0.02391304,110
Q181:Q179:Q224:Q188,4x67,0.00108696,5
G89:G87:N132:G96,7x32,0.00065217,3
1x43,2x61,0.00260870,12
1x43,2x62,0.00021739,1
45x51,4x68,0.00326087,15
7x45,6x48,0.12565217,578
7x45,6x47,0.00521739,24
7x45,6x44,0.00869565,40
4x55,4x55,0.00021739,1
7x45,6x41,0.00043478,2
7x45,6x40,0.55782609,2566
34x54,3x53,0.73108696,3363
4x64,V173:V171:V216:V180,0.00369565,17
2x50,2x46,0.33543478,1543
4x69,S184:S182:S227:S191,0.01500000,69
2x50,2x43,0.08500000,391
34x53,2x38,0.00021739,1
6x44,7x53,0.01000000,46
3x32,3x32,0.23630435,1087
6x32,5x65,0.04434783,204
6x32,5x62,0.00347826,16
6x41,5x58,0.01065217,49
7x54,2x40,0.00043478,2
5x47,6x51,0.00021739,1
6x49,5x48,0.00434783,20
5x59,5x62,0.00804348,37
5x44,5x461,0.00043478,2
7x32,45x51,0.00173913,8
6x33,3x50,0.04130435,190
Q177:E175:E220:Q184,G176:G174:G219:N183,0.42434783,1952
3x50,7x56,0.21260870,978
3x50,7x53,0.42913043,1974
3x50,7x52,0.17543478,807
6x61,6x59,0.09913043,456
6x61,6x58,0.25630435,1179
6x61,6x57,0.00173913,8
6x61,6x56,0.00065217,3
6x61,6x54,0.00065217,3
3x32,2x52,0.00152174,7
3x36,6x51,0.07173913,330
1x58,12x48,0.01956522,90
Q181:Q179:Q224:Q188,T172:T170:T215:T179,0.43608696,2006
V395:I417:I521:I430,V395:I417:I521:I430,0.25847826,1189
5x40,7x38,0.00760870,35
7x41,3x36,0.44000000,2024
3x32,3x31,0.00152174,7
4x42,4x38,0.00891304,41
3x23,V173:V171:V216:V180,0.00043478,2
6x60,6x60,0.10391304,478
F182:F180:F225:F189,S184:S182:S227:S191,0.05543478,255
3x26,3x21,0.00021739,1
3x26,3x23,0.03804348,175
3x26,3x22,0.24739130,1138
3x26,3x25,0.10739130,494
3x26,3x26,0.46282609,2129
3x25,Q181:Q179:Q224:Q188,0.02391304,110
4x42,34x53,0.00434783,20
4x42,34x56,0.00108696,5
6x52,6x59,0.00043478,2
6x52,6x55,0.00260870,12
6x61,Q181:Q179:Q224:Q188,0.00021739,1
6x52,6x51,0.33369565,1535
6x52,6x52,0.30565217,1406
S184:S182:S227:S191,6x59,0.18586957,855
S184:S182:S227:S191,6x58,0.34956522,1608
S184:S182:S227:S191,6x55,0.01673913,77
S184:S182:S227:S191,6x57,0.00065217,3
S184:S182:S227:S191,6x51,0.00282609,13
A175:D173:P218:D182,V173:V171:V216:V180,0.32630435,1501
5x43,6x51,0.24630435,1133
4x64,45x51,0.00543478,25
8x59,8x59,0.11108696,511
4x40,4x38,0.10413043,479
4x40,4x39,0.01021739,47
23x51,L174:E172:P217:P181,0.00173913,8
3x26,Q177:E175:E220:Q184,0.04434783,204
4x41,4x41,0.36173913,1664
7x41,6x44,0.00021739,1
7x35,V395:I417:I521:I430,0.00021739,1
6x52,3x33,0.17000000,782
2x47,7x49,0.00434783,20
45x50,23x49,0.00282609,13
6x34,6x35,0.00130435,6
6x34,6x34,0.00130435,6
6x34,6x32,0.18913043,870
6x34,6x31,0.07347826,338
6x34,6x38,0.00065217,3
F182:F180:F225:F189,3x33,0.00804348,37
1x40,1x39,0.00065217,3
3x38,4x53,0.00021739,1
3x38,4x50,0.00043478,2
A175:D173:P218:D182,A175:D173:P218:D182,0.32347826,1488
1x30,1x30,0.11260870,518
1x30,1x32,0.01021739,47
Q177:E175:E220:Q184,23x49,0.07760870,357
45x52,3x33,0.12065217,555
1x57,8x53,0.00043478,2
Q181:Q179:Q224:Q188,E170:V168:K213:K177,0.27500000,1265
7x30,7x34,0.00326087,15
7x30,7x30,0.00021739,1
7x30,7x32,0.00043478,2
1x60,8x56,0.00021739,1
2x38,2x38,0.02521739,116
5x41,5x40,0.00086957,4
6x61,K392:A414:D518:Q427,0.11456522,527
5x41,5x48,0.00021739,1
3x56,5x60,0.00782609,36
1x49,7x50,0.00152174,7
6x43,7x45,0.00478261,22
3x56,5x64,0.09521739,438
3x56,5x65,0.00065217,3
3x56,5x66,0.00086957,4
8x47,12x49,0.14847826,683
6x43,7x49,0.01282609,59
5x40,3x33,0.10347826,476
45x51,45x51,0.38369565,1765
3x33,6x51,0.37217391,1712
Q181:Q179:Q224:Q188,4x68,0.02086957,96
Q181:Q179:Q224:Q188,4x69,0.12000000,552
6x37,6x41,0.00043478,2
Q181:Q179:Q224:Q188,4x61,0.27869565,1282
Q181:Q179:Q224:Q188,4x62,0.01130435,52
Q181:Q179:Q224:Q188,4x64,0.15565217,716
Q181:Q179:Q224:Q188,4x66,0.02326087,107
4x66,4x66,0.12369565,569
1x36,2x57,0.00021739,1
6x35,8x47,0.00152174,7
L174:E172:P217:P181,45x51,0.06869565,316
7x55,6x36,0.16391304,754
7x55,6x32,0.00760870,35
3x50,7x49,0.00239130,11
G89:G87:N132:G96,G89:G87:N132:G96,0.15630435,719
6x40,3x47,0.07652174,352
6x40,3x43,0.00043478,2
7x31,T172:T170:T215:T179,0.02304348,106
5x461,5x43,0.00652174,30
7x38,7x42,0.08021739,369
5x461,5x47,0.00021739,1
5x56,5x59,0.00043478,2
3x25,7x42,0.00021739,1
4x41,3x45,0.00543478,25
6x56,6x60,0.00326087,15
1x56,1x53,0.02391304,110
4x41,3x49,0.02347826,108
4x41,3x48,0.00891304,41
3x43,7x53,0.00043478,2
23x49,23x50,0.14695652,676
23x49,23x52,0.04260870,196
6x39,7x53,0.00021739,1
G176:G174:G219:N183,K392:A414:D518:Q427,0.00456522,21
Q177:E175:E220:Q184,T172:T170:T215:T179,0.27152174,1249
3x56,3x52,0.00195652,9
5x37,S184:S182:S227:S191,0.00108696,5
6x52,5x48,0.00652174,30
6x52,6x48,0.00652174,30
6x52,6x49,0.00021739,1
6x52,5x43,0.20478261,942
6x52,6x47,0.00021739,1
6x52,5x41,0.00021739,1
6x52,5x40,0.13891304,639
6x52,5x47,0.00347826,16
5x36,T172:T170:T215:T179,0.04239130,195
7x38,2x60,0.06782609,312
7x38,2x63,0.02934783,135
34x51,34x52,0.23195652,1067
3x25,Q177:E175:E220:Q184,0.00065217,3
34x51,34x50,0.00065217,3
34x51,34x51,0.05913043,272
34x51,34x56,0.06413043,295
45x51,V395:I417:I521:I430,0.03217391,148
2x52,3x28,0.00043478,2
7x54,3x50,0.00456522,21
4x40,4x41,0.07804348,359
4x40,4x40,0.36260870,1668
6x54,45x51,0.00043478,2
34x50,34x52,0.00065217,3
34x50,34x50,0.00108696,5
5x39,5x43,0.00065217,3
D393:P415:S519:S428,C394:C416:C520:C429,0.30673913,1411
45x50,L174:E172:P217:P181,0.01739130,80
2x55,2x55,0.00021739,1
5x36,S184:S182:S227:S191,0.49391304,2272
6x39,6x40,0.00043478,2
23x51,G89:G87:N132:G96,0.00065217,3
2x47,7x50,0.00086957,4
4x53,2x45,0.00021739,1
6x34,5x65,0.03413043,157
6x34,5x66,0.24239130,1115
6x34,5x61,0.00130435,6
V173:V171:V216:V180,V173:V171:V216:V180,0.26108696,1201
6x58,V395:I417:I521:I430,0.27326087,1257
3x37,3x32,0.00630435,29
3x37,3x33,0.07391304,340
3x37,3x36,0.25934783,1193
3x37,3x37,0.06086957,280
3x37,3x39,0.00021739,1
F182:F180:F225:F189,6x58,0.00021739,1
3x22,3x22,0.24978261,1149
F182:F180:F225:F189,6x51,0.00500000,23
4x61,F182:F180:F225:F189,0.04521739,208
K392:A414:D518:Q427,S184:S182:S227:S191,0.23934783,1101
Q177:E175:E220:Q184,23x50,0.12456522,573
3x26,4x68,0.00065217,3
4x65,5x36,0.00673913,31
34x57,2x40,0.00782609,36
3x26,4x61,0.37369565,1719
3x26,4x62,0.30282609,1393
3x26,4x63,0.00369565,17
3x26,4x64,0.03304348,152
3x26,4x65,0.42021739,1933
3x26,4x66,0.11326087,521
2x58,1x36,0.01695652,78
2x58,1x39,0.03260870,150
6x35,7x55,0.00934783,43
6x35,7x56,0.00500000,23
6x35,7x51,0.00173913,8
1x43,1x43,0.00195652,9
12x48,12x48,0.47891304,2203
23x49,T172:T170:T215:T179,0.00021739,1
6x56,6x51,0.00043478,2
3x23,3x23,0.05347826,246
L174:E172:P217:P181,2x63,0.00239130,11
G176:G174:G219:N183,V173:V171:V216:V180,0.09282609,427
6x43,7x53,0.00043478,2
1x49,7x47,0.00021739,1
3x39,3x39,0.43108696,1983
D393:P415:S519:S428,K392:A414:D518:Q427,0.73500000,3381
7x55,8x50,0.00282609,13
3x32,7x38,0.24239130,1115
T172:T170:T215:T179,4x66,0.00043478,2
2x54,1x43,0.00630435,29
R171:R169:R214:R178,Q177:E175:E220:Q184,0.25652174,1180
5x36,F182:F180:F225:F189,0.05239130,241
2x54,1x46,0.00021739,1
6x35,8x51,0.00413043,19
3x25,4x65,0.04565217,210
Q177:E175:E220:Q184,K392:A414:D518:Q427,0.04565217,210
3x50,34x57,0.06369565,293
45x52,2x60,0.00108696,5
45x52,2x63,0.00869565,40
Q177:E175:E220:Q184,6x58,0.00021739,1
8x47,7x56,0.43717391,2011
Q177:E175:E220:Q184,6x51,0.00086957,4
8x47,7x55,0.08304348,382
8x47,7x53,0.35608696,1638
2x47,2x44,0.00260870,12
8x47,6x36,0.29652174,1364
8x47,6x32,0.00760870,35
2x54,7x42,0.00021739,1
2x54,7x47,0.00021739,1
7x38,7x38,0.11021739,507
4x65,4x64,0.17086957,786
4x65,4x65,0.36652174,1686
45x52,7x34,0.05543478,255
12x51,12x48,0.25282609,1163
45x52,7x38,0.19260870,886
5x65,5x58,0.00130435,6
23x49,23x49,0.30108696,1385
2x47,2x46,0.00108696,5
7x31,L174:E172:P217:P181,0.00086957,4
6x39,7x48,0.00043478,2
6x39,7x49,0.00043478,2
4x61,4x62,0.13391304,616
4x61,4x63,0.00217391,10
4x61,4x61,0.06152174,283
4x61,4x66,0.03478261,160
4x61,4x64,0.01652174,76
6x39,7x45,0.00043478,2
T172:T170:T215:T179,4x68,0.01326087,61
T172:T170:T215:T179,4x64,0.07782609,358
3x51,3x51,0.17326087,797
4x62,F182:F180:F225:F189,0.00021739,1
6x51,7x42,0.00130435,6
4x61,T172:T170:T215:T179,0.00043478,2
3x35,2x50,0.00217391,10
7x47,7x42,0.00021739,1
7x47,7x47,0.00021739,1
7x33,V395:I417:I521:I430,0.00043478,2
5x46,5x43,0.00086957,4
5x46,5x46,0.00282609,13
D393:P415:S519:S428,7x30,0.01152174,53
D393:P415:S519:S428,7x31,0.31108696,1431
5x36,V173:V171:V216:V180,0.00065217,3
D393:P415:S519:S428,7x34,0.10086957,464
5x36,L183:F181:L226:L190,0.01978261,91
3x29,7x38,0.00130435,6
2x52,3x31,0.00043478,2
1x43,7x42,0.00086957,4
1x43,7x47,0.00086957,4
8x51,6x36,0.02956522,136
6x39,6x35,0.00282609,13
5x65,3x54,0.03260870,150
6x60,5x40,0.00021739,1
1x36,1x39,0.00804348,37
R171:R169:R214:R178,E170:V168:K213:K177,0.72891304,3353
1x36,1x36,0.00021739,1
1x36,1x35,0.00021739,1
4x60,R171:R169:R214:R178,0.00326087,15
A175:D173:P218:D182,3x26,0.00021739,1
A175:D173:P218:D182,3x22,0.01543478,71
A175:D173:P218:D182,3x21,0.02065217,95
A175:D173:P218:D182,Q181:Q179:Q224:Q188,0.05608696,258
34x57,4x41,0.00130435,6
C394:C416:C520:C429,C394:C416:C520:C429,0.06608696,304
D393:P415:S519:S428,6x59,0.00826087,38
D393:P415:S519:S428,6x58,0.36369565,1673
D393:P415:S519:S428,6x54,0.00130435,6
1x33,2x64,0.00152174,7
1x33,2x65,0.00478261,22
45x52,K392:A414:D518:Q427,0.02739130,126
6x33,5x62,0.04239130,195
3x37,3x41,0.00021739,1
6x33,5x65,0.08152174,375
6x33,5x66,0.23717391,1091
K392:A414:D518:Q427,7x30,0.01108696,51
K392:A414:D518:Q427,7x32,0.00021739,1
K392:A414:D518:Q427,7x34,0.06391304,294
4x65,45x51,0.19673913,905
K392:A414:D518:Q427,7x38,0.00195652,9
4x65,45x52,0.00130435,6
4x39,4x38,0.00021739,1
4x39,4x39,0.00065217,3
E170:V168:K213:K177,K392:A414:D518:Q427,0.00260870,12
12x48,2x37,0.01173913,54
7x45,7x53,0.22260870,1024
4x69,T172:T170:T215:T179,0.10782609,496
5x63,5x66,0.46282609,2129
5x63,5x64,0.56826087,2614
5x63,5x65,0.10869565,500
3x36,7x46,0.50413043,2319
5x63,5x63,0.50521739,2324
6x59,5x48,0.00065217,3
5x63,5x61,0.00021739,1
6x61,6x61,0.04369565,201
6x56,5x41,0.00021739,1
6x56,5x40,0.00043478,2
3x37,6x51,0.03695652,170
3x37,6x52,0.01543478,71
2x58,1x40,0.00521739,24
2x58,1x43,0.01978261,91
L183:F181:L226:L190,45x51,0.14869565,684
3x50,5x65,0.00195652,9
4x40,4x44,0.00086957,4
1x43,2x55,0.00804348,37
4x40,2x41,0.06391304,294
7x50,7x50,0.00021739,1
3x50,5x60,0.00500000,23
3x51,5x53,0.00108696,5
7x55,8x48,0.00739130,34
4x60,45x51,0.01217391,56
1x36,2x61,0.00521739,24
1x36,2x62,0.00260870,12
1x36,2x65,0.00086957,4
1x36,2x64,0.00195652,9
3x26,Q181:Q179:Q224:Q188,0.42456522,1953
3x29,3x33,0.00217391,10
45x50,Q177:E175:E220:Q184,0.18021739,829
2x61,2x62,0.00021739,1
2x61,2x60,0.00043478,2
2x61,2x61,0.00043478,2
1x35,1x34,0.00021739,1
1x35,1x32,0.00043478,2
1x35,1x30,0.00021739,1
5x36,4x67,0.01130435,52
5x36,4x64,0.03804348,175
2x43,2x46,0.00217391,10
5x36,4x69,0.08347826,384
5x36,4x68,0.00108696,5
Q177:E175:E220:Q184,7x42,0.00369565,17
6x35,5x62,0.00934783,43
5x36,45x52,0.00369565,17
5x36,45x51,0.02021739,93
3x23,4x66,0.02000000,92
2x52,2x56,0.00021739,1
2x44,1x53,0.00565217,26
2x44,1x56,0.00065217,3
7x32,2x63,0.00434783,20
7x32,2x60,0.00239130,11
E170:V168:K213:K177,F182:F180:F225:F189,0.00021739,1
3x22,45x51,0.14717391,677
12x49,12x51,0.18543478,853
12x49,12x50,0.00065217,3
7x35,7x42,0.00304348,14
2x61,1x32,0.00521739,24
7x45,3x32,0.00043478,2
7x45,3x36,0.27434783,1262
7x45,3x39,0.74760870,3439
4x65,Q177:E175:E220:Q184,0.01173913,54
Q181:Q179:Q224:Q188,L174:E172:P217:P181,0.04043478,186
3x37,5x47,0.00021739,1
5x461,6x48,0.03195652,147
3x37,5x43,0.02652174,122
L183:F181:L226:L190,4x64,0.00065217,3
L183:F181:L226:L190,4x68,0.00021739,1
3x47,5x58,0.22217391,1022
1x54,2x43,0.00021739,1
12x50,1x53,0.09760870,449
3x32,3x33,0.12891304,593
7x56,8x48,0.01869565,86
2x65,1x29,0.01500000,69
3x32,3x36,0.25108696,1155
34x55,4x41,0.00217391,10
34x55,4x40,0.00369565,17
R171:R169:R214:R178,5x36,0.00130435,6
1x43,7x39,0.00043478,2
5x39,F182:F180:F225:F189,0.00021739,1
3x27,3x28,0.00065217,3
R171:R169:R214:R178,R171:R169:R214:R178,0.60021739,2761
3x52,3x55,0.00282609,13
3x52,3x53,0.44086957,2028
3x52,3x51,0.00108696,5
3x49,3x53,0.22847826,1051
3x49,3x52,0.00021739,1
6x60,6x58,0.04869565,224
6x60,6x59,0.16978261,781
Q177:E175:E220:Q184,7x39,0.00065217,3
6x60,6x57,0.00413043,19
6x47,6x48,0.00130435,6
12x51,2x41,0.38891304,1789
8x47,2x39,0.07652174,352
8x47,2x37,0.01695652,78
3x25,3x28,0.00282609,13
3x25,3x29,0.00021739,1
F182:F180:F225:F189,T172:T170:T215:T179,0.00326087,15
5x57,3x51,0.00021739,1
3x25,3x21,0.00021739,1
3x25,3x22,0.00804348,37
3x25,3x25,0.00108696,5
23x50,2x63,0.03000000,138
5x63,3x51,0.00043478,2
34x57,4x38,0.00760870,35
1x40,2x54,0.00021739,1
E170:V168:K213:K177,E170:V168:K213:K177,0.98347826,4524
7x32,V395:I417:I521:I430,0.00260870,12
2x40,12x51,0.00021739,1
7x45,7x48,0.00021739,1
7x45,7x49,0.61217391,2816
T172:T170:T215:T179,V173:V171:V216:V180,0.34521739,1588
7x45,7x41,0.19173913,882
7x45,7x42,0.00891304,41
6x34,5x62,0.10239130,471
7x45,7x45,0.29130435,1340
7x45,7x46,0.43043478,1980
6x37,7x53,0.00065217,3
1x31,7x35,0.00065217,3
1x31,7x32,0.00391304,18
4x62,3x22,0.00304348,14
4x62,3x23,0.00086957,4
Q181:Q179:Q224:Q188,7x31,0.00065217,3
5x40,6x59,0.11630435,535
Q181:Q179:Q224:Q188,7x34,0.00608696,28
5x40,6x55,0.03326087,153
5x40,6x51,0.18152174,835
6x51,2x60,0.00695652,32
3x37,6x48,0.00130435,6
S184:S182:S227:S191,S184:S182:S227:S191,0.44413043,2043
4x40,34x56,0.00478261,22
2x39,3x53,0.63978261,2943
7x51,6x36,0.00478261,22
S184:S182:S227:S191,45x51,0.18413043,847
6x40,7x51,0.00021739,1
3x29,3x36,0.00456522,21
7x56,7x53,0.04847826,223
7x56,7x51,0.00108696,5
G176:G174:G219:N183,G176:G174:G219:N183,0.22782609,1048
7x56,7x56,0.08500000,391
7x56,7x55,0.03391304,156
5x63,5x59,0.08130435,374
34x56,3x55,0.00043478,2
34x56,3x52,0.00021739,1
12x50,1x56,0.10021739,461
12x50,1x57,0.02913043,134
C394:C416:C520:C429,K392:A414:D518:Q427,0.03217391,148
A175:D173:P218:D182,4x65,0.00043478,2
2x41,2x38,0.05760870,265
6x31,6x38,0.00456522,21
4x69,V173:V171:V216:V180,0.00086957,4
6x31,6x36,0.00760870,35
6x31,6x31,0.36347826,1672
6x31,6x32,0.38652174,1778
4x41,34x53,0.06195652,285
4x41,34x52,0.00086957,4
Q181:Q179:Q224:Q188,3x22,0.02804348,129
4x41,34x56,0.14543478,669
12x50,12x51,0.00195652,9
12x50,12x50,0.00326087,15
R171:R169:R214:R178,L174:E172:P217:P181,0.10521739,484
3x25,7x38,0.00065217,3
