Res1,Res2,Freq,NumFrames,,TotalFrames:,27000
L183:F181:L226:L190,F182:F180:F225:F189,0.07103704,1918
4x66,V173:V171:V216:V180,0.00003704,1
2x53,2x55,0.00011111,3
1x52,K439:N461:D564:N474,0.00007407,2
5x61,5x59,0.00011111,3
5x61,5x58,0.00377778,102
4x44,2x41,0.00037037,10
2x49,2x49,0.00003704,1
8x55,7x56,0.00040741,11
K392:A414:D518:Q427,3x33,0.00385185,104
6x35,6x27,0.00025926,7
2x39,2x38,0.19970370,5392
2x39,2x39,0.35707407,9641
6x35,6x26,0.00074074,20
2x39,2x37,0.27385185,7394
23x49,3x22,0.00666667,180
Q181:Q179:Q224:Q188,S184:S182:S227:S191,0.33081481,8932
12x49,12x48,0.50900000,13743
12x49,12x49,0.93837037,25336
2x39,6x27,0.00014815,4
R436:H458:C561:Q471,W437:Y459:Q562:Y472,0.19896296,5372
2x39,6x25,0.00333333,90
3x56,4x38,0.00059259,16
Q177:E175:E220:Q184,23x52,0.02070370,559
45x51,6x55,0.00422222,114
45x51,6x57,0.00011111,3
45x51,6x51,0.05618519,1517
3x25,45x52,0.00003704,1
4x62,45x51,0.00007407,2
5x461,6x51,0.00340741,92
1x52,1x59,0.00003704,1
5x461,6x52,0.11062963,2987
1x52,1x53,0.00007407,2
1x52,1x56,0.00029630,8
12x51,3x53,0.00003704,1
7x34,3x33,0.11588889,3129
D393:P415:S519:S428,E170:V168:K213:K177,0.00022222,6
45x52,5x43,0.00462963,125
4x65,5x36,0.00481481,130
3x38,2x45,0.00029630,8
3x25,L174:E172:P217:P181,0.06755556,1824
2x56,2x55,0.00037037,10
2x56,2x56,0.01040741,281
12x49,6x28,0.00181481,49
2x58,2x551,0.00259259,70
1x45,7x47,0.00274074,74
3x32,3x25,0.00200000,54
7x54,6x32,0.03388889,915
7x48,3x39,0.00003704,1
7x54,6x35,0.00518519,140
7x54,6x36,0.00025926,7
A175:D173:P218:D182,K392:A414:D518:Q427,0.01211111,327
3x32,3x28,0.13592593,3670
3x32,3x29,0.05266667,1422
2x65,1x32,0.00018519,5
6x34,3x49,0.00107407,29
3x26,4x63,0.00129630,35
A175:D173:P218:D182,23x49,0.19011111,5133
7x35,G21:Y18:T64:N25,0.00118519,32
45x51,7x38,0.01611111,435
6x38,5x62,0.02248148,607
6x38,5x65,0.06555556,1770
1x60,1x58,0.13662963,3689
12x49,W437:Y459:Q562:Y472,0.01466667,396
2x42,2x45,0.00029630,8
1x60,1x59,0.19796296,5345
C394:C416:C520:C429,7x31,0.01051852,284
2x42,2x41,0.02044444,552
4x57,6x51,0.02892593,781
7x31,6x58,0.01155556,312
3x49,3x45,0.02233333,603
3x49,3x46,0.03103704,838
12x49,6x26,0.07318519,1976
D393:P415:S519:S428,V173:V171:V216:V180,0.00466667,126
C394:C416:C520:C429,7x34,0.03907407,1055
3x49,3x48,0.00107407,29
3x49,3x49,0.40792593,11014
2x64,7x42,0.00007407,2
7x49,3x40,0.00662963,179
7x49,2x46,0.13944444,3765
5x44,F182:F180:F225:F189,0.00140741,38
7x49,2x43,0.04025926,1087
2x58,1x36,0.01166667,315
6x27,6x31,0.04696296,1268
2x39,34x50,0.00088889,24
2x39,34x51,0.00144444,39
2x39,34x53,0.03200000,864
4x61,45x51,0.10718519,2894
2x39,34x56,0.00551852,149
4x61,45x52,0.00007407,2
6x58,6x59,0.36262963,9791
6x58,6x58,0.37174074,10037
34x56,4x38,0.14892593,4021
6x42,5x58,0.00018519,5
6x58,6x51,0.00448148,121
6x58,6x57,0.01440741,389
6x58,6x55,0.02540741,686
G176:G174:G219:N183,45x51,0.18255556,4929
45x50,3x33,0.25696296,6938
6x25,12x48,0.00044444,12
23x52,23x50,0.14262963,3851
4x42,2x41,0.00066667,18
7x34,45x51,0.07337037,1981
12x50,7x53,0.01492593,403
23x52,23x52,0.05211111,1407
23x51,3x24,0.00003704,1
23x51,3x22,0.00500000,135
6x32,8x50,0.00044444,12
23x51,3x21,0.10407407,2810
G176:G174:G219:N183,2x63,0.15407407,4160
D393:P415:S519:S428,V395:I417:I521:I430,0.81040741,21881
1x39,7x39,0.01144444,309
3x47,3x47,0.00577778,156
F182:F180:F225:F189,F182:F180:F225:F189,0.09500000,2565
3x55,5x65,0.01892593,511
L174:E172:P217:P181,S184:S182:S227:S191,0.00685185,185
L183:F181:L226:L190,V395:I417:I521:I430,0.00548148,148
7x45,7x38,0.00003704,1
6x34,3x53,0.00159259,43
6x34,3x50,0.07177778,1938
1x50,1x50,0.01329630,359
6x34,3x54,0.00003704,1
4x65,5x43,0.00011111,3
4x64,3x33,0.00003704,1
6x48,7x53,0.00051852,14
6x35,7x56,0.13188889,3561
45x52,L183:F181:L226:L190,0.20803704,5617
4x65,V173:V171:V216:V180,0.05003704,1351
3x42,2x50,0.00096296,26
6x40,6x40,0.00003704,1
R171:R169:R214:R178,4x68,0.10570370,2854
R171:R169:R214:R178,4x69,0.19762963,5336
6x40,6x44,0.00014815,4
6x40,6x47,0.00025926,7
R171:R169:R214:R178,4x62,0.07118519,1922
R171:R169:R214:R178,4x63,0.00048148,13
R171:R169:R214:R178,4x61,0.06807407,1838
R171:R169:R214:R178,4x66,0.11200000,3024
R171:R169:R214:R178,4x67,0.00051852,14
R171:R169:R214:R178,4x64,0.02574074,695
R171:R169:R214:R178,4x65,0.39062963,10547
6x45,5x48,0.00003704,1
5x47,5x51,0.00044444,12
K439:N461:D564:N474,6x26,0.00003704,1
5x40,45x51,0.06000000,1620
2x39,2x43,0.05607407,1514
6x34,5x58,0.05125926,1384
2x39,3x45,0.00051852,14
2x50,3x36,0.09470370,2557
2x39,3x49,0.55566667,15003
2x56,3x28,0.03333333,900
1x58,W437:Y459:Q562:Y472,0.05914815,1597
G89:G87:N132:G96,23x50,0.06359259,1717
2x61,7x42,0.00792593,214
G89:G87:N132:G96,23x52,0.00025926,7
7x46,2x56,0.00196296,53
3x29,3x28,0.01540741,416
3x29,3x29,0.00055556,15
7x32,1x32,0.00007407,2
45x52,S184:S182:S227:S191,0.12114815,3271
45x50,T172:T170:T215:T179,0.00040741,11
2x50,3x39,0.41151852,11111
6x27,12x51,0.00100000,27
4x60,3x26,0.08477778,2289
3x32,7x46,0.02307407,623
3x50,2x40,0.10859259,2932
3x50,2x43,0.00377778,102
23x50,23x50,0.21274074,5744
3x32,7x42,0.35755556,9654
3x32,7x41,0.08333333,2250
4x41,2x41,0.00003704,1
6x54,S184:S182:S227:S191,0.00003704,1
12x50,2x41,0.00466667,126
6x46,6x47,0.00018519,5
3x30,3x30,0.00003704,1
34x55,3x56,0.00114815,31
1x31,1x31,0.20377778,5502
34x55,3x53,0.00133333,36
34x55,3x52,0.00007407,2
34x55,3x50,0.00166667,45
4x67,4x64,0.00859259,232
4x67,4x66,0.15462963,4175
4x67,4x67,0.10444444,2820
4x67,4x63,0.00381481,103
3x49,2x43,0.12022222,3246
12x50,12x48,0.07233333,1953
G21:Y18:T64:N25,1x32,0.00185185,50
12x51,34x52,0.00022222,6
3x49,2x41,0.02777778,750
12x51,34x53,0.00003704,1
A175:D173:P218:D182,7x35,0.02533333,684
A175:D173:P218:D182,7x34,0.02292593,619
A175:D173:P218:D182,7x31,0.08022222,2166
7x34,7x34,0.18496296,4994
A175:D173:P218:D182,7x32,0.00029630,8
7x34,7x39,0.00025926,7
7x34,7x38,0.08381481,2263
6x43,7x40,0.00018519,5
A175:D173:P218:D182,7x38,0.00122222,33
Q177:E175:E220:Q184,Q177:E175:E220:Q184,0.59059259,15946
3x25,G176:G174:G219:N183,0.09722222,2625
5x36,5x43,0.01148148,310
5x36,5x40,0.02829630,764
7x35,G89:G87:N132:G96,0.01844444,498
3x21,L174:E172:P217:P181,0.01377778,372
1x60,12x48,0.39085185,10553
1x60,12x49,0.70044444,18912
8x56,K439:N461:D564:N474,0.00322222,87
3x49,34x52,0.00007407,2
3x49,34x53,0.13192593,3562
3x49,34x50,0.00029630,8
3x49,34x56,0.00140741,38
2x46,2x46,0.00181481,49
G21:Y18:T64:N25,1x30,0.02796296,755
5x41,6x55,0.00003704,1
6x27,34x53,0.00014815,4
8x47,6x40,0.00003704,1
6x27,34x52,0.00040741,11
5x41,6x58,0.00111111,30
5x41,6x59,0.00151852,41
5x65,5x62,0.07981481,2155
5x65,5x65,0.24155556,6522
7x41,6x51,0.00300000,81
3x42,4x46,0.00044444,12
1x33,1x29,0.00118519,32
7x45,7x37,0.00007407,2
C435:C457:L560:C470,W437:Y459:Q562:Y472,0.19307407,5213
6x30,2x37,0.27866667,7524
4x42,4x42,0.00137037,37
4x42,4x41,0.00725926,196
4x42,4x40,0.00355556,96
K20:P17:H63:H24,23x50,0.00181481,49
4x42,4x44,0.00177778,48
6x44,3x36,0.00203704,55
6x30,2x38,0.05051852,1364
3x46,6x37,0.00003704,1
3x46,6x36,0.00003704,1
2x66,1x29,0.00048148,13
7x53,1x53,0.01611111,435
5x57,5x65,0.00007407,2
7x51,7x47,0.00007407,2
3x46,6x38,0.00037037,10
45x50,V173:V171:V216:V180,0.15355556,4146
3x25,Q177:E175:E220:Q184,0.15822222,4272
3x26,E170:V168:K213:K177,0.00329630,89
34x55,34x56,0.24318519,6566
34x55,34x57,0.26603704,7183
34x55,34x54,0.14522222,3921
34x55,34x55,0.17166667,4635
34x55,34x52,0.10592593,2860
34x55,34x53,0.04003704,1081
34x55,34x50,0.00233333,63
34x55,34x51,0.01318519,356
Q177:E175:E220:Q184,G89:G87:N132:G96,0.22785185,6152
3x25,45x51,0.15870370,4285
6x48,6x51,0.07200000,1944
1x60,2x40,0.19188889,5181
1x60,2x41,0.00722222,195
1x51,K439:N461:D564:N474,0.00003704,1
3x22,2x63,0.00007407,2
45x52,5x39,0.00200000,54
45x52,5x37,0.00159259,43
D438:K460:C563:R473,C435:C457:L560:C470,0.06185185,1670
5x67,6x31,0.14611111,3945
45x50,G89:G87:N132:G96,0.00059259,16
C394:C416:C520:C429,Q177:E175:E220:Q184,0.00014815,4
45x50,6x59,0.00492593,133
5x66,5x62,0.45937037,12403
5x66,5x65,0.32377778,8742
1x44,K439:N461:D564:N474,0.00003704,1
5x66,5x66,0.85359259,23047
45x50,6x51,0.13903704,3754
45x50,2x63,0.14937037,4033
45x50,2x60,0.06937037,1873
8x51,12x48,0.00007407,2
45x50,7x34,0.14300000,3861
45x50,7x35,0.12359259,3337
45x50,7x32,0.00003704,1
45x50,7x31,0.01422222,384
L174:E172:P217:P181,23x50,0.12744444,3441
L174:E172:P217:P181,23x52,0.08933333,2412
45x50,7x38,0.29459259,7954
7x31,F182:F180:F225:F189,0.00051852,14
3x42,4x50,0.00070370,19
8x47,12x51,0.00281481,76
Q177:E175:E220:Q184,F182:F180:F225:F189,0.00003704,1
A175:D173:P218:D182,23x52,0.01029630,278
A175:D173:P218:D182,23x50,0.10788889,2913
A175:D173:P218:D182,23x51,0.00229630,62
6x32,1x56,0.00488889,132
6x32,1x57,0.00025926,7
5x61,3x55,0.00011111,3
F182:F180:F225:F189,T172:T170:T215:T179,0.00925926,250
23x52,3x23,0.10800000,2916
23x52,3x22,0.07162963,1934
5x61,3x51,0.00059259,16
4x46,2x45,0.00037037,10
7x35,K392:A414:D518:Q427,0.00051852,14
7x31,45x52,0.01481481,400
7x31,45x51,0.18296296,4940
6x32,1x59,0.00014815,4
G176:G174:G219:N183,T172:T170:T215:T179,0.02218519,599
1x56,1x59,0.02748148,742
1x45,7x51,0.00011111,3
2x62,2x63,0.00251852,68
34x50,34x50,0.01311111,354
F182:F180:F225:F189,5x40,0.05437037,1468
1x46,7x42,0.00014815,4
7x49,3x36,0.00829630,224
1x46,7x47,0.00011111,3
2x59,1x43,0.00207407,56
7x41,2x46,0.00003704,1
34x57,12x49,0.00096296,26
34x57,12x48,0.00003704,1
7x49,3x39,0.31000000,8370
6x30,3x54,0.08574074,2315
6x30,3x55,0.00492593,133
6x30,3x52,0.00007407,2
5x58,5x58,0.05592593,1510
4x61,5x43,0.00033333,9
4x39,2x38,0.00033333,9
1x31,1x29,0.00488889,132
4x69,L183:F181:L226:L190,0.00122222,33
3x32,45x52,0.01966667,531
34x54,8x48,0.00011111,3
6x43,6x47,0.00018519,5
45x50,3x21,0.00055556,15
4x38,4x38,0.14696296,3968
4x69,3x23,0.00033333,9
4x69,3x22,0.01800000,486
2x49,2x45,0.00011111,3
3x32,7x39,0.00022222,6
6x54,7x34,0.00062963,17
4x64,4x68,0.00622222,168
3x23,23x50,0.00007407,2
2x59,23x52,0.04033333,1089
4x64,4x64,0.05833333,1575
2x59,23x50,0.00092593,25
4x64,4x66,0.01111111,300
L183:F181:L226:L190,3x33,0.07059259,1906
6x32,8x48,0.27648148,7465
7x53,1x59,0.00011111,3
7x41,7x46,0.30659259,8278
7x41,7x47,0.00007407,2
7x41,7x40,0.00077778,21
7x41,7x41,0.05737037,1549
7x41,7x42,0.01870370,505
3x38,2x46,0.00007407,2
3x53,2x37,0.01292593,349
7x46,7x38,0.00133333,36
45x52,5x41,0.00025926,7
45x52,5x40,0.07103704,1918
1x50,1x49,0.00011111,3
1x50,1x46,0.00003704,1
12x48,2x41,0.00625926,169
1x60,8x57,0.00003704,1
6x27,6x28,0.11562963,3122
6x27,6x29,0.00733333,198
6x26,4x38,0.00022222,6
3x26,45x52,0.00014815,4
3x26,45x51,0.55292593,14929
3x26,45x50,0.23233333,6273
7x49,2x50,0.40051852,10814
1x57,2x41,0.02114815,571
6x27,6x25,0.25911111,6996
6x27,6x26,0.32481481,8770
6x27,6x27,0.09681481,2614
6x56,5x37,0.00018519,5
34x54,3x52,0.00674074,182
L183:F181:L226:L190,V173:V171:V216:V180,0.00088889,24
34x54,3x54,0.13777778,3720
34x54,3x55,0.01940741,524
4x65,L174:E172:P217:P181,0.00937037,253
34x54,4x38,0.00777778,210
3x42,2x46,0.00062963,17
4x60,3x33,0.00003704,1
3x42,2x45,0.00133333,36
3x42,2x42,0.00037037,10
3x42,2x41,0.00018519,5
7x30,45x51,0.00381481,103
3x32,2x52,0.00103704,28
3x32,2x53,0.00003704,1
3x32,2x50,0.00100000,27
3x32,2x56,0.13088889,3534
3x32,2x57,0.00037037,10
4x40,2x37,0.00003704,1
23x50,7x38,0.00288889,78
34x51,12x50,0.00107407,29
12x50,34x56,0.00092593,25
K392:A414:D518:Q427,45x51,0.08344444,2253
5x54,6x38,0.00066667,18
4x60,E170:V168:K213:K177,0.00003704,1
34x50,6x26,0.00211111,57
4x67,3x22,0.00007407,2
G89:G87:N132:G96,23x49,0.32237037,8704
D393:P415:S519:S428,Q181:Q179:Q224:Q188,0.17314815,4675
L174:E172:P217:P181,7x34,0.00114815,31
R171:R169:R214:R178,V173:V171:V216:V180,0.42196296,11393
7x46,3x40,0.00003704,1
3x53,6x26,0.01081481,292
R171:R169:R214:R178,K392:A414:D518:Q427,0.00048148,13
L174:E172:P217:P181,3x22,0.04466667,1206
1x29,1x29,0.00485185,131
3x39,7x42,0.00125926,34
4x66,4x68,0.09744444,2631
3x39,7x46,0.13566667,3663
45x50,7x42,0.15625926,4219
G21:Y18:T64:N25,K20:P17:H63:H24,0.08903704,2404
2x40,3x53,0.00255556,69
3x32,4x57,0.00059259,16
4x60,V173:V171:V216:V180,0.00007407,2
45x50,45x52,0.17074074,4610
45x50,45x51,0.24481481,6610
45x50,45x50,0.17740741,4790
3x33,5x48,0.02133333,576
7x34,2x60,0.04892593,1321
6x27,8x48,0.00003704,1
1x36,K20:P17:H63:H24,0.00014815,4
7x34,2x63,0.03985185,1076
4x59,4x59,0.00018519,5
2x59,2x551,0.00007407,2
6x27,2x37,0.00166667,45
8x57,1x58,0.00003704,1
6x27,2x38,0.00037037,10
4x62,4x57,0.00003704,1
2x64,2x61,0.00018519,5
5x37,S184:S182:S227:S191,0.00174074,47
6x33,8x47,0.03333333,900
7x41,1x46,0.00011111,3
2x64,2x64,0.09274074,2504
2x64,2x66,0.05403704,1459
3x46,2x38,0.00007407,2
6x33,8x49,0.00033333,9
6x33,8x48,0.00155556,42
Q181:Q179:Q224:Q188,L183:F181:L226:L190,0.22774074,6149
7x52,7x56,0.03066667,828
4x65,F182:F180:F225:F189,0.09451852,2552
2x65,1x30,0.00007407,2
45x51,V173:V171:V216:V180,0.07048148,1903
12x49,2x37,0.21225926,5731
2x49,6x48,0.00092593,25
3x50,34x51,0.00003704,1
12x49,2x38,0.00648148,175
2x64,7x39,0.00048148,13
6x32,7x53,0.03077778,831
7x53,2x41,0.00003704,1
5x68,34x52,0.00537037,145
1x60,12x51,0.08618519,2327
1x60,12x50,0.08844444,2388
5x63,6x38,0.00055556,15
2x59,2x57,0.00007407,2
3x39,6x48,0.02540741,686
5x63,6x31,0.00062963,17
3x39,6x47,0.00166667,45
5x63,6x35,0.00218519,59
E170:V168:K213:K177,S184:S182:S227:S191,0.00703704,190
5x45,5x48,0.00007407,2
F182:F180:F225:F189,V173:V171:V216:V180,0.00044444,12
5x47,4x57,0.00214815,58
6x61,Q177:E175:E220:Q184,0.00033333,9
7x40,7x38,0.00018519,5
7x40,7x39,0.00003704,1
7x45,7x40,0.00081481,22
1x33,1x30,0.00192593,52
1x33,1x31,0.00011111,3
1x33,1x32,0.00166667,45
1x33,1x33,0.00011111,3
E170:V168:K213:K177,G176:G174:G219:N183,0.00085185,23
1x33,1x37,0.00003704,1
34x54,6x31,0.01770370,478
2x53,2x551,0.00007407,2
3x21,V173:V171:V216:V180,0.00096296,26
8x47,12x48,0.00233333,63
6x30,5x58,0.00003704,1
3x38,4x46,0.00003704,1
23x49,L174:E172:P217:P181,0.07148148,1930
Q181:Q179:Q224:Q188,4x67,0.00107407,29
3x50,5x66,0.02740741,740
3x50,5x67,0.02214815,598
3x50,5x64,0.00222222,60
3x50,5x65,0.43551852,11759
3x50,5x62,0.00188889,51
4x65,E170:V168:K213:K177,0.13570370,3664
3x50,5x61,0.01092593,295
2x40,2x41,0.02725926,736
2x40,2x40,0.41500000,11205
2x40,2x43,0.01681481,454
2x40,2x42,0.00537037,145
2x40,2x44,0.00062963,17
12x49,12x51,0.26962963,7280
D393:P415:S519:S428,2x60,0.00029630,8
2x50,1x49,0.00003704,1
6x61,2x63,0.00003704,1
2x50,1x46,0.00003704,1
4x65,G176:G174:G219:N183,0.00533333,144
8x50,8x53,0.00251852,68
8x50,8x50,0.00129630,35
G176:G174:G219:N183,L174:E172:P217:P181,0.33496296,9044
1x50,7x48,0.00100000,27
3x35,3x39,0.00677778,183
D393:P415:S519:S428,L183:F181:L226:L190,0.06974074,1883
1x50,7x46,0.00488889,132
1x50,7x47,0.00051852,14
3x49,2x38,0.13666667,3690
1x35,7x38,0.00003704,1
2x40,12x50,0.11200000,3024
3x49,2x37,0.11033333,2979
2x42,2x42,0.02959259,799
6x48,7x42,0.00703704,190
23x49,2x59,0.03237037,874
R436:H458:C561:Q471,8x48,0.00070370,19
45x50,S184:S182:S227:S191,0.00037037,10
1x58,2x41,0.01177778,318
Q181:Q179:Q224:Q188,45x52,0.19281481,5206
Q181:Q179:Q224:Q188,45x51,0.46911111,12666
7x35,6x51,0.03029630,818
12x51,W437:Y459:Q562:Y472,0.00103704,28
3x29,6x51,0.00737037,199
8x49,8x55,0.00374074,101
1x38,1x39,0.00918519,248
8x49,8x51,0.06129630,1655
8x49,8x50,0.00948148,256
8x49,8x53,0.05433333,1467
8x49,8x52,0.16985185,4586
7x36,6x47,0.00003704,1
6x61,5x38,0.00018519,5
45x50,4x64,0.00003704,1
G176:G174:G219:N183,23x49,0.15481481,4180
6x61,5x36,0.00166667,45
6x61,5x37,0.00025926,7
1x45,7x46,0.00007407,2
3x36,3x36,0.26596296,7181
7x53,7x53,0.05648148,1525
3x36,3x33,0.13914815,3757
3x24,23x50,0.00007407,2
3x24,23x52,0.01118519,302
12x49,6x25,0.01407407,380
3x36,3x39,0.08722222,2355
12x49,6x27,0.00114815,31
34x57,12x50,0.00344444,93
34x57,12x51,0.18666667,5040
7x41,2x53,0.00022222,6
7x49,6x36,0.00137037,37
4x60,5x46,0.00218519,59
7x41,2x56,0.00488889,132
7x41,2x57,0.00029630,8
G176:G174:G219:N183,2x66,0.00085185,23
G176:G174:G219:N183,2x64,0.00077778,21
1x39,7x38,0.00100000,27
7x39,2x63,0.00003704,1
7x39,2x60,0.01944444,525
5x68,5x59,0.00474074,128
6x29,34x52,0.00022222,6
6x29,34x50,0.00007407,2
1x50,3x39,0.00200000,54
1x31,1x38,0.00559259,151
1x31,1x39,0.00377778,102
5x38,6x58,0.00211111,57
5x38,6x59,0.00314815,85
1x31,1x32,0.00111111,30
1x31,1x30,0.15485185,4181
C435:C457:L560:C470,C435:C457:L560:C470,0.09240741,2495
6x55,6x55,0.00014815,4
1x31,1x34,0.00037037,10
1x31,1x35,0.00011111,3
12x49,34x56,0.00303704,82
12x49,34x51,0.00066667,18
A175:D173:P218:D182,2x64,0.00159259,43
A175:D173:P218:D182,2x66,0.00092593,25
A175:D173:P218:D182,2x60,0.00155556,42
A175:D173:P218:D182,2x63,0.05907407,1595
3x36,2x56,0.01448148,391
6x30,6x32,0.00800000,216
6x30,6x31,0.03688889,996
6x30,6x30,0.46351852,12515
8x52,1x59,0.00807407,218
8x52,1x56,0.00255556,69
Q181:Q179:Q224:Q188,23x52,0.00011111,3
Q181:Q179:Q224:Q188,23x50,0.00022222,6
12x50,6x28,0.00014815,4
E170:V168:K213:K177,V173:V171:V216:V180,0.06729630,1817
D393:P415:S519:S428,G89:G87:N132:G96,0.00029630,8
6x52,45x51,0.00725926,196
C394:C416:C520:C429,6x57,0.00277778,75
C394:C416:C520:C429,6x54,0.00040741,11
2x43,1x53,0.00003704,1
34x54,8x47,0.00118519,32
C394:C416:C520:C429,6x58,0.38296296,10340
Q177:E175:E220:Q184,L183:F181:L226:L190,0.00011111,3
E170:V168:K213:K177,T172:T170:T215:T179,0.33225926,8971
8x51,K439:N461:D564:N474,0.00903704,244
34x54,3x46,0.00440741,119
4x41,12x51,0.00003704,1
5x64,6x31,0.00933333,252
5x64,6x30,0.03785185,1022
F182:F180:F225:F189,4x59,0.00133333,36
5x64,6x38,0.00007407,2
34x54,3x49,0.22100000,5967
4x39,2x37,0.00033333,9
6x52,7x38,0.00011111,3
C394:C416:C520:C429,L183:F181:L226:L190,0.00918519,248
7x56,6x27,0.00011111,3
2x47,2x50,0.04159259,1123
3x32,2x60,0.03988889,1077
G89:G87:N132:G96,2x59,0.00029630,8
D393:P415:S519:S428,23x49,0.00003704,1
Q181:Q179:Q224:Q188,5x41,0.00011111,3
8x52,12x49,0.20459259,5524
Q181:Q179:Q224:Q188,5x43,0.00400000,108
D393:P415:S519:S428,2x63,0.00155556,42
D393:P415:S519:S428,2x64,0.00007407,2
1x45,1x50,0.00007407,2
6x61,C394:C416:C520:C429,0.16455556,4443
5x461,5x461,0.02151852,581
K392:A414:D518:Q427,2x60,0.00355556,96
K392:A414:D518:Q427,2x63,0.01748148,472
1x40,2x61,0.00062963,17
1x40,2x62,0.00029630,8
3x21,T172:T170:T215:T179,0.00233333,63
5x36,6x60,0.03529630,953
34x54,2x37,0.28407407,7670
12x50,2x38,0.00659259,178
F182:F180:F225:F189,4x57,0.00070370,19
2x40,3x49,0.04607407,1244
3x39,7x53,0.01244444,336
2x40,3x46,0.00022222,6
3x28,7x38,0.08285185,2237
2x50,7x46,0.49533333,13374
6x30,3x46,0.00003704,1
6x44,6x49,0.00018519,5
R171:R169:R214:R178,3x21,0.01962963,530
2x50,7x41,0.33240741,8975
K439:N461:D564:N474,K439:N461:D564:N474,0.57300000,15471
6x44,6x47,0.00018519,5
2x50,7x48,0.00214815,58
6x26,3x54,0.00570370,154
2x50,7x47,0.00081481,22
3x55,3x54,0.23222222,6270
3x55,3x55,0.32396296,8747
4x63,4x64,0.00566667,153
4x63,4x66,0.00059259,16
3x55,3x51,0.20566667,5553
4x63,4x68,0.00088889,24
5x43,4x57,0.00025926,7
4x43,4x50,0.00003704,1
12x49,2x41,0.01125926,304
5x461,4x56,0.00018519,5
S184:S182:S227:S191,V395:I417:I521:I430,0.00185185,50
4x65,5x40,0.00018519,5
45x50,L183:F181:L226:L190,0.00007407,2
1x43,2x61,0.00151852,41
K392:A414:D518:Q427,5x37,0.00277778,75
7x45,2x46,0.04707407,1271
6x29,8x53,0.00007407,2
6x44,6x48,0.00025926,7
L183:F181:L226:L190,7x38,0.00333333,90
R171:R169:R214:R178,S184:S182:S227:S191,0.00014815,4
8x52,8x59,0.00018519,5
1x33,G21:Y18:T64:N25,0.00251852,68
Q181:Q179:Q224:Q188,Q181:Q179:Q224:Q188,0.56300000,15201
8x52,8x56,0.01322222,357
3x32,45x51,0.00277778,75
8x52,8x50,0.00451852,122
8x52,8x53,0.09429630,2546
8x52,8x52,0.74125926,20014
5x61,5x65,0.01248148,337
5x61,5x61,0.00544444,147
5x61,5x62,0.01848148,499
6x32,K439:N461:D564:N474,0.00011111,3
1x44,8x58,0.00003704,1
7x54,1x56,0.00029630,8
4x54,4x57,0.00007407,2
4x54,4x54,0.00007407,2
4x54,4x53,0.00003704,1
4x54,4x52,0.00003704,1
12x49,7x53,0.06477778,1749
6x59,7x34,0.00348148,94
34x55,12x49,0.00018519,5
6x59,7x38,0.00140741,38
G21:Y18:T64:N25,2x63,0.00007407,2
4x38,34x53,0.04659259,1258
G21:Y18:T64:N25,2x64,0.02362963,638
4x61,T172:T170:T215:T179,0.00888889,240
G21:Y18:T64:N25,2x66,0.00251852,68
8x47,8x53,0.02525926,682
8x47,8x52,0.01662963,449
3x35,7x49,0.00188889,51
8x47,8x50,0.01192593,322
7x30,6x58,0.00685185,185
3x35,7x46,0.00670370,181
3x35,7x45,0.00166667,45
3x28,3x28,0.02685185,725
3x35,7x41,0.00125926,34
3x28,2x60,0.00159259,43
4x60,4x60,0.00455556,123
4x60,4x63,0.00077778,21
4x60,4x62,0.00177778,48
4x60,4x65,0.07340741,1982
3x52,34x53,0.03185185,860
3x52,34x50,0.00381481,103
3x50,5x54,0.00014815,4
G176:G174:G219:N183,K20:P17:H63:H24,0.00833333,225
3x50,5x58,0.01262963,341
R171:R169:R214:R178,23x50,0.02296296,620
R171:R169:R214:R178,23x52,0.07992593,2158
8x49,1x56,0.03540741,956
3x21,45x51,0.00011111,3
2x65,7x38,0.00037037,10
2x65,7x39,0.00007407,2
8x49,1x52,0.00003704,1
6x48,2x60,0.00314815,85
8x49,1x59,0.00300000,81
7x49,6x40,0.26907407,7265
6x29,6x31,0.00970370,262
6x29,6x32,0.13848148,3739
8x52,6x32,0.02544444,687
5x461,7x45,0.00007407,2
2x56,2x60,0.00107407,29
7x31,23x49,0.00144444,39
D438:K460:C563:R473,1x58,0.03492593,943
8x48,W437:Y459:Q562:Y472,0.00518519,140
L183:F181:L226:L190,S184:S182:S227:S191,0.21885185,5909
7x45,6x40,0.24411111,6591
3x49,6x36,0.00007407,2
3x49,6x37,0.00014815,4
3x49,6x30,0.09233333,2493
2x40,12x49,0.52229630,14102
2x40,12x48,0.01777778,480
2x59,2x63,0.00174074,47
2x59,2x62,0.00855556,231
4x59,4x64,0.00055556,15
5x68,3x51,0.02096296,566
5x68,3x52,0.00181481,49
5x68,3x53,0.07048148,1903
5x68,3x54,0.12870370,3475
5x68,3x55,0.11770370,3178
4x61,4x63,0.00085185,23
D393:P415:S519:S428,K20:P17:H63:H24,0.00074074,20
S184:S182:S227:S191,4x64,0.08485185,2291
6x38,5x58,0.09222222,2490
5x47,3x36,0.00818519,221
4x61,4x66,0.08111111,2190
3x46,2x42,0.00074074,20
5x48,6x55,0.00044444,12
8x49,8x47,0.11737037,3169
23x51,23x49,0.22111111,5970
D438:K460:C563:R473,1x55,0.00029630,8
8x49,8x48,0.13140741,3548
8x49,8x49,0.03085185,833
G176:G174:G219:N183,23x50,0.21137037,5707
G176:G174:G219:N183,23x52,0.08500000,2295
8x59,K439:N461:D564:N474,0.00974074,263
1x36,2x57,0.00255556,69
6x61,5x40,0.02325926,628
C394:C416:C520:C429,V395:I417:I521:I430,0.20059259,5416
12x49,1x53,0.00007407,2
12x49,1x56,0.02688889,726
3x36,4x57,0.06177778,1668
12x49,1x58,0.02551852,689
12x49,1x59,0.02125926,574
8x52,7x53,0.00003704,1
Q181:Q179:Q224:Q188,V395:I417:I521:I430,0.03640741,983
8x52,7x55,0.00007407,2
12x49,6x31,0.00003704,1
T172:T170:T215:T179,4x68,0.01633333,441
F182:F180:F225:F189,4x64,0.02781481,751
F182:F180:F225:F189,4x68,0.00029630,8
L183:F181:L226:L190,K392:A414:D518:Q427,0.11718519,3164
G176:G174:G219:N183,2x59,0.00022222,6
2x39,4x38,0.01237037,334
K392:A414:D518:Q427,V173:V171:V216:V180,0.00333333,90
3x50,3x51,0.00025926,7
2x39,6x30,0.41555556,11220
3x50,3x53,0.42818519,11561
3x50,3x52,0.00025926,7
6x52,4x57,0.00014815,4
E170:V168:K213:K177,45x51,0.00855556,231
3x50,3x56,0.00348148,94
8x49,2x40,0.00248148,67
2x46,4x50,0.00003704,1
5x36,K392:A414:D518:Q427,0.09488889,2562
2x43,7x53,0.00218519,59
1x32,1x32,0.00070370,19
8x47,D438:K460:C563:R473,0.00003704,1
3x51,3x54,0.03159259,853
4x61,L183:F181:L226:L190,0.00237037,64
5x40,4x64,0.00044444,12
6x30,6x25,0.04029630,1088
6x30,6x26,0.42092593,11365
6x30,6x27,0.01803704,487
7x36,7x39,0.00081481,22
2x60,V395:I417:I521:I430,0.00003704,1
7x36,7x36,0.00007407,2
12x50,4x38,0.00003704,1
6x30,6x28,0.00662963,179
7x36,7x32,0.00070370,19
4x60,4x59,0.00440741,119
Q177:E175:E220:Q184,3x22,0.06474074,1748
Q177:E175:E220:Q184,3x21,0.00870370,235
2x551,2x62,0.00003704,1
6x58,45x51,0.14777778,3990
Q177:E175:E220:Q184,3x28,0.01800000,486
Q177:E175:E220:Q184,3x29,0.00244444,66
6x57,V395:I417:I521:I430,0.00622222,168
34x57,34x56,0.30703704,8290
5x66,3x54,0.04492593,1213
5x66,3x55,0.01088889,294
5x66,3x53,0.02137037,577
5x66,3x51,0.00007407,2
3x32,5x43,0.00007407,2
1x38,7x39,0.00492593,133
3x22,23x50,0.04955556,1338
2x40,1x56,0.03859259,1042
5x68,5x62,0.15011111,4053
5x68,5x61,0.00370370,100
5x68,5x67,0.51600000,13932
5x68,5x66,0.42603704,11503
5x68,5x65,0.10477778,2829
5x68,5x64,0.53670370,14491
5x64,6x26,0.00411111,111
5x64,6x27,0.00200000,54
6x59,45x51,0.06881481,1858
6x59,6x59,0.12685185,3425
4x62,4x68,0.00003704,1
4x46,4x50,0.00003704,1
4x62,4x66,0.09081481,2452
4x62,4x64,0.01433333,387
4x62,4x63,0.00048148,13
4x62,4x62,0.05085185,1373
5x64,6x28,0.00003704,1
5x52,5x52,0.00003704,1
5x52,5x56,0.00011111,3
7x31,7x38,0.00529630,143
6x52,7x42,0.00011111,3
2x47,2x46,0.00144444,39
7x31,7x35,0.72318519,19526
7x31,7x32,0.30181481,8149
Q177:E175:E220:Q184,L174:E172:P217:P181,0.30629630,8270
7x31,7x30,0.00800000,216
7x31,7x31,0.97229630,26252
6x43,6x40,0.00007407,2
Q181:Q179:Q224:Q188,5x39,0.00059259,16
45x52,F182:F180:F225:F189,0.13996296,3779
8x52,12x50,0.00003704,1
1x45,1x48,0.00003704,1
1x45,1x49,0.00003704,1
Q181:Q179:Q224:Q188,5x36,0.20948148,5656
Q181:Q179:Q224:Q188,5x37,0.00055556,15
8x48,8x48,0.36485185,9851
6x29,8x50,0.00018519,5
G89:G87:N132:G96,2x66,0.11774074,3179
G89:G87:N132:G96,2x65,0.01896296,512
G89:G87:N132:G96,2x64,0.03907407,1055
1x34,1x39,0.00040741,11
1x34,1x38,0.00025926,7
R436:H458:C561:Q471,8x59,0.26292593,7099
R436:H458:C561:Q471,8x58,0.00511111,138
R436:H458:C561:Q471,8x57,0.01370370,370
R436:H458:C561:Q471,8x56,0.02555556,690
3x36,2x60,0.00637037,172
R436:H458:C561:Q471,8x53,0.00870370,235
R436:H458:C561:Q471,8x52,0.09203704,2485
3x50,6x29,0.11729630,3167
7x46,2x60,0.00011111,3
2x61,7x38,0.00485185,131
2x61,7x39,0.02029630,548
7x54,8x47,0.03314815,895
8x49,7x53,0.00500000,135
3x56,3x55,0.40455556,10923
8x49,7x56,0.00903704,244
G176:G174:G219:N183,3x21,0.03885185,1049
G176:G174:G219:N183,3x22,0.09762963,2636
7x54,8x49,0.01096296,296
7x54,8x48,0.04603704,1243
4x56,4x59,0.00022222,6
A175:D173:P218:D182,Q177:E175:E220:Q184,0.35307407,9533
4x60,5x461,0.00003704,1
L183:F181:L226:L190,L183:F181:L226:L190,0.11355556,3066
2x50,7x50,0.00570370,154
4x56,4x52,0.00003704,1
4x56,4x55,0.00537037,145
4x56,4x57,0.00581481,157
4x56,4x56,0.00474074,128
G89:G87:N132:G96,7x38,0.00014815,4
G89:G87:N132:G96,7x34,0.00107407,29
7x39,7x42,0.01855556,501
3x28,7x42,0.06848148,1849
4x38,2x37,0.00103704,28
4x38,2x38,0.01281481,346
3x22,4x64,0.00096296,26
3x22,4x66,0.06133333,1656
1x31,K20:P17:H63:H24,0.14344444,3873
R171:R169:R214:R178,Q181:Q179:Q224:Q188,0.18388889,4965
7x51,7x51,0.00440741,119
7x54,7x55,0.10555556,2850
7x54,7x54,0.01718519,464
7x54,7x56,0.01874074,506
3x22,4x68,0.01262963,341
7x54,7x53,0.00366667,99
6x38,6x38,0.06022222,1626
5x43,4x64,0.00918519,248
4x43,4x44,0.00677778,183
5x64,34x50,0.00081481,22
4x43,4x40,0.01000000,270
4x43,4x41,0.00092593,25
4x43,4x43,0.00292593,79
6x29,8x48,0.08685185,2345
3x30,R171:R169:R214:R178,0.00014815,4
7x45,2x50,0.23303704,6292
2x37,2x38,0.13618519,3677
2x64,23x50,0.00007407,2
1x54,W437:Y459:Q562:Y472,0.00003704,1
3x56,2x39,0.00022222,6
2x37,2x37,0.26611111,7185
D438:K460:C563:R473,1x52,0.00003704,1
G89:G87:N132:G96,L174:E172:P217:P181,0.02611111,705
5x41,5x37,0.00007407,2
K439:N461:D564:N474,W437:Y459:Q562:Y472,0.34200000,9234
1x50,7x50,0.00551852,149
34x54,2x39,0.31233333,8433
34x54,6x27,0.02629630,710
7x36,K20:P17:H63:H24,0.00196296,53
34x54,6x25,0.07303704,1972
34x55,12x50,0.00037037,10
34x55,12x51,0.03481481,940
3x38,3x42,0.00014815,4
7x31,G21:Y18:T64:N25,0.00266667,72
5x67,7x56,0.00003704,1
K20:P17:H63:H24,1x32,0.00518519,140
K20:P17:H63:H24,1x30,0.01814815,490
6x54,6x51,0.00033333,9
3x28,3x33,0.00074074,20
K20:P17:H63:H24,1x39,0.00003704,1
6x53,5x48,0.00007407,2
S184:S182:S227:S191,T172:T170:T215:T179,0.08159259,2203
34x51,12x51,0.00762963,206
5x57,5x54,0.00018519,5
6x52,3x39,0.00114815,31
R171:R169:R214:R178,23x49,0.00085185,23
5x57,5x58,0.00011111,3
6x52,3x36,0.12814815,3460
8x49,1x60,0.06685185,1805
6x52,3x32,0.02507407,677
45x50,Q181:Q179:Q224:Q188,0.00833333,225
4x56,5x40,0.00537037,145
4x56,5x43,0.02281481,616
4x56,5x47,0.00003704,1
7x52,6x40,0.00007407,2
A175:D173:P218:D182,G89:G87:N132:G96,0.05925926,1600
6x29,6x26,0.32796296,8855
34x52,34x53,0.11877778,3207
34x52,34x52,0.41662963,11249
R436:H458:C561:Q471,1x58,0.00022222,6
1x60,8x50,0.00296296,80
1x60,8x53,0.18962963,5120
1x60,8x52,0.30818519,8321
3x56,6x25,0.00962963,260
3x50,2x38,0.02466667,666
3x56,6x27,0.00081481,22
3x56,6x26,0.00344444,93
1x39,2x60,0.00577778,156
1x39,2x61,0.00437037,118
6x29,6x28,0.06096296,1646
6x29,6x29,0.38325926,10348
8x52,6x26,0.00014815,4
7x35,G176:G174:G219:N183,0.05303704,1432
D393:P415:S519:S428,7x32,0.00003704,1
8x52,6x29,0.00996296,269
5x66,5x58,0.02862963,773
5x66,5x59,0.00074074,20
D438:K460:C563:R473,1x48,0.00018519,5
6x40,6x48,0.00103704,28
D393:P415:S519:S428,Q177:E175:E220:Q184,0.03170370,856
7x31,23x50,0.00022222,6
34x55,4x38,0.03055556,825
45x50,2x56,0.00092593,25
4x56,S184:S182:S227:S191,0.00014815,4
4x43,2x41,0.00225926,61
1x55,8x53,0.00062963,17
12x51,4x38,0.00540741,146
12x51,4x39,0.00222222,60
3x26,V173:V171:V216:V180,0.05848148,1579
45x52,V173:V171:V216:V180,0.00044444,12
23x49,45x51,0.00270370,73
3x22,V173:V171:V216:V180,0.05129630,1385
3x21,23x50,0.14866667,4014
3x21,23x52,0.01233333,333
8x47,8x47,0.35385185,9554
6x39,5x58,0.00018519,5
7x35,23x49,0.00148148,40
23x51,23x52,0.06614815,1786
23x51,23x50,0.10659259,2878
23x51,23x51,0.10048148,2713
3x23,3x22,0.15055556,4065
K392:A414:D518:Q427,T172:T170:T215:T179,0.04966667,1341
8x50,7x53,0.00448148,121
6x29,12x48,0.08866667,2394
2x66,2x66,0.10203704,2755
2x66,2x63,0.01844444,498
2x66,2x62,0.00077778,21
1x40,1x43,0.00129630,35
45x51,5x48,0.00355556,96
1x40,1x40,0.00003704,1
3x48,34x53,0.00029630,8
1x40,1x44,0.00014815,4
G21:Y18:T64:N25,2x65,0.01874074,506
4x65,4x66,0.16040741,4331
4x65,4x67,0.00522222,141
23x51,2x63,0.06466667,1746
4x65,4x65,0.27866667,7524
4x65,4x62,0.13892593,3751
4x65,4x63,0.00077778,21
23x51,2x66,0.00088889,24
3x49,12x49,0.00014815,4
Q177:E175:E220:Q184,S184:S182:S227:S191,0.00488889,132
4x65,4x68,0.08481481,2290
4x65,4x69,0.18962963,5120
8x51,12x49,0.00314815,85
45x52,6x59,0.12707407,3431
45x52,6x58,0.05062963,1367
6x39,6x36,0.00003704,1
3x50,3x46,0.03481481,940
3x50,3x47,0.00114815,31
5x58,5x62,0.03251852,878
3x50,3x45,0.00007407,2
45x52,6x51,0.15114815,4081
3x50,3x49,0.48911111,13206
45x52,6x55,0.00500000,135
45x52,6x54,0.00011111,3
3x36,45x51,0.00011111,3
D393:P415:S519:S428,T172:T170:T215:T179,0.01759259,475
3x29,7x34,0.00007407,2
34x54,5x68,0.07977778,2154
3x26,23x52,0.00037037,10
3x26,23x50,0.00348148,94
2x39,3x46,0.02288889,618
34x54,5x61,0.00007407,2
34x54,5x67,0.05729630,1547
34x54,5x66,0.04400000,1188
34x54,5x65,0.03618519,977
4x42,3x45,0.00014815,4
2x46,7x53,0.02177778,588
2x46,7x50,0.00003704,1
6x35,5x66,0.09755556,2634
6x35,5x67,0.00711111,192
6x35,5x64,0.00007407,2
6x35,5x65,0.04696296,1268
6x35,5x62,0.03088889,834
6x59,6x51,0.00003704,1
6x35,5x61,0.00511111,138
A175:D173:P218:D182,D393:P415:S519:S428,0.02148148,580
Q177:E175:E220:Q184,2x56,0.00203704,55
2x551,2x55,0.00192593,52
2x551,2x56,0.00040741,11
Q177:E175:E220:Q184,2x59,0.00074074,20
4x60,4x61,0.13825926,3733
2x64,K392:A414:D518:Q427,0.00051852,14
4x62,T172:T170:T215:T179,0.00007407,2
4x60,4x64,0.01174074,317
3x53,34x53,0.07177778,1938
5x40,5x48,0.00333333,90
5x40,5x43,0.05122222,1383
5x40,5x40,0.05340741,1442
E170:V168:K213:K177,23x52,0.00096296,26
7x48,7x46,0.00011111,3
6x59,3x33,0.10670370,2881
5x52,5x48,0.00003704,1
8x53,8x53,0.07088889,1914
8x48,8x53,0.00974074,263
8x48,8x50,0.00081481,22
Q177:E175:E220:Q184,3x33,0.00881481,238
2x60,6x55,0.00048148,13
4x60,F182:F180:F225:F189,0.04637037,1252
R171:R169:R214:R178,T172:T170:T215:T179,0.42166667,11385
1x60,1x56,0.16225926,4381
1x60,1x57,0.13492593,3643
1x60,1x55,0.00037037,10
1x60,1x53,0.00725926,196
8x49,1x57,0.00003704,1
7x54,8x50,0.00977778,264
7x54,8x51,0.07633333,2061
7x54,8x52,0.00640741,173
5x65,3x54,0.10544444,2847
7x54,8x55,0.00437037,118
D438:K460:C563:R473,12x49,0.01577778,426
D438:K460:C563:R473,12x48,0.04918519,1328
7x31,7x34,0.08200000,2214
3x45,34x53,0.04037037,1090
4x60,S184:S182:S227:S191,0.03081481,832
2x56,23x50,0.00003704,1
34x56,34x56,0.53614815,14476
34x56,34x50,0.00096296,26
34x56,34x53,0.06944444,1875
34x56,34x52,0.21044444,5682
7x37,7x38,0.00100000,27
2x54,2x551,0.00237037,64
V395:I417:I521:I430,V395:I417:I521:I430,0.30459259,8224
7x37,7x34,0.00062963,17
7x37,7x36,0.00003704,1
7x37,7x37,0.00044444,12
1x39,1x32,0.00114815,31
G21:Y18:T64:N25,7x32,0.01011111,273
7x37,6x51,0.00233333,63
3x43,3x47,0.00037037,10
1x39,1x39,0.00377778,102
4x39,4x39,0.00118519,32
7x35,L174:E172:P217:P181,0.00140741,38
7x34,7x42,0.00070370,19
2x46,2x42,0.00003704,1
L174:E172:P217:P181,V395:I417:I521:I430,0.00003704,1
S184:S182:S227:S191,5x43,0.02551852,689
2x54,1x39,0.00003704,1
2x46,2x45,0.00022222,6
S184:S182:S227:S191,5x40,0.16251852,4388
2x57,3x28,0.00003704,1
5x46,4x61,0.00007407,2
5x46,4x53,0.00014815,4
5x46,4x52,0.00003704,1
5x46,4x55,0.00048148,13
5x46,4x57,0.00200000,54
5x46,4x56,0.00288889,78
5x46,4x59,0.00022222,6
6x29,6x36,0.06081481,1642
2x55,2x62,0.00003704,1
7x35,45x52,0.01103704,298
7x35,45x51,0.09066667,2448
7x47,7x47,0.00185185,50
1x36,1x36,0.00014815,4
2x45,2x45,0.00051852,14
7x31,V395:I417:I521:I430,0.32703704,8830
8x51,8x47,0.05133333,1386
3x52,6x26,0.00007407,2
6x27,12x50,0.00003704,1
8x49,D438:K460:C563:R473,0.00559259,151
3x36,5x51,0.00003704,1
2x64,1x32,0.00100000,27
C394:C416:C520:C429,S184:S182:S227:S191,0.00214815,58
5x64,5x59,0.02255556,609
3x42,7x49,0.00014815,4
3x50,2x41,0.00048148,13
5x66,6x38,0.03366667,909
3x38,3x39,0.00029630,8
34x54,6x30,0.38418519,10373
34x54,6x32,0.00055556,15
34x53,2x41,0.00092593,25
5x66,6x32,0.01900000,513
5x66,6x31,0.31011111,8373
5x66,6x30,0.01937037,523
4x68,4x68,0.17192593,4642
3x35,3x38,0.00018519,5
4x63,3x22,0.00003704,1
K20:P17:H63:H24,1x29,0.00492593,133
3x35,3x32,0.00181481,49
5x461,5x47,0.03048148,823
3x35,3x36,0.00555556,150
3x35,3x35,0.00003704,1
4x60,5x40,0.00911111,246
45x50,4x65,0.00618519,167
4x60,5x43,0.02355556,636
45x50,4x61,0.00011111,3
7x31,K392:A414:D518:Q427,0.04748148,1282
4x60,5x47,0.00003704,1
1x52,8x53,0.00037037,10
1x57,7x53,0.00485185,131
23x50,V173:V171:V216:V180,0.03022222,816
3x33,45x51,0.09600000,2592
R171:R169:R214:R178,3x26,0.52270370,14113
R171:R169:R214:R178,3x25,0.11203704,3025
R171:R169:R214:R178,3x23,0.01655556,447
R171:R169:R214:R178,3x22,0.30248148,8167
1x60,8x48,0.05740741,1550
3x56,6x31,0.00003704,1
6x51,7x38,0.24211111,6537
8x58,1x48,0.00055556,15
6x42,6x38,0.00022222,6
L183:F181:L226:L190,5x40,0.10922222,2949
L183:F181:L226:L190,5x43,0.02592593,700
G176:G174:G219:N183,V395:I417:I521:I430,0.00011111,3
3x26,F182:F180:F225:F189,0.07844444,2118
12x50,2x44,0.00051852,14
2x64,1x30,0.00003704,1
5x65,6x28,0.00033333,9
1x56,7x53,0.09377778,2532
6x54,5x40,0.00011111,3
2x46,3x39,0.08911111,2406
3x21,23x49,0.04644444,1254
2x56,7x42,0.04948148,1336
34x57,34x50,0.00311111,84
34x57,34x51,0.00166667,45
34x57,34x52,0.01118519,302
34x57,34x53,0.14948148,4036
7x56,6x25,0.00007407,2
R171:R169:R214:R178,G176:G174:G219:N183,0.30085185,8123
34x57,34x57,0.53107407,14339
7x56,6x29,0.01774074,479
7x56,6x28,0.00318519,86
34x51,6x31,0.00007407,2
G176:G174:G219:N183,3x28,0.00055556,15
G176:G174:G219:N183,3x29,0.00003704,1
6x29,12x51,0.07848148,2119
3x50,6x27,0.00703704,190
3x50,6x26,0.01655556,447
3x50,6x25,0.00296296,80
G176:G174:G219:N183,3x23,0.00066667,18
6x29,2x41,0.00003704,1
3x36,3x40,0.00325926,88
C394:C416:C520:C429,C394:C416:C520:C429,0.03777778,1020
4x69,45x51,0.00262963,71
D393:P415:S519:S428,G176:G174:G219:N183,0.00200000,54
23x51,2x58,0.00003704,1
23x51,2x59,0.23314815,6295
6x54,6x58,0.00103704,28
Q181:Q179:Q224:Q188,G176:G174:G219:N183,0.02085185,563
6x30,12x48,0.00011111,3
6x30,12x49,0.04007407,1082
12x50,8x48,0.00033333,9
5x44,L183:F181:L226:L190,0.00114815,31
6x29,1x59,0.00162963,44
7x31,G176:G174:G219:N183,0.04485185,1211
2x57,7x46,0.00037037,10
D393:P415:S519:S428,6x55,0.00025926,7
6x29,1x57,0.00137037,37
45x52,6x60,0.00514815,139
1x33,2x64,0.00092593,25
4x69,G176:G174:G219:N183,0.00007407,2
8x56,8x53,0.00033333,9
8x56,8x57,0.03281481,886
8x56,8x56,0.00677778,183
8x56,8x59,0.00903704,244
8x56,8x58,0.00081481,22
3x31,3x28,0.00044444,12
8x50,6x36,0.00007407,2
7x35,23x50,0.00011111,3
3x30,45x51,0.00007407,2
8x52,7x56,0.00388889,105
7x31,G89:G87:N132:G96,0.00418519,113
6x35,5x58,0.05725926,1546
R436:H458:C561:Q471,R436:H458:C561:Q471,0.51222222,13830
5x37,45x51,0.00422222,114
E170:V168:K213:K177,L174:E172:P217:P181,0.00496296,134
6x28,6x28,0.02381481,643
1x50,2x43,0.11181481,3019
S184:S182:S227:S191,V173:V171:V216:V180,0.00137037,37
1x50,2x46,0.02014815,544
1x60,7x53,0.10403704,2809
1x60,7x56,0.00003704,1
F182:F180:F225:F189,45x51,0.15537037,4195
5x67,34x50,0.00255556,69
5x67,34x51,0.00788889,213
5x67,34x52,0.00285185,77
5x67,34x53,0.00051852,14
6x32,12x48,0.00155556,42
2x54,1x44,0.00003704,1
8x53,12x48,0.01122222,303
45x51,2x60,0.01455556,393
45x51,2x63,0.05040741,1361
A175:D173:P218:D182,7x30,0.00014815,4
8x52,12x48,0.01788889,483
1x55,1x56,0.00333333,90
4x63,F182:F180:F225:F189,0.00014815,4
1x55,1x54,0.00314815,85
Q181:Q179:Q224:Q188,T172:T170:T215:T179,0.43770370,11818
7x34,6x55,0.00140741,38
1x55,1x58,0.00514815,139
7x34,6x57,0.00011111,3
7x34,6x51,0.19377778,5232
2x46,7x46,0.09640741,2603
2x46,7x47,0.00003704,1
5x36,6x58,0.00774074,209
5x36,6x59,0.02037037,550
S184:S182:S227:S191,7x34,0.03166667,855
S184:S182:S227:S191,7x38,0.00388889,105
D438:K460:C563:R473,12x51,0.00414815,112
3x29,F182:F180:F225:F189,0.00044444,12
R171:R169:R214:R178,45x51,0.39025926,10537
R171:R169:R214:R178,45x50,0.22140741,5978
R171:R169:R214:R178,45x52,0.00059259,16
6x48,3x33,0.04385185,1184
L174:E172:P217:P181,L174:E172:P217:P181,0.20833333,5625
7x37,7x40,0.00003704,1
7x37,7x42,0.00011111,3
5x64,3x54,0.45881481,12388
5x64,3x55,0.34570370,9334
5x64,3x51,0.25792593,6964
1x57,12x48,0.05677778,1533
5x64,3x53,0.00170370,46
3x32,2x551,0.00062963,17
7x37,6x48,0.00029630,8
45x50,V395:I417:I521:I430,0.00003704,1
1x49,7x53,0.00007407,2
5x56,3x51,0.00148148,40
8x55,C435:C457:L560:C470,0.00100000,27
7x31,2x66,0.00003704,1
7x31,2x64,0.01640741,443
7x31,2x65,0.00055556,15
7x31,2x63,0.10796296,2915
7x31,2x60,0.00540741,146
3x30,4x57,0.00003704,1
3x30,4x54,0.00003704,1
D393:P415:S519:S428,D393:P415:S519:S428,0.95981481,25915
6x31,5x62,0.03755556,1014
5x36,5x39,0.03796296,1025
5x36,5x38,0.13007407,3512
6x33,6x29,0.02077778,561
6x33,6x28,0.01003704,271
6x31,5x65,0.20244444,5466
5x36,5x37,0.00048148,13
5x36,5x36,0.40459259,10924
6x45,6x44,0.00003704,1
Q181:Q179:Q224:Q188,5x40,0.02303704,622
5x43,5x43,0.01614815,436
3x35,6x51,0.00003704,1
5x48,6x51,0.00303704,82
45x52,T172:T170:T215:T179,0.00966667,261
6x33,2x39,0.10992593,2968
L174:E172:P217:P181,K20:P17:H63:H24,0.00074074,20
6x45,6x48,0.00003704,1
6x45,6x49,0.00011111,3
6x54,V395:I417:I521:I430,0.00033333,9
34x52,3x54,0.00081481,22
34x52,3x55,0.05222222,1410
Q177:E175:E220:Q184,7x35,0.41659259,11248
1x38,1x38,0.00303704,82
3x49,12x50,0.00003704,1
Q177:E175:E220:Q184,7x31,0.30922222,8349
Q177:E175:E220:Q184,7x30,0.00022222,6
Q177:E175:E220:Q184,7x32,0.00248148,67
8x51,8x54,0.00033333,9
8x51,8x55,0.20292593,5479
8x51,8x56,0.00100000,27
3x36,5x43,0.00166667,45
8x51,8x50,0.00955556,258
Q177:E175:E220:Q184,7x38,0.08296296,2240
8x51,8x52,0.41118519,11102
8x51,8x53,0.00100000,27
5x64,5x66,0.13425926,3625
5x64,5x65,0.16744444,4521
5x64,5x64,0.86062963,23237
2x64,1x29,0.00951852,257
5x64,5x61,0.01911111,516
2x39,6x31,0.00014815,4
2x39,6x32,0.01359259,367
D393:P415:S519:S428,4x64,0.00177778,48
3x49,12x51,0.00655556,177
5x66,6x28,0.00025926,7
34x53,3x54,0.00214815,58
2x63,2x63,0.23866667,6444
5x66,6x25,0.00322222,87
5x66,6x26,0.00833333,225
5x66,6x27,0.01381481,373
1x55,1x57,0.00051852,14
23x49,2x64,0.00107407,29
23x49,2x65,0.00248148,67
23x49,2x66,0.13422222,3624
2x57,1x43,0.00066667,18
2x39,6x36,0.24866667,6714
23x49,2x62,0.04429630,1196
23x49,2x63,0.17033333,4599
E170:V168:K213:K177,3x21,0.00003704,1
E170:V168:K213:K177,3x22,0.04811111,1299
E170:V168:K213:K177,3x23,0.00462963,125
4x60,4x55,0.00096296,26
4x60,4x56,0.00518519,140
4x60,4x57,0.00511111,138
6x37,6x32,0.00418519,113
3x31,2x56,0.00085185,23
4x60,5x36,0.01370370,370
6x37,6x36,0.01051852,284
6x37,6x37,0.00003704,1
4x43,4x47,0.00003704,1
6x37,6x38,0.00562963,152
1x60,1x60,0.41918519,11318
4x60,5x39,0.00055556,15
Q177:E175:E220:Q184,2x64,0.01088889,294
Q177:E175:E220:Q184,V173:V171:V216:V180,0.25125926,6784
1x55,1x59,0.00025926,7
C394:C416:C520:C429,5x40,0.00003704,1
2x57,2x61,0.00266667,72
6x29,3x53,0.00322222,87
7x49,7x53,0.03411111,921
7x49,7x52,0.00014815,4
7x49,7x50,0.00003704,1
2x49,4x50,0.00011111,3
7x35,1x32,0.00029630,8
7x35,1x38,0.00007407,2
7x35,1x39,0.00140741,38
4x69,4x69,0.19896296,5372
3x36,7x42,0.03940741,1064
K392:A414:D518:Q427,6x58,0.23940741,6464
3x56,34x54,0.19018519,5135
8x58,W437:Y459:Q562:Y472,0.00022222,6
K392:A414:D518:Q427,6x55,0.00492593,133
K392:A414:D518:Q427,6x57,0.00003704,1
5x63,5x64,0.31125926,8404
L183:F181:L226:L190,5x37,0.00111111,30
3x26,G176:G174:G219:N183,0.20848148,5629
5x46,5x461,0.01055556,285
2x39,7x56,0.00174074,47
2x39,7x53,0.03429630,926
5x63,5x63,0.35188889,9501
2x59,2x55,0.00174074,47
Q181:Q179:Q224:Q188,6x59,0.04492593,1213
5x45,6x59,0.00007407,2
6x31,3x55,0.00055556,15
6x31,3x54,0.01574074,425
Q181:Q179:Q224:Q188,6x51,0.00422222,114
5x63,5x61,0.00048148,13
2x59,2x59,0.00011111,3
6x31,3x53,0.02037037,550
Q181:Q179:Q224:Q188,6x54,0.00011111,3
7x37,3x36,0.00003704,1
7x37,3x33,0.00051852,14
L183:F181:L226:L190,T172:T170:T215:T179,0.03788889,1023
4x49,3x42,0.00003704,1
34x51,6x29,0.00085185,23
7x56,6x31,0.00911111,246
7x56,6x36,0.08092593,2185
12x49,1x57,0.11837037,3196
34x51,6x25,0.02325926,628
34x51,6x27,0.00066667,18
34x51,6x26,0.02203704,595
3x50,6x30,0.51774074,13979
5x38,5x38,0.00992593,268
3x50,6x32,0.00296296,80
3x50,6x35,0.00133333,36
3x50,6x36,0.01718519,464
3x50,6x37,0.00796296,215
3x50,6x38,0.04103704,1108
A175:D173:P218:D182,45x52,0.00007407,2
5x38,5x37,0.00025926,7
A175:D173:P218:D182,45x51,0.06981481,1885
3x25,23x50,0.00277778,75
3x25,23x52,0.00155556,42
6x61,Q181:Q179:Q224:Q188,0.02788889,753
Q177:E175:E220:Q184,5x40,0.00018519,5
12x49,6x32,0.15292593,4129
4x44,4x39,0.00488889,132
8x56,1x58,0.00003704,1
1x57,1x59,0.03129630,845
4x39,2x41,0.01159259,313
6x30,12x51,0.01025926,277
6x30,12x50,0.00722222,195
1x57,1x53,0.00244444,66
6x61,S184:S182:S227:S191,0.03562963,962
1x57,1x56,0.01559259,421
1x57,1x57,0.04422222,1194
D438:K460:C563:R473,12x50,0.00007407,2
34x51,5x65,0.00003704,1
A175:D173:P218:D182,G176:G174:G219:N183,0.13133333,3546
6x26,2x41,0.00051852,14
12x48,7x53,0.00051852,14
5x44,S184:S182:S227:S191,0.00066667,18
3x31,3x36,0.00033333,9
6x37,5x54,0.00007407,2
2x64,2x60,0.00425926,115
7x49,1x50,0.10044444,2712
8x55,W437:Y459:Q562:Y472,0.02007407,542
6x37,5x58,0.00003704,1
6x58,7x34,0.13614815,3676
6x56,S184:S182:S227:S191,0.00033333,9
6x58,2x63,0.00525926,142
6x58,2x60,0.00803704,217
1x59,1x59,0.16451852,4442
D393:P415:S519:S428,L174:E172:P217:P181,0.00081481,22
2x64,2x63,0.10696296,2888
A175:D173:P218:D182,E170:V168:K213:K177,0.02303704,622
7x36,7x40,0.00003704,1
4x57,4x52,0.00014815,4
4x65,K392:A414:D518:Q427,0.00074074,20
4x57,4x57,0.00307407,83
4x57,4x55,0.00007407,2
Q181:Q179:Q224:Q188,K392:A414:D518:Q427,0.15514815,4189
W437:Y459:Q562:Y472,W437:Y459:Q562:Y472,0.34237037,9244
8x57,K439:N461:D564:N474,0.00607407,164
1x57,2x38,0.00037037,10
12x48,1x59,0.36981481,9985
34x53,34x53,0.12377778,3342
1x56,1x56,0.08681481,2344
1x50,2x50,0.09718519,2624
3x21,3x21,0.02888889,780
3x21,3x22,0.04107407,1109
3x21,3x23,0.01355556,366
3x50,3x55,0.00222222,60
3x50,3x54,0.04037037,1090
7x37,2x60,0.00003704,1
34x55,2x38,0.01440741,389
34x55,2x39,0.00822222,222
3x28,6x51,0.00429630,116
23x49,V173:V171:V216:V180,0.02622222,708
6x53,6x49,0.00007407,2
6x44,3x39,0.00892593,241
12x51,2x38,0.11166667,3015
5x39,5x37,0.00011111,3
5x39,5x39,0.00081481,22
12x51,2x37,0.24170370,6526
6x32,12x51,0.00025926,7
7x37,6x46,0.00011111,3
5x38,L183:F181:L226:L190,0.00022222,6
3x45,3x45,0.00014815,4
7x37,6x47,0.00559259,151
3x45,3x48,0.00118519,32
3x32,6x51,0.29737037,8029
7x32,45x51,0.00100000,27
1x56,8x53,0.13177778,3558
12x50,K439:N461:D564:N474,0.00025926,7
3x25,4x61,0.00422222,114
4x56,4x64,0.03022222,816
3x25,4x65,0.02985185,806
3x25,4x64,0.00003704,1
3x25,E170:V168:K213:K177,0.00003704,1
1x54,1x53,0.00011111,3
4x42,4x43,0.00092593,25
2x56,6x51,0.00903704,244
1x54,1x54,0.00085185,23
1x54,1x57,0.00177778,48
4x65,L183:F181:L226:L190,0.03025926,817
34x51,3x53,0.02651852,716
34x51,3x52,0.00492593,133
R171:R169:R214:R178,D393:P415:S519:S428,0.00007407,2
1x33,K20:P17:H63:H24,0.00040741,11
34x51,3x55,0.00751852,203
34x51,3x54,0.01207407,326
2x65,2x62,0.00011111,3
2x65,2x63,0.00077778,21
6x57,6x57,0.00007407,2
2x65,2x61,0.00011111,3
2x65,2x66,0.13244444,3576
2x65,2x65,0.05962963,1610
34x51,2x38,0.00011111,3
12x51,1x59,0.10744444,2901
12x51,1x57,0.09292593,2509
12x51,1x56,0.00329630,89
2x50,6x40,0.00096296,26
2x50,6x44,0.00007407,2
2x50,6x47,0.00011111,3
2x50,6x48,0.03218519,869
7x39,7x38,0.00951852,257
7x39,7x39,0.01544444,417
E170:V168:K213:K177,4x69,0.42107407,11369
E170:V168:K213:K177,4x68,0.39559259,10681
E170:V168:K213:K177,4x61,0.00014815,4
E170:V168:K213:K177,4x62,0.00003704,1
E170:V168:K213:K177,4x64,0.06751852,1823
E170:V168:K213:K177,4x67,0.00974074,263
E170:V168:K213:K177,4x66,0.03537037,955
3x30,4x62,0.00055556,15
3x30,4x61,0.00018519,5
L174:E172:P217:P181,F182:F180:F225:F189,0.00003704,1
3x30,4x65,0.00011111,3
7x31,L183:F181:L226:L190,0.00033333,9
3x24,3x26,0.00037037,10
3x24,3x25,0.00014815,4
3x24,3x24,0.00055556,15
3x24,3x23,0.14703704,3970
3x24,3x22,0.06559259,1771
3x24,3x21,0.01366667,369
3x50,2x42,0.00259259,70
3x35,6x48,0.00070370,19
6x33,6x38,0.00003704,1
6x33,6x36,0.04451852,1202
6x33,6x37,0.00740741,200
6x33,6x34,0.00259259,70
6x33,6x35,0.00188889,51
6x33,6x32,0.02711111,732
6x33,6x33,0.01111111,300
6x33,6x30,0.01100000,297
6x31,5x58,0.04314815,1165
2x56,7x38,0.02362963,638
5x461,3x39,0.00011111,3
8x48,1x56,0.00029630,8
6x33,7x56,0.00566667,153
5x461,3x36,0.13833333,3735
3x30,3x29,0.00007407,2
6x60,S184:S182:S227:S191,0.08037037,2170
5x461,3x33,0.01044444,282
8x49,12x48,0.00259259,70
A175:D173:P218:D182,6x58,0.00037037,10
3x27,4x62,0.00018519,5
T172:T170:T215:T179,45x51,0.16633333,4491
2x39,12x50,0.02814815,760
2x39,12x51,0.04703704,1270
2x44,7x53,0.00037037,10
1x55,W437:Y459:Q562:Y472,0.00111111,30
3x42,3x42,0.00085185,23
12x49,6x36,0.00081481,22
4x60,T172:T170:T215:T179,0.01840741,497
4x61,3x23,0.00133333,36
4x61,3x22,0.00477778,129
6x25,3x54,0.00862963,233
2x47,1x50,0.04666667,1260
45x50,K20:P17:H63:H24,0.00359259,97
45x52,7x42,0.00085185,23
6x35,6x29,0.00037037,10
6x35,6x28,0.02555556,690
2x39,2x41,0.02700000,729
2x39,2x40,0.44237037,11944
6x35,6x25,0.00011111,3
2x39,2x42,0.08377778,2262
2x57,1x39,0.00003704,1
4x59,S184:S182:S227:S191,0.00092593,25
4x61,S184:S182:S227:S191,0.00018519,5
7x52,6x36,0.06500000,1755
7x52,6x32,0.03318519,896
1x38,2x61,0.00007407,2
1x38,2x60,0.00125926,34
7x49,7x48,0.00070370,19
7x49,7x49,0.32333333,8730
7x49,7x46,0.19577778,5286
7x49,7x47,0.00029630,8
7x49,7x41,0.12285185,3317
7x49,7x42,0.01170370,316
5x55,5x58,0.00003704,1
D393:P415:S519:S428,45x52,0.01274074,344
5x44,45x51,0.00107407,29
R436:H458:C561:Q471,1x60,0.00074074,20
R436:H458:C561:Q471,K439:N461:D564:N474,0.13344444,3603
5x55,5x56,0.00003704,1
3x29,4x62,0.00003704,1
7x40,6x48,0.00003704,1
3x39,4x50,0.00103704,28
7x40,6x44,0.00003704,1
7x40,6x47,0.00022222,6
3x32,6x48,0.07866667,2124
6x30,6x29,0.32133333,8676
8x57,1x59,0.00003704,1
4x63,4x63,0.00040741,11
3x30,3x33,0.00007407,2
2x54,2x56,0.00040741,11
3x33,7x38,0.21792593,5884
3x49,2x42,0.12744444,3441
45x50,K392:A414:D518:Q427,0.01429630,386
8x47,1x53,0.00614815,166
S184:S182:S227:S191,3x33,0.02340741,632
8x55,7x55,0.03625926,979
2x54,2x54,0.00003704,1
8x55,7x51,0.00003704,1
3x36,7x46,0.17985185,4856
3x42,3x39,0.00411111,111
6x48,7x38,0.00274074,74
12x49,4x38,0.00003704,1
Q181:Q179:Q224:Q188,6x60,0.00900000,243
1x36,1x43,0.00029630,8
5x41,45x51,0.00107407,29
7x55,7x55,0.10448148,2821
7x55,7x53,0.00029630,8
7x55,7x51,0.00303704,82
3x33,2x60,0.03451852,932
6x49,6x48,0.00033333,9
6x49,6x49,0.00155556,42
2x40,6x27,0.00007407,2
2x40,6x26,0.00040741,11
2x40,6x25,0.00018519,5
G176:G174:G219:N183,7x34,0.00340741,92
G176:G174:G219:N183,7x32,0.00003704,1
2x40,6x29,0.33433333,9027
G176:G174:G219:N183,7x38,0.02062963,557
34x50,3x54,0.02292593,619
34x50,3x55,0.00474074,128
34x50,3x53,0.05248148,1417
2x64,45x51,0.00022222,6
Q181:Q179:Q224:Q188,23x49,0.00007407,2
Q177:E175:E220:Q184,E170:V168:K213:K177,0.00203704,55
4x59,4x57,0.00003704,1
1x36,2x64,0.00018519,5
5x68,34x53,0.00096296,26
2x64,7x38,0.00640741,173
5x68,34x51,0.02100000,567
5x68,34x50,0.00929630,251
3x32,Q181:Q179:Q224:Q188,0.00218519,59
2x64,7x34,0.00685185,185
Q177:E175:E220:Q184,7x34,0.15596296,4211
12x51,7x53,0.00262963,71
C435:C457:L560:C470,8x58,0.01033333,279
C435:C457:L560:C470,8x59,0.16018519,4325
4x65,S184:S182:S227:S191,0.02255556,609
T172:T170:T215:T179,23x50,0.01507407,407
7x31,V173:V171:V216:V180,0.00262963,71
4x42,2x38,0.00222222,60
4x42,2x39,0.00374074,101
C435:C457:L560:C470,8x56,0.01481481,400
C435:C457:L560:C470,8x57,0.00251852,68
2x40,7x56,0.00218519,59
6x56,6x55,0.00007407,2
6x33,12x49,0.00222222,60
4x42,12x51,0.00011111,3
3x46,3x47,0.00025926,7
8x48,2x37,0.00225926,61
2x551,3x28,0.00025926,7
K392:A414:D518:Q427,K392:A414:D518:Q427,0.50818519,13721
2x39,1x57,0.00059259,16
2x39,1x56,0.00007407,2
5x461,4x59,0.00003704,1
5x461,4x53,0.00029630,8
5x461,4x52,0.00003704,1
5x461,4x57,0.01722222,465
7x38,6x55,0.00048148,13
2x39,1x59,0.00033333,9
2x45,4x50,0.00081481,22
12x48,1x53,0.00014815,4
3x25,7x42,0.00040741,11
5x68,5x68,0.62888889,16980
7x49,6x47,0.00062963,17
R171:R169:R214:R178,F182:F180:F225:F189,0.01459259,394
7x49,6x44,0.04692593,1267
23x49,K392:A414:D518:Q427,0.00007407,2
3x33,2x63,0.00011111,3
7x49,6x48,0.01522222,411
8x50,1x56,0.00681481,184
6x52,6x45,0.00025926,7
5x66,5x61,0.02362963,638
6x40,6x36,0.00003704,1
4x60,K392:A414:D518:Q427,0.00003704,1
5x60,5x59,0.07311111,1974
5x60,5x56,0.00785185,212
5x60,5x57,0.00011111,3
4x40,12x51,0.01185185,320
5x60,5x53,0.00011111,3
3x32,G176:G174:G219:N183,0.00096296,26
L183:F181:L226:L190,7x34,0.02548148,688
45x50,6x58,0.01374074,371
4x41,4x39,0.00022222,6
4x41,4x38,0.11270370,3043
1x50,7x53,0.08037037,2170
1x36,1x40,0.00037037,10
2x58,2x62,0.01133333,306
2x58,2x63,0.00003704,1
2x58,2x61,0.00929630,251
3x36,5x48,0.00074074,20
4x58,4x61,0.00007407,2
6x32,2x37,0.00211111,57
8x55,8x48,0.09725926,2626
3x56,3x53,0.16240741,4385
3x56,3x52,0.12381481,3343
3x56,3x51,0.12155556,3282
Q177:E175:E220:Q184,2x66,0.00255556,69
Q177:E175:E220:Q184,2x60,0.06329630,1709
Q177:E175:E220:Q184,2x63,0.43285185,11687
3x56,3x54,0.24955556,6738
34x52,6x26,0.00737037,199
1x48,1x48,0.00048148,13
8x48,6x28,0.00196296,53
8x48,6x25,0.00014815,4
3x54,3x54,0.17485185,4721
8x48,6x26,0.00511111,138
Q177:E175:E220:Q184,4x61,0.00003704,1
8x51,1x60,0.00033333,9
12x51,12x51,0.44200000,11934
2x56,6x48,0.00055556,15
3x28,45x51,0.00003704,1
5x64,6x25,0.00466667,126
3x26,T172:T170:T215:T179,0.06100000,1647
45x50,6x55,0.00037037,10
3x50,2x37,0.15137037,4087
4x43,2x38,0.00003704,1
K20:P17:H63:H24,7x42,0.00011111,3
5x44,3x33,0.00674074,182
6x27,6x32,0.00081481,22
5x44,3x36,0.00003704,1
Q177:E175:E220:Q184,7x39,0.00314815,85
7x52,7x55,0.00788889,213
7x52,7x53,0.00281481,76
7x52,7x52,0.01525926,412
7x52,7x51,0.02970370,802
8x51,8x51,0.43062963,11627
8x57,8x53,0.00092593,25
8x57,8x57,0.00503704,136
8x57,8x54,0.00007407,2
6x59,6x55,0.00722222,195
Q181:Q179:Q224:Q188,F182:F180:F225:F189,0.29403704,7939
1x35,7x39,0.00007407,2
8x57,8x58,0.01685185,455
8x57,8x59,0.00877778,237
23x51,R171:R169:R214:R178,0.00055556,15
3x53,34x52,0.01529630,413
6x59,6x57,0.00018519,5
7x31,S184:S182:S227:S191,0.00048148,13
K392:A414:D518:Q427,5x40,0.06262963,1691
K392:A414:D518:Q427,5x41,0.00033333,9
Q177:E175:E220:Q184,45x52,0.00433333,117
Q177:E175:E220:Q184,45x51,0.46229630,12482
7x33,7x34,0.00014815,4
2x62,1x32,0.00318519,86
7x33,7x32,0.01351852,365
7x33,7x33,0.00018519,5
6x59,2x60,0.00222222,60
6x59,2x63,0.00029630,8
7x33,7x38,0.00003704,1
3x56,4x41,0.00388889,105
5x64,5x62,0.03466667,936
6x61,45x52,0.00122222,33
1x58,1x57,0.13651852,3686
1x58,1x56,0.00070370,19
6x61,7x34,0.01603704,433
1x58,1x53,0.00007407,2
2x45,2x41,0.00003704,1
1x35,2x60,0.00003704,1
1x58,1x59,0.21311111,5754
1x58,1x58,0.38548148,10408
4x60,4x66,0.00007407,2
L174:E172:P217:P181,K392:A414:D518:Q427,0.00333333,90
5x38,F182:F180:F225:F189,0.00070370,19
23x52,2x62,0.06918519,1868
23x52,2x63,0.01207407,326
4x57,7x38,0.01551852,419
C394:C416:C520:C429,Q181:Q179:Q224:Q188,0.01292593,349
12x51,12x48,0.37485185,10121
4x65,3x23,0.01296296,350
4x65,3x22,0.08748148,2362
2x39,12x49,0.10592593,2860
2x39,12x48,0.00407407,110
1x39,2x62,0.00311111,84
6x40,7x53,0.00114815,31
6x48,45x51,0.00003704,1
6x33,2x37,0.00170370,46
4x61,3x33,0.00007407,2
7x31,7x33,0.00348148,94
2x43,2x43,0.00029630,8
34x57,3x48,0.00118519,32
34x57,3x49,0.33451852,9032
34x57,3x46,0.00059259,16
34x57,3x45,0.04818519,1301
6x35,6x30,0.00055556,15
6x35,6x31,0.19414815,5242
6x35,6x32,0.15337037,4141
6x35,6x35,0.44337037,11971
6x35,6x36,0.02525926,682
6x35,6x37,0.00166667,45
6x35,6x38,0.11655556,3147
3x23,3x23,0.05455556,1473
3x56,34x52,0.22900000,6183
3x56,34x53,0.11896296,3212
3x56,34x50,0.07866667,2124
3x56,34x51,0.07803704,2107
3x56,34x56,0.05625926,1519
3x56,34x57,0.02018519,545
34x55,6x30,0.00096296,26
6x37,3x47,0.00596296,161
5x46,3x33,0.00100000,27
5x46,3x36,0.00088889,24
1x45,1x45,0.00011111,3
4x65,T172:T170:T215:T179,0.13618519,3677
3x38,4x50,0.00007407,2
3x46,3x45,0.00003704,1
3x53,3x51,0.00007407,2
3x53,3x53,0.17729630,4787
3x53,3x54,0.16459259,4444
3x53,3x55,0.02244444,606
3x29,7x42,0.00862963,233
5x48,5x48,0.00540741,146
5x37,5x48,0.00022222,6
Q181:Q179:Q224:Q188,V173:V171:V216:V180,0.05188889,1401
6x40,3x39,0.07148148,1930
2x56,3x33,0.00003704,1
5x37,5x40,0.00759259,205
8x55,1x59,0.00003704,1
3x32,6x59,0.00022222,6
3x30,3x26,0.00062963,17
3x30,3x27,0.00003704,1
3x33,7x42,0.01625926,439
34x54,34x53,0.02566667,693
34x54,34x52,0.02281481,616
34x54,34x51,0.11200000,3024
34x54,34x50,0.07948148,2146
34x54,34x57,0.52111111,14070
34x54,34x56,0.12018519,3245
34x54,34x54,0.44996296,12149
5x44,6x51,0.00640741,173
8x49,12x49,0.06955556,1878
5x44,6x52,0.01374074,371
4x68,V173:V171:V216:V180,0.00222222,60
5x43,3x33,0.07251852,1958
5x44,6x56,0.00003704,1
5x44,6x59,0.00114815,31
5x54,3x51,0.00003704,1
D393:P415:S519:S428,45x51,0.14633333,3951
D393:P415:S519:S428,45x50,0.00037037,10
1x30,1x32,0.00062963,17
2x54,2x59,0.00251852,68
2x54,2x57,0.00018519,5
G89:G87:N132:G96,2x63,0.27840741,7517
2x54,2x55,0.00359259,97
3x25,T172:T170:T215:T179,0.00048148,13
2x54,2x53,0.00003704,1
G89:G87:N132:G96,2x62,0.00100000,27
6x56,6x60,0.00018519,5
4x65,Q181:Q179:Q224:Q188,0.26951852,7277
2x40,6x30,0.04081481,1102
2x40,6x31,0.00003704,1
2x40,6x32,0.05385185,1454
G89:G87:N132:G96,2x60,0.00088889,24
2x40,6x36,0.28433333,7677
2x40,6x37,0.00070370,19
2x49,7x45,0.01603704,433
2x49,7x46,0.05011111,1353
2x49,7x41,0.00277778,75
2x40,7x53,0.19766667,5337
2x49,7x42,0.00014815,4
6x56,6x59,0.00829630,224
1x54,12x51,0.00207407,56
2x49,7x49,0.03300000,891
7x35,7x32,0.22011111,5943
7x35,7x30,0.00003704,1
7x35,7x36,0.00748148,202
7x35,7x34,0.15270370,4123
7x35,7x35,0.77485185,20921
6x32,2x38,0.00003704,1
7x35,7x38,0.05922222,1599
7x35,7x39,0.09370370,2530
1x34,1x30,0.00033333,9
6x27,5x65,0.01048148,283
6x61,V395:I417:I521:I430,0.23411111,6321
7x45,3x40,0.00562963,152
8x47,6x25,0.00003704,1
8x55,R436:H458:C561:Q471,0.12888889,3480
23x51,G176:G174:G219:N183,0.00240741,65
3x23,4x64,0.00025926,7
2x49,2x50,0.13351852,3605
F182:F180:F225:F189,5x37,0.00029630,8
1x60,2x37,0.06051852,1634
2x49,2x56,0.00003704,1
1x60,2x39,0.01429630,386
1x60,2x38,0.00007407,2
3x55,34x53,0.02670370,721
6x31,8x48,0.00033333,9
6x61,L183:F181:L226:L190,0.03451852,932
7x46,6x51,0.00011111,3
6x27,3x53,0.00470370,127
6x47,7x38,0.00007407,2
T172:T170:T215:T179,V395:I417:I521:I430,0.00007407,2
6x27,3x54,0.00155556,42
6x27,3x55,0.00003704,1
8x52,D438:K460:C563:R473,0.14333333,3870
3x46,3x53,0.00537037,145
5x60,3x52,0.00003704,1
5x60,3x54,0.04340741,1172
5x60,3x55,0.05481481,1480
3x53,5x65,0.08111111,2190
6x36,6x36,0.05255556,1419
5x60,3x51,0.24162963,6524
5x54,5x58,0.00003704,1
7x30,V395:I417:I521:I430,0.01251852,338
D438:K460:C563:R473,W437:Y459:Q562:Y472,0.53051852,14324
4x58,4x62,0.00003704,1
6x25,4x38,0.00011111,3
5x66,34x51,0.01044444,282
A175:D173:P218:D182,S184:S182:S227:S191,0.00018519,5
L183:F181:L226:L190,6x51,0.04833333,1305
7x41,6x48,0.03859259,1042
L183:F181:L226:L190,6x57,0.00040741,11
L183:F181:L226:L190,6x55,0.00407407,110
4x63,S184:S182:S227:S191,0.00007407,2
8x51,7x51,0.00048148,13
8x51,7x53,0.00470370,127
5x43,45x51,0.00770370,208
7x41,6x47,0.03837037,1036
7x41,6x46,0.00003704,1
5x62,5x62,0.18770370,5068
5x60,5x63,0.18103704,4888
6x48,6x48,0.06551852,1769
5x60,5x61,0.00033333,9
5x60,5x60,0.34759259,9385
5x60,5x67,0.08000000,2160
5x60,5x66,0.00688889,186
5x60,5x65,0.00362963,98
G176:G174:G219:N183,G89:G87:N132:G96,0.08637037,2332
1x48,7x47,0.00003704,1
5x60,5x68,0.19796296,5345
1x53,1x59,0.00044444,12
2x58,2x53,0.00003704,1
5x37,6x55,0.00066667,18
F182:F180:F225:F189,5x43,0.03344444,903
2x58,2x57,0.00125926,34
2x58,2x56,0.00051852,14
2x58,2x55,0.00607407,164
2x58,2x54,0.00300000,81
2x58,2x59,0.00462963,125
8x51,D438:K460:C563:R473,0.05055556,1365
23x50,7x42,0.00003704,1
5x37,6x59,0.00581481,157
5x37,6x58,0.02581481,697
D393:P415:S519:S428,5x36,0.00700000,189
D393:P415:S519:S428,5x37,0.00014815,4
8x55,8x52,0.44014815,11884
8x55,8x53,0.00051852,14
3x56,3x48,0.00029630,8
8x55,8x55,0.38581481,10417
8x55,8x56,0.00711111,192
34x54,7x53,0.00007407,2
6x26,2x38,0.00166667,45
8x55,8x59,0.00570370,154
8x47,2x40,0.45492593,12283
2x60,2x60,0.08148148,2200
2x60,2x63,0.09229630,2492
4x53,4x57,0.00022222,6
D438:K460:C563:R473,8x48,0.04333333,1170
4x53,4x52,0.00007407,2
3x26,L174:E172:P217:P181,0.15074074,4070
2x47,3x39,0.00040741,11
6x33,2x43,0.00003704,1
D438:K460:C563:R473,D438:K460:C563:R473,0.88803704,23977
1x29,1x32,0.00088889,24
1x29,1x30,0.00118519,32
1x31,2x64,0.00359259,97
1x31,2x65,0.00059259,16
1x31,2x66,0.00007407,2
1x31,2x60,0.01614815,436
2x49,3x39,0.07218519,1949
1x31,2x63,0.00014815,4
K20:P17:H63:H24,7x30,0.00003704,1
K20:P17:H63:H24,7x32,0.11559259,3121
K20:P17:H63:H24,7x34,0.00214815,58
2x49,3x31,0.00003704,1
2x49,3x32,0.00229630,62
2x62,23x50,0.00092593,25
7x46,7x42,0.03300000,891
7x41,7x37,0.00003704,1
7x46,7x46,0.24325926,6568
7x41,7x38,0.02988889,807
5x39,3x33,0.00018519,5
1x54,1x59,0.00011111,3
5x40,7x34,0.00340741,92
G89:G87:N132:G96,45x51,0.00981481,265
2x37,7x53,0.00074074,20
45x52,4x64,0.00070370,19
6x30,3x53,0.25200000,6804
G89:G87:N132:G96,K392:A414:D518:Q427,0.00448148,121
2x50,7x53,0.11051852,2984
34x57,2x38,0.35825926,9673
34x57,2x39,0.42996296,11609
34x57,2x37,0.42696296,11528
5x47,6x49,0.00011111,3
5x47,6x48,0.02229630,602
6x61,7x31,0.00044444,12
3x26,4x57,0.00003704,1
34x54,4x40,0.00007407,2
34x54,4x41,0.00033333,9
K392:A414:D518:Q427,6x59,0.24437037,6598
K20:P17:H63:H24,6x51,0.00007407,2
5x56,5x56,0.00170370,46
5x56,5x53,0.00003704,1
5x56,5x59,0.00055556,15
7x42,2x60,0.02255556,609
3x32,45x50,0.35533333,9594
7x42,2x63,0.00077778,21
3x50,12x50,0.00007407,2
3x50,12x51,0.00011111,3
2x40,1x59,0.00677778,183
45x50,3x28,0.06959259,1879
2x40,1x57,0.10818519,2921
5x38,5x40,0.00081481,22
2x40,1x54,0.00007407,2
2x40,1x53,0.02437037,658
3x24,E170:V168:K213:K177,0.00037037,10
T172:T170:T215:T179,3x22,0.02833333,765
K392:A414:D518:Q427,6x51,0.00037037,10
4x65,3x33,0.00003704,1
2x50,2x50,0.54996296,14849
5x63,5x56,0.00011111,3
6x32,5x58,0.00048148,13
3x36,7x38,0.15111111,4080
8x48,1x59,0.00025926,7
34x54,2x40,0.02896296,782
34x54,2x41,0.00322222,87
7x35,2x60,0.34403704,9289
7x35,2x61,0.02281481,616
7x35,2x66,0.00007407,2
7x35,2x64,0.09925926,2680
7x35,2x65,0.00370370,100
2x43,7x50,0.00129630,35
3x39,3x40,0.00170370,46
8x56,W437:Y459:Q562:Y472,0.00766667,207
34x57,3x53,0.22651852,6116
34x57,3x52,0.00637037,172
45x50,3x22,0.04851852,1310
5x59,5x58,0.00014815,4
8x49,K439:N461:D564:N474,0.00829630,224
45x50,3x25,0.14166667,3825
1x56,12x48,0.01803704,487
34x55,6x25,0.00411111,111
34x55,6x27,0.00003704,1
34x55,6x26,0.00207407,56
8x53,1x59,0.06525926,1762
6x48,5x51,0.00062963,17
2x41,2x41,0.10070370,2719
34x55,6x29,0.00118519,32
8x48,K439:N461:D564:N474,0.02492593,673
12x51,6x25,0.00440741,119
8x58,8x59,0.03825926,1033
12x51,6x26,0.01207407,326
1x60,W437:Y459:Q562:Y472,0.02248148,607
5x66,34x50,0.00085185,23
6x27,34x56,0.00037037,10
6x30,7x53,0.00003704,1
12x51,6x28,0.00007407,2
8x58,8x54,0.00259259,70
5x66,34x52,0.00011111,3
2x42,3x39,0.00022222,6
2x37,2x41,0.12314815,3325
3x32,Q177:E175:E220:Q184,0.05503704,1486
K392:A414:D518:Q427,6x60,0.30729630,8297
7x35,S184:S182:S227:S191,0.00003704,1
3x36,6x49,0.00025926,7
3x36,6x48,0.21614815,5836
Q181:Q179:Q224:Q188,6x58,0.09477778,2559
6x61,6x60,0.01681481,454
6x61,6x61,0.04837037,1306
L183:F181:L226:L190,6x59,0.11381481,3073
3x36,6x47,0.04025926,1087
1x60,6x32,0.03044444,822
34x54,1x60,0.00029630,8
L183:F181:L226:L190,6x58,0.15081481,4072
6x27,34x50,0.00025926,7
7x41,3x40,0.00011111,3
8x51,7x55,0.20207407,5456
5x44,6x48,0.00007407,2
5x54,3x47,0.00488889,132
G21:Y18:T64:N25,1x29,0.00285185,77
4x61,4x57,0.00011111,3
8x55,8x47,0.00118519,32
D393:P415:S519:S428,S184:S182:S227:S191,0.04966667,1341
3x50,6x31,0.03477778,939
8x57,1x48,0.00170370,46
7x41,6x44,0.00481481,130
8x53,W437:Y459:Q562:Y472,0.02522222,681
Q177:E175:E220:Q184,Q181:Q179:Q224:Q188,0.09188889,2481
4x40,12x49,0.00018519,5
4x40,12x48,0.00003704,1
6x30,34x51,0.01959259,529
6x30,34x50,0.00633333,171
6x30,34x53,0.00951852,257
6x30,34x52,0.00548148,148
6x30,34x56,0.01696296,458
Q181:Q179:Q224:Q188,6x55,0.00144444,39
6x56,6x48,0.00007407,2
7x35,3x33,0.00588889,159
6x36,7x53,0.07755556,2094
4x60,Q181:Q179:Q224:Q188,0.16222222,4380
3x29,2x56,0.00096296,26
D393:P415:S519:S428,F182:F180:F225:F189,0.01370370,370
7x54,7x51,0.00218519,59
5x60,5x64,0.60825926,16423
3x50,8x47,0.01185185,320
7x54,7x52,0.00159259,43
3x50,8x48,0.00018519,5
6x60,5x37,0.00074074,20
A175:D173:P218:D182,L174:E172:P217:P181,0.07214815,1948
C394:C416:C520:C429,45x51,0.01292593,349
2x49,2x46,0.05285185,1427
5x44,5x48,0.00007407,2
3x56,5x64,0.04822222,1302
5x44,5x44,0.00011111,3
5x44,5x43,0.00292593,79
5x44,5x41,0.00003704,1
5x44,5x40,0.00314815,85
7x46,6x48,0.04903704,1324
23x49,K20:P17:H63:H24,0.01233333,333
2x57,2x56,0.00003704,1
2x57,2x57,0.00003704,1
2x57,2x55,0.00029630,8
3x56,5x67,0.01818519,491
7x46,6x47,0.00062963,17
8x50,1x57,0.00011111,3
1x44,1x43,0.00011111,3
5x38,S184:S182:S227:S191,0.00025926,7
C394:C416:C520:C429,7x30,0.00211111,57
3x53,2x38,0.00433333,117
A175:D173:P218:D182,T172:T170:T215:T179,0.07744444,2091
7x32,7x39,0.00244444,66
8x51,7x56,0.15307407,4133
6x35,2x39,0.00007407,2
8x49,W437:Y459:Q562:Y472,0.00085185,23
7x32,7x32,0.09400000,2538
8x50,1x53,0.00011111,3
12x49,8x53,0.02466667,666
34x56,2x41,0.00122222,33
2x58,2x58,0.01137037,307
4x58,4x57,0.00007407,2
W437:Y459:Q562:Y472,1x59,0.07374074,1991
12x49,8x50,0.00051852,14
8x50,1x59,0.00003704,1
45x52,45x51,0.11744444,3171
7x46,1x46,0.00081481,22
L183:F181:L226:L190,6x60,0.01244444,336
45x52,45x52,0.16537037,4465
G89:G87:N132:G96,1x29,0.00037037,10
3x33,3x33,0.16966667,4581
5x461,6x48,0.04462963,1205
23x51,Q177:E175:E220:Q184,0.00007407,2
6x51,6x55,0.00014815,4
6x51,6x51,0.17888889,4830
A175:D173:P218:D182,K20:P17:H63:H24,0.00662963,179
7x56,5x66,0.00033333,9
6x49,5x48,0.00466667,126
1x39,7x43,0.00003704,1
1x39,7x42,0.00422222,114
6x30,8x48,0.00033333,9
8x55,8x54,0.00348148,94
3x56,3x49,0.02888889,780
5x38,5x39,0.02392593,646
34x50,5x65,0.00011111,3
D393:P415:S519:S428,6x60,0.00011111,3
D393:P415:S519:S428,6x61,0.40374074,10901
4x61,5x40,0.00007407,2
8x55,8x57,0.00003704,1
5x36,E170:V168:K213:K177,0.00685185,185
7x42,7x42,0.05537037,1495
8x55,8x58,0.03014815,814
8x47,2x43,0.00003704,1
T172:T170:T215:T179,2x63,0.00192593,52
4x69,4x61,0.00003704,1
4x69,4x66,0.05225926,1411
4x69,4x67,0.07644444,2064
4x69,4x64,0.02818519,761
6x37,6x42,0.00003704,1
4x60,L183:F181:L226:L190,0.04651852,1256
45x50,23x52,0.00022222,6
4x69,4x68,0.16403704,4429
45x50,23x50,0.01751852,473
6x32,6x38,0.00051852,14
2x40,8x50,0.00022222,6
6x33,5x58,0.00007407,2
5x36,7x31,0.00018519,5
7x46,7x53,0.00162963,44
7x56,K439:N461:D564:N474,0.00007407,2
2x50,3x40,0.00007407,2
6x52,2x60,0.00044444,12
8x52,8x48,0.48392593,13066
6x32,6x36,0.06700000,1809
7x34,V395:I417:I521:I430,0.13714815,3703
6x32,6x32,0.33818519,9131
1x55,K439:N461:D564:N474,0.00140741,38
A175:D173:P218:D182,45x50,0.00437037,118
12x50,6x26,0.01481481,400
8x47,1x60,0.13077778,3531
12x50,6x25,0.00433333,117
8x55,D438:K460:C563:R473,0.10348148,2794
12x50,2x37,0.05851852,1580
12x50,6x29,0.09781481,2641
8x48,6x36,0.00529630,143
A175:D173:P218:D182,R171:R169:R214:R178,0.11496296,3104
Q181:Q179:Q224:Q188,4x66,0.00159259,43
34x54,12x50,0.03207407,866
2x42,34x53,0.00151852,41
6x26,12x48,0.00051852,14
4x65,23x50,0.00003704,1
6x25,5x65,0.00692593,187
5x461,3x41,0.00003704,1
5x461,3x40,0.00059259,16
2x61,2x60,0.00022222,6
1x43,2x62,0.00011111,3
5x68,6x27,0.00803704,217
45x51,4x68,0.00029630,8
7x45,6x48,0.03792593,1024
7x45,6x47,0.05088889,1374
6x36,2x37,0.00018519,5
7x45,6x44,0.04240741,1145
T172:T170:T215:T179,3x33,0.00007407,2
4x55,4x55,0.00048148,13
T172:T170:T215:T179,T172:T170:T215:T179,0.46951852,12677
34x54,3x53,0.28303704,7642
5x47,3x33,0.00003704,1
4x64,V173:V171:V216:V180,0.01174074,317
2x50,2x45,0.00014815,4
2x50,2x46,0.34714815,9373
6x33,3x46,0.00977778,264
2x50,2x43,0.11192593,3022
34x53,2x38,0.02318519,626
34x56,2x38,0.01700000,459
34x54,4x39,0.00018519,5
3x32,3x32,0.59466667,16056
6x32,5x65,0.00114815,31
34x56,2x37,0.05770370,1558
6x32,5x62,0.00033333,9
1x38,7x38,0.00070370,19
5x47,6x51,0.00011111,3
3x25,2x60,0.00003704,1
6x48,5x48,0.00966667,261
5x59,5x62,0.00811111,219
5x44,5x461,0.00011111,3
2x42,2x38,0.06585185,1778
1x56,2x37,0.00211111,57
5x68,6x31,0.04270370,1153
5x68,6x30,0.06048148,1633
5x68,6x35,0.00311111,84
6x33,3x53,0.00033333,9
5x68,6x38,0.00096296,26
6x33,3x50,0.12740741,3440
2x39,6x37,0.01240741,335
K20:P17:H63:H24,7x38,0.01155556,312
K20:P17:H63:H24,7x39,0.02340741,632
Q177:E175:E220:Q184,G176:G174:G219:N183,0.46037037,12430
3x50,12x49,0.00418519,113
5x37,3x33,0.00055556,15
3x50,7x56,0.00011111,3
3x50,7x53,0.00166667,45
3x50,7x52,0.00007407,2
6x61,6x59,0.08337037,2251
6x61,6x58,0.39733333,10728
2x40,8x48,0.10074074,2720
6x61,6x57,0.00388889,105
6x61,6x56,0.00007407,2
6x61,6x54,0.00025926,7
L174:E172:P217:P181,V173:V171:V216:V180,0.18522222,5001
1x60,6x29,0.10229630,2762
1x60,6x26,0.00022222,6
3x36,6x51,0.26596296,7181
2x49,3x36,0.04974074,1343
34x54,6x26,0.19385185,5234
6x25,3x53,0.00437037,118
7x41,3x39,0.01340741,362
6x25,3x55,0.00751852,203
34x54,2x38,0.18470370,4987
5x40,7x38,0.00122222,33
12x50,1x53,0.00096296,26
G89:G87:N132:G96,K20:P17:H63:H24,0.12862963,3473
7x41,3x36,0.23059259,6226
5x461,5x51,0.00055556,15
7x41,3x33,0.00003704,1
6x48,3x40,0.00144444,39
4x50,4x50,0.00007407,2
3x35,3x42,0.00481481,130
34x57,6x30,0.22737037,6139
C394:C416:C520:C429,F182:F180:F225:F189,0.00014815,4
8x58,K439:N461:D564:N474,0.00151852,41
4x42,4x38,0.01729630,467
4x42,4x39,0.00085185,23
23x51,E170:V168:K213:K177,0.00014815,4
45x50,3x29,0.01070370,289
7x46,7x47,0.00040741,11
3x29,2x60,0.00074074,20
2x53,1x46,0.00003704,1
34x54,6x28,0.00270370,73
34x54,6x29,0.09937037,2683
5x39,4x56,0.00044444,12
3x23,V173:V171:V216:V180,0.00003704,1
3x26,3x29,0.00011111,3
6x60,6x60,0.08500000,2295
F182:F180:F225:F189,S184:S182:S227:S191,0.12614815,3406
G21:Y18:T64:N25,G89:G87:N132:G96,0.00181481,49
3x26,3x21,0.00351852,95
Q181:Q179:Q224:Q188,2x63,0.00003704,1
3x26,3x23,0.03977778,1074
3x26,3x22,0.36381481,9823
3x26,3x25,0.11900000,3213
3x26,3x27,0.00011111,3
3x26,3x26,0.50277778,13575
6x56,5x41,0.00003704,1
8x53,7x53,0.01122222,303
3x25,Q181:Q179:Q224:Q188,0.03729630,1007
3x31,7x42,0.00011111,3
F182:F180:F225:F189,V395:I417:I521:I430,0.00059259,16
12x49,6x29,0.51614815,13936
4x63,5x43,0.00100000,27
4x42,34x53,0.00244444,66
7x39,6x51,0.00003704,1
4x42,34x57,0.02522222,681
4x65,4x64,0.12877778,3477
6x52,6x59,0.03177778,858
34x56,6x25,0.01644444,444
34x56,6x26,0.02018519,545
6x33,12x50,0.01155556,312
6x52,6x55,0.00044444,12
34x56,6x29,0.00655556,177
6x52,6x56,0.00607407,164
6x52,6x51,0.08481481,2290
6x52,6x53,0.00003704,1
6x52,6x52,0.16703704,4510
5x60,5x62,0.00292593,79
3x56,5x66,0.02722222,735
1x51,1x58,0.00003704,1
S184:S182:S227:S191,6x59,0.17474074,4718
S184:S182:S227:S191,6x58,0.20477778,5529
S184:S182:S227:S191,6x55,0.00503704,136
6x34,34x54,0.00014815,4
S184:S182:S227:S191,6x57,0.00025926,7
S184:S182:S227:S191,6x51,0.03000000,810
A175:D173:P218:D182,V173:V171:V216:V180,0.23203704,6265
5x43,6x51,0.04507407,1217
8x57,W437:Y459:Q562:Y472,0.01722222,465
23x51,T172:T170:T215:T179,0.00122222,33
5x43,6x59,0.00096296,26
8x59,8x54,0.00044444,12
R171:R169:R214:R178,L183:F181:L226:L190,0.00003704,1
4x64,45x51,0.02507407,677
4x50,2x41,0.00003704,1
8x51,R436:H458:C561:Q471,0.00418519,113
8x59,8x59,0.05725926,1546
2x57,2x551,0.00018519,5
3x43,2x46,0.00007407,2
4x40,4x38,0.09107407,2459
4x40,4x39,0.01344444,363
23x51,L174:E172:P217:P181,0.00455556,123
3x26,Q177:E175:E220:Q184,0.32537037,8785
5x39,S184:S182:S227:S191,0.00137037,37
5x63,3x51,0.00044444,12
4x41,4x44,0.00422222,114
5x47,6x44,0.00003704,1
4x41,4x41,0.31962963,8630
Q177:E175:E220:Q184,4x69,0.00007407,2
3x30,Q181:Q179:Q224:Q188,0.00014815,4
2x53,7x42,0.00007407,2
2x53,7x46,0.00025926,7
2x47,7x47,0.00003704,1
2x47,7x46,0.00018519,5
7x34,V173:V171:V216:V180,0.00007407,2
7x35,V395:I417:I521:I430,0.00022222,6
6x60,6x58,0.05100000,1377
34x57,5x68,0.00018519,5
6x52,3x33,0.14985185,4046
2x47,7x49,0.01040741,281
6x34,6x37,0.00388889,105
5x461,5x43,0.00207407,56
6x34,6x35,0.01285185,347
6x34,6x34,0.00918519,248
6x34,6x32,0.00025926,7
6x34,6x31,0.01344444,363
6x34,6x30,0.01348148,364
45x52,V395:I417:I521:I430,0.00133333,36
6x34,6x38,0.04714815,1273
2x46,3x36,0.00003704,1
34x51,34x53,0.01311111,354
Q177:E175:E220:Q184,V395:I417:I521:I430,0.00466667,126
6x58,7x38,0.00796296,215
F182:F180:F225:F189,3x33,0.04692593,1267
6x60,6x57,0.00025926,7
6x32,6x28,0.04414815,1192
A175:D173:P218:D182,A175:D173:P218:D182,0.28640741,7733
6x32,6x26,0.06477778,1749
6x32,6x25,0.00318519,86
1x30,1x30,0.05125926,1384
6x60,45x51,0.00229630,62
Q177:E175:E220:Q184,23x49,0.22044444,5952
4x61,V173:V171:V216:V180,0.00222222,60
45x52,3x33,0.31762963,8576
12x50,6x31,0.00003704,1
12x50,6x32,0.00825926,223
4x57,3x33,0.00985185,266
6x37,7x53,0.00011111,3
1x57,8x53,0.00022222,6
5x39,L183:F181:L226:L190,0.00066667,18
3x56,5x65,0.00211111,57
5x67,5x62,0.04240741,1145
5x67,5x61,0.02200000,594
5x67,5x66,0.63125926,17044
5x67,5x67,0.75414815,20362
5x67,5x64,0.55388889,14955
5x67,5x65,0.32629630,8810
Q181:Q179:Q224:Q188,E170:V168:K213:K177,0.08266667,2232
5x61,6x38,0.00685185,185
6x33,2x40,0.04659259,1258
3x56,6x30,0.08459259,2284
7x30,7x34,0.00292593,79
5x61,6x31,0.00074074,20
7x30,7x30,0.00007407,2
6x29,6x25,0.05411111,1461
2x37,1x59,0.00048148,13
2x38,2x38,0.04633333,1251
R436:H458:C561:Q471,1x59,0.01174074,317
8x49,7x55,0.00259259,70
7x45,6x51,0.00025926,7
6x26,6x28,0.12140741,3278
6x26,6x26,0.43814815,11830
5x41,5x40,0.00037037,10
7x31,K20:P17:H63:H24,0.27022222,7296
7x53,6x28,0.00003704,1
5x36,4x59,0.00022222,6
6x61,K392:A414:D518:Q427,0.08174074,2207
5x41,5x48,0.00066667,18
R436:H458:C561:Q471,1x56,0.00003704,1
3x56,5x60,0.01088889,294
6x43,7x45,0.00003704,1
3x56,5x63,0.00007407,2
5x67,6x27,0.00788889,213
5x67,6x26,0.01503704,406
5x67,6x25,0.00985185,266
8x47,12x49,0.32470370,8767
3x56,5x68,0.08914815,2407
5x67,6x28,0.00085185,23
6x43,7x49,0.00007407,2
5x40,3x33,0.07270370,1963
34x56,12x51,0.02522222,681
4x38,2x41,0.00214815,58
45x51,45x51,0.33422222,9024
3x33,6x55,0.00655556,177
3x39,7x38,0.00011111,3
3x33,6x51,0.43718519,11804
Q181:Q179:Q224:Q188,4x68,0.01244444,336
Q181:Q179:Q224:Q188,4x69,0.05166667,1395
2x49,3x42,0.00011111,3
5x66,7x55,0.00007407,2
Q181:Q179:Q224:Q188,4x61,0.27948148,7546
Q181:Q179:Q224:Q188,4x62,0.00474074,128
Q181:Q179:Q224:Q188,4x64,0.21944444,5925
34x54,12x51,0.10396296,2807
4x66,4x66,0.15325926,4138
5x68,6x26,0.01418519,383
6x33,3x49,0.02637037,712
5x68,6x25,0.01937037,523
5x68,6x28,0.00011111,3
5x68,6x29,0.00007407,2
6x61,F182:F180:F225:F189,0.00655556,177
8x55,6x32,0.00003704,1
6x35,8x47,0.02000000,540
3x46,2x43,0.00181481,49
1x58,12x48,0.12185185,3290
Q181:Q179:Q224:Q188,7x42,0.00029630,8
L174:E172:P217:P181,45x51,0.23637037,6382
G176:G174:G219:N183,6x58,0.00022222,6
6x35,8x48,0.04255556,1149
4x43,4x39,0.00429630,116
7x55,6x36,0.00307407,83
7x55,6x32,0.15362963,4148
7x55,6x31,0.00011111,3
34x57,6x26,0.05151852,1391
G89:G87:N132:G96,G89:G87:N132:G96,0.19066667,5148
34x57,6x25,0.01040741,281
2x42,7x53,0.00003704,1
7x31,T172:T170:T215:T179,0.00585185,158
6x56,3x33,0.00662963,179
3x43,2x42,0.00011111,3
5x67,3x55,0.08070370,2179
5x67,3x54,0.13211111,3567
7x38,7x42,0.12018519,3245
5x67,3x51,0.00011111,3
12x48,W437:Y459:Q562:Y472,0.02974074,803
5x67,3x53,0.00451852,122
6x46,6x51,0.00007407,2
6x58,5x40,0.19022222,5136
1x43,1x39,0.00022222,6
1x60,D438:K460:C563:R473,0.04281481,1156
K392:A414:D518:Q427,F182:F180:F225:F189,0.01303704,352
4x41,3x45,0.00048148,13
2x551,2x551,0.00018519,5
34x57,6x29,0.03414815,922
34x57,6x27,0.00088889,24
1x57,2x37,0.04892593,1321
6x61,45x51,0.01618519,437
4x41,3x49,0.00748148,202
4x41,3x48,0.00007407,2
23x49,23x50,0.36511111,9858
23x49,23x52,0.06659259,1798
Q177:E175:E220:Q184,4x64,0.00003704,1
K20:P17:H63:H24,45x51,0.01118519,302
C435:C457:L560:C470,K439:N461:D564:N474,0.03907407,1055
2x40,1x58,0.00385185,104
3x24,4x65,0.00014815,4
G176:G174:G219:N183,K392:A414:D518:Q427,0.00162963,44
8x59,W437:Y459:Q562:Y472,0.01011111,273
34x55,4x39,0.00007407,2
5x40,4x57,0.00003704,1
3x26,3x33,0.00011111,3
2x62,2x62,0.01859259,502
Q177:E175:E220:Q184,T172:T170:T215:T179,0.03881481,1048
5x68,5x58,0.00400000,108
K439:N461:D564:N474,12x51,0.00777778,210
Q177:E175:E220:Q184,K392:A414:D518:Q427,0.04703704,1270
5x47,5x47,0.00322222,87
6x58,3x33,0.00959259,259
6x52,5x48,0.05477778,1479
G176:G174:G219:N183,2x60,0.00500000,135
6x52,6x48,0.14062963,3797
6x52,6x49,0.00822222,222
6x52,5x43,0.04059259,1096
2x64,2x65,0.24433333,6597
6x52,6x44,0.00062963,17
6x52,5x40,0.05077778,1371
6x52,5x47,0.00329630,89
1x54,2x41,0.00007407,2
5x36,T172:T170:T215:T179,0.04759259,1285
8x48,12x51,0.00018519,5
45x51,7x42,0.00296296,80
45x50,G176:G174:G219:N183,0.11444444,3090
2x64,K20:P17:H63:H24,0.33685185,9095
1x58,2x37,0.00629630,170
R436:H458:C561:Q471,12x48,0.00037037,10
2x37,6x28,0.00007407,2
R171:R169:R214:R178,2x63,0.00077778,21
7x38,2x60,0.03622222,978
7x38,2x63,0.03437037,928
8x47,8x48,0.30533333,8244
K439:N461:D564:N474,7x53,0.00003704,1
8x51,6x27,0.00003704,1
8x51,6x26,0.00007407,2
8x51,6x25,0.00003704,1
34x51,34x52,0.28951852,7817
2x37,34x53,0.01007407,272
8x51,6x29,0.00285185,77
34x51,34x51,0.08433333,2277
34x51,34x56,0.01537037,415
45x51,V395:I417:I521:I430,0.08659259,2338
2x52,3x28,0.00022222,6
6x25,34x53,0.00070370,19
6x25,34x52,0.00651852,176
6x25,34x50,0.00211111,57
4x40,4x41,0.04966667,1341
4x40,4x40,0.33114815,8941
6x54,45x51,0.00037037,10
34x50,34x53,0.00755556,204
4x60,45x51,0.05500000,1485
4x60,45x52,0.00011111,3
8x49,6x32,0.06081481,1642
5x39,5x43,0.00022222,6
D393:P415:S519:S428,C394:C416:C520:C429,0.49133333,13266
5x39,5x40,0.00748148,202
34x55,2x37,0.02148148,580
45x50,L174:E172:P217:P181,0.16729630,4517
3x43,6x38,0.00055556,15
2x55,2x55,0.00240741,65
3x56,3x56,0.57011111,15393
5x61,3x54,0.00014815,4
3x43,6x37,0.00155556,42
5x36,S184:S182:S227:S191,0.38355556,10356
23x51,G89:G87:N132:G96,0.00418519,113
2x47,7x50,0.00018519,5
2x47,7x53,0.00092593,25
23x51,V173:V171:V216:V180,0.00148148,40
5x61,3x53,0.00003704,1
7x35,2x63,0.40466667,10926
6x30,2x41,0.00003704,1
34x54,2x42,0.00007407,2
D393:P415:S519:S428,5x40,0.00625926,169
6x34,5x65,0.07170370,1936
6x34,5x67,0.00014815,4
6x34,5x66,0.02422222,654
6x34,5x61,0.00474074,128
V173:V171:V216:V180,V173:V171:V216:V180,0.16940741,4574
6x58,V395:I417:I521:I430,0.51262963,13841
6x34,5x68,0.00048148,13
K439:N461:D564:N474,8x50,0.00014815,4
K439:N461:D564:N474,8x53,0.05292593,1429
45x52,3x29,0.00418519,113
F182:F180:F225:F189,6x58,0.06107407,1649
3x22,3x22,0.29137037,7867
F182:F180:F225:F189,6x55,0.00170370,46
F182:F180:F225:F189,6x51,0.01355556,366
45x52,4x57,0.00144444,39
2x39,6x29,0.24581481,6637
F182:F180:F225:F189,7x38,0.01040741,281
23x49,7x34,0.00003704,1
2x39,6x26,0.03544444,957
4x61,F182:F180:F225:F189,0.12848148,3469
F182:F180:F225:F189,7x34,0.02218519,599
K392:A414:D518:Q427,S184:S182:S227:S191,0.20440741,5519
Q177:E175:E220:Q184,23x50,0.13629630,3680
3x26,4x68,0.00148148,40
3x26,4x69,0.00325926,88
34x57,2x41,0.11100000,2997
34x57,2x40,0.00277778,75
34x57,2x43,0.01159259,313
34x57,2x42,0.01788889,483
3x26,4x61,0.27722222,7485
3x26,4x62,0.23118519,6242
T172:T170:T215:T179,7x34,0.00018519,5
3x26,4x64,0.02470370,667
3x26,4x65,0.38792593,10474
3x26,4x66,0.14477778,3909
2x58,1x32,0.00096296,26
1x37,1x38,0.00011111,3
5x67,5x59,0.00066667,18
5x67,5x58,0.00040741,11
2x58,1x39,0.00348148,94
1x37,1x37,0.00003704,1
1x37,1x32,0.00007407,2
K439:N461:D564:N474,1x56,0.01081481,292
K439:N461:D564:N474,1x57,0.00637037,172
6x35,7x55,0.17748148,4792
K439:N461:D564:N474,1x58,0.04148148,1120
K439:N461:D564:N474,1x59,0.08074074,2180
6x35,7x51,0.00325926,88
1x43,1x43,0.00066667,18
6x35,7x53,0.00022222,6
6x35,7x52,0.02237037,604
2x551,1x43,0.00044444,12
12x48,12x48,0.52459259,14164
8x47,K439:N461:D564:N474,0.00051852,14
23x49,T172:T170:T215:T179,0.00888889,240
Q177:E175:E220:Q184,K20:P17:H63:H24,0.07718519,2084
6x34,6x27,0.00003704,1
6x32,7x51,0.00218519,59
L174:E172:P217:P181,2x63,0.04537037,1225
G176:G174:G219:N183,V173:V171:V216:V180,0.17385185,4694
7x45,7x45,0.28718519,7754
6x34,3x47,0.00155556,42
6x34,3x46,0.00070370,19
5x67,6x30,0.02040741,551
1x49,7x47,0.00011111,3
5x67,6x32,0.00055556,15
3x39,3x39,0.11437037,3088
D393:P415:S519:S428,K392:A414:D518:Q427,0.64837037,17506
G176:G174:G219:N183,7x42,0.01048148,283
K20:P17:H63:H24,V395:I417:I521:I430,0.00018519,5
5x59,5x59,0.04244444,1146
5x67,6x38,0.00055556,15
8x47,12x50,0.00696296,188
8x53,1x53,0.00003704,1
7x55,8x50,0.00240741,65
3x32,7x37,0.00025926,7
3x32,7x35,0.00148148,40
3x32,7x34,0.00670370,181
34x56,12x48,0.00285185,77
3x32,7x38,0.47633333,12861
34x54,12x48,0.00074074,20
34x54,12x49,0.05348148,1444
T172:T170:T215:T179,4x66,0.00003704,1
2x65,K20:P17:H63:H24,0.19944444,5385
2x54,1x43,0.00062963,17
R171:R169:R214:R178,Q177:E175:E220:Q184,0.39970370,10792
5x36,F182:F180:F225:F189,0.12103704,3268
2x46,6x48,0.00107407,29
6x35,8x51,0.02914815,787
3x50,34x50,0.00014815,4
2x66,23x50,0.02070370,559
3x50,34x52,0.00051852,14
3x50,34x53,0.00618519,167
3x50,34x54,0.26255556,7089
7x55,6x25,0.00003704,1
3x50,34x56,0.00014815,4
3x50,34x57,0.19348148,5224
2x40,2x37,0.20525926,5542
1x31,7x32,0.03648148,985
45x52,2x60,0.00896296,242
45x52,2x63,0.00181481,49
7x45,1x50,0.00614815,166
Q177:E175:E220:Q184,6x58,0.00970370,262
Q177:E175:E220:Q184,6x59,0.00025926,7
8x47,7x56,0.10859259,2932
Q177:E175:E220:Q184,6x51,0.04133333,1116
6x34,2x39,0.00166667,45
8x47,7x55,0.04103704,1108
8x47,7x52,0.04270370,1153
8x47,7x53,0.19088889,5154
8x47,7x51,0.01581481,427
7x36,2x63,0.00003704,1
7x36,2x60,0.00555556,150
8x47,6x37,0.00051852,14
8x47,6x36,0.26262963,7091
8x47,6x32,0.28670370,7741
8x47,6x31,0.00003704,1
8x47,6x30,0.00044444,12
2x40,2x38,0.00459259,124
7x38,7x38,0.16329630,4409
6x56,6x57,0.00037037,10
D438:K460:C563:R473,8x59,0.00196296,53
23x51,2x62,0.32740741,8840
45x52,7x34,0.09144444,2469
R436:H458:C561:Q471,D438:K460:C563:R473,0.50562963,13652
1x54,1x58,0.00748148,202
45x52,7x38,0.11081481,2992
5x65,5x58,0.08714815,2353
D438:K460:C563:R473,8x53,0.07633333,2061
Q181:Q179:Q224:Q188,7x38,0.00700000,189
D438:K460:C563:R473,8x56,0.00914815,247
D438:K460:C563:R473,8x57,0.00970370,262
23x49,23x49,0.35870370,9685
4x65,4x61,0.18081481,4882
4x41,2x39,0.00085185,23
4x41,2x38,0.00011111,3
8x58,8x58,0.02262963,611
D438:K460:C563:R473,K439:N461:D564:N474,0.69785185,18842
6x52,5x41,0.00022222,6
8x52,K439:N461:D564:N474,0.11300000,3051
7x31,L174:E172:P217:P181,0.02607407,704
23x52,V173:V171:V216:V180,0.01437037,388
D438:K460:C563:R473,1x59,0.09914815,2677
6x39,7x49,0.00688889,186
34x51,2x37,0.00577778,156
4x61,4x62,0.12307407,3323
34x52,4x38,0.00048148,13
D438:K460:C563:R473,1x51,0.00003704,1
4x61,4x61,0.05518519,1490
D438:K460:C563:R473,1x57,0.00144444,39
D438:K460:C563:R473,1x56,0.00533333,144
4x61,4x64,0.00896296,242
6x39,7x45,0.00681481,184
6x52,5x45,0.00003704,1
T172:T170:T215:T179,4x64,0.09740741,2630
3x51,3x51,0.15870370,4285
4x62,F182:F180:F225:F189,0.00007407,2
6x51,7x42,0.03444444,930
5x37,5x37,0.00007407,2
12x49,8x48,0.18940741,5114
6x26,5x65,0.00740741,200
6x26,5x62,0.00003704,1
3x35,2x50,0.02422222,654
K439:N461:D564:N474,12x48,0.08377778,2262
7x47,7x42,0.00007407,2
8x51,8x48,0.33207407,8966
3x47,5x65,0.00003704,1
3x47,5x62,0.00003704,1
K392:A414:D518:Q427,V395:I417:I521:I430,0.01992593,538
5x64,34x51,0.00011111,3
1x60,K439:N461:D564:N474,0.09703704,2620
45x50,6x61,0.00003704,1
1x31,G21:Y18:T64:N25,0.13114815,3541
5x46,5x43,0.00111111,30
6x52,5x51,0.00007407,2
6x52,5x52,0.00011111,3
5x46,5x46,0.00225926,61
D393:P415:S519:S428,7x30,0.01659259,448
D393:P415:S519:S428,7x31,0.54585185,14738
5x36,V173:V171:V216:V180,0.00066667,18
D393:P415:S519:S428,7x34,0.11474074,3098
D393:P415:S519:S428,7x35,0.00048148,13
3x40,3x40,0.00007407,2
8x48,12x48,0.00392593,106
1x51,1x48,0.00003704,1
5x36,L183:F181:L226:L190,0.02640741,713
3x29,7x38,0.02274074,614
2x52,3x31,0.00040741,11
45x52,L174:E172:P217:P181,0.00081481,22
6x26,34x53,0.00240741,65
E170:V168:K213:K177,L183:F181:L226:L190,0.00448148,121
6x29,2x38,0.00666667,180
8x51,6x36,0.00003704,1
G21:Y18:T64:N25,G21:Y18:T64:N25,0.04607407,1244
8x51,6x31,0.00007407,2
8x51,6x32,0.12103704,3268
6x39,6x35,0.00703704,190
2x47,2x43,0.00044444,12
6x29,2x37,0.14807407,3998
5x65,3x51,0.00011111,3
8x49,6x28,0.00022222,6
8x49,6x29,0.02118519,572
8x49,6x26,0.00014815,4
8x49,6x27,0.00007407,2
6x60,5x40,0.00977778,264
5x41,3x33,0.00044444,12
1x36,1x39,0.00174074,47
R171:R169:R214:R178,E170:V168:K213:K177,0.67670370,18271
1x36,1x32,0.00007407,2
6x47,6x51,0.00018519,5
1x36,1x37,0.00011111,3
3x50,2x39,0.55900000,15093
3x52,34x52,0.03207407,866
3x47,6x38,0.02288889,618
7x33,K20:P17:H63:H24,0.00003704,1
4x60,R171:R169:R214:R178,0.01622222,438
A175:D173:P218:D182,3x26,0.00433333,117
5x57,3x47,0.00051852,14
A175:D173:P218:D182,3x25,0.00033333,9
A175:D173:P218:D182,3x22,0.02566667,693
A175:D173:P218:D182,3x21,0.02174074,587
6x39,6x38,0.00388889,105
A175:D173:P218:D182,Q181:Q179:Q224:Q188,0.02707407,731
6x39,6x39,0.00022222,6
L174:E172:P217:P181,T172:T170:T215:T179,0.25233333,6813
34x57,4x41,0.03248148,877
34x57,4x40,0.01651852,446
D393:P415:S519:S428,6x59,0.00688889,186
D393:P415:S519:S428,6x58,0.62970370,17002
4x57,45x51,0.00040741,11
6x29,1x56,0.00807407,218
D393:P415:S519:S428,6x54,0.00014815,4
D393:P415:S519:S428,6x57,0.01492593,403
1x33,2x65,0.00081481,22
3x50,3x50,0.46085185,12443
45x52,K392:A414:D518:Q427,0.07848148,2119
3x35,4x50,0.00092593,25
6x33,5x65,0.00277778,75
6x33,5x66,0.00003704,1
1x56,W437:Y459:Q562:Y472,0.00440741,119
K392:A414:D518:Q427,7x30,0.00018519,5
K392:A414:D518:Q427,7x34,0.02292593,619
7x39,45x51,0.00085185,23
4x65,45x51,0.21470370,5797
K392:A414:D518:Q427,7x38,0.00270370,73
4x65,45x52,0.00177778,48
4x39,4x38,0.00044444,12
4x67,S184:S182:S227:S191,0.00077778,21
Q181:Q179:Q224:Q188,L174:E172:P217:P181,0.05892593,1591
E170:V168:K213:K177,K392:A414:D518:Q427,0.00200000,54
3x31,6x51,0.00003704,1
12x48,2x37,0.03618519,977
7x45,7x53,0.00248148,67
4x69,T172:T170:T215:T179,0.05751852,1553
A175:D173:P218:D182,V395:I417:I521:I430,0.00248148,67
2x39,6x38,0.00048148,13
12x48,2x38,0.00040741,11
34x51,34x50,0.01166667,315
5x43,7x38,0.00062963,17
5x63,5x66,0.40514815,10939
5x63,5x67,0.19896296,5372
4x69,F182:F180:F225:F189,0.00077778,21
5x63,5x65,0.07181481,1939
5x63,5x62,0.29555556,7980
3x50,5x68,0.10307407,2783
6x59,5x48,0.06951852,1877
6x56,5x48,0.00222222,60
12x49,K439:N461:D564:N474,0.09940741,2684
1x58,12x51,0.25696296,6938
5x63,5x68,0.26396296,7127
6x56,5x40,0.00014815,4
2x58,1x44,0.00044444,12
2x58,1x40,0.00370370,100
2x58,1x43,0.00685185,185
7x51,7x53,0.00140741,38
7x51,7x50,0.00003704,1
L183:F181:L226:L190,45x51,0.07914815,2137
K20:P17:H63:H24,2x60,0.11707407,3161
K20:P17:H63:H24,2x61,0.00496296,134
K439:N461:D564:N474,1x47,0.00003704,1
K20:P17:H63:H24,2x63,0.22233333,6003
K20:P17:H63:H24,2x66,0.04751852,1283
4x40,4x44,0.00596296,161
1x43,2x55,0.00459259,124
1x43,2x56,0.00029630,8
4x43,12x51,0.00037037,10
K439:N461:D564:N474,1x48,0.00118519,32
4x40,2x41,0.02722222,735
1x60,6x30,0.00007407,2
7x50,7x53,0.00007407,2
4x42,3x49,0.00207407,56
2x39,8x48,0.00296296,80
1x45,1x46,0.00007407,2
3x51,5x58,0.00025926,7
2x65,1x29,0.01214815,328
5x38,K392:A414:D518:Q427,0.00085185,23
3x29,45x51,0.00025926,7
7x55,8x48,0.12614815,3406
34x50,34x52,0.01462963,395
1x36,2x61,0.00555556,150
8x47,1x59,0.00429630,116
1x36,2x62,0.00125926,34
3x39,2x45,0.00892593,241
8x47,1x52,0.00003704,1
34x54,5x64,0.02437037,658
8x47,1x56,0.12459259,3364
8x47,1x57,0.00418519,113
6x31,6x28,0.04107407,1109
6x26,3x55,0.00096296,26
Q181:Q179:Q224:Q188,3x33,0.01470370,397
1x55,1x55,0.00218519,59
6x31,6x26,0.03333333,900
6x31,6x25,0.00777778,210
3x26,Q181:Q179:Q224:Q188,0.33311111,8994
2x63,V173:V171:V216:V180,0.00648148,175
45x50,Q177:E175:E220:Q184,0.22511111,6078
4x42,34x56,0.00140741,38
K20:P17:H63:H24,K20:P17:H63:H24,0.46770370,12628
2x61,2x62,0.00196296,53
8x55,1x60,0.00029630,8
1x34,7x39,0.00007407,2
2x61,2x61,0.00540741,146
1x35,1x34,0.00003704,1
1x35,1x32,0.00007407,2
1x35,1x30,0.00003704,1
1x35,1x38,0.00003704,1
1x35,1x39,0.00007407,2
5x36,4x67,0.00366667,99
2x43,2x41,0.02707407,731
2x43,2x42,0.05533333,1494
5x36,4x64,0.02833333,765
2x43,2x44,0.00014815,4
2x43,2x46,0.00300000,81
7x35,K20:P17:H63:H24,0.52122222,14073
7x52,7x50,0.00003704,1
5x36,4x69,0.00288889,78
5x36,4x68,0.00062963,17
Q177:E175:E220:Q184,7x42,0.03477778,939
5x64,3x52,0.00251852,68
5x42,5x43,0.00007407,2
8x48,7x53,0.01318519,356
23x50,45x51,0.00048148,13
5x36,45x52,0.01325926,358
5x36,45x51,0.02188889,591
8x55,K439:N461:D564:N474,0.04644444,1254
3x23,4x66,0.01607407,434
8x47,6x26,0.00022222,6
8x47,6x27,0.00018519,5
8x47,6x28,0.00125926,34
8x47,6x29,0.27900000,7533
3x23,4x68,0.00014815,4
2x52,2x56,0.00014815,4
1x53,1x53,0.00003704,1
2x44,1x53,0.00151852,41
K392:A414:D518:Q427,4x64,0.00662963,179
2x44,1x57,0.00029630,8
2x44,1x56,0.00085185,23
23x52,T172:T170:T215:T179,0.01333333,360
7x32,2x63,0.00859259,232
7x32,2x60,0.02207407,596
7x50,1x56,0.00062963,17
E170:V168:K213:K177,F182:F180:F225:F189,0.00118519,32
4x67,F182:F180:F225:F189,0.00025926,7
3x22,45x51,0.01251852,338
3x24,R171:R169:R214:R178,0.00003704,1
6x30,5x61,0.00255556,69
12x49,12x50,0.27029630,7298
1x54,K439:N461:D564:N474,0.00003704,1
6x30,5x62,0.00011111,3
6x30,5x65,0.22044444,5952
7x35,7x42,0.09192593,2482
2x61,1x32,0.00225926,61
6x33,6x31,0.00318519,86
7x45,3x32,0.00270370,73
4x61,4x59,0.00011111,3
7x45,3x36,0.12155556,3282
7x45,3x39,0.22777778,6150
4x61,4x56,0.00022222,6
D438:K460:C563:R473,6x29,0.00007407,2
6x29,7x53,0.05570370,1504
A175:D173:P218:D182,4x69,0.00025926,7
2x43,6x36,0.00003704,1
5x63,5x58,0.00111111,30
4x65,Q177:E175:E220:Q184,0.03533333,954
8x54,8x54,0.00033333,9
6x25,6x26,0.22377778,6042
6x25,6x25,0.34622222,9348
6x25,6x28,0.04040741,1091
6x26,2x37,0.05503704,1486
4x44,4x44,0.00003704,1
45x50,F182:F180:F225:F189,0.00003704,1
3x35,2x45,0.01011111,273
3x35,2x46,0.00614815,166
L183:F181:L226:L190,4x64,0.06014815,1624
3x47,5x58,0.00133333,36
7x35,F182:F180:F225:F189,0.00003704,1
3x35,2x49,0.00370370,100
45x50,23x49,0.00218519,59
6x33,7x53,0.00925926,250
4x69,S184:S182:S227:S191,0.00344444,93
3x32,3x33,0.20714815,5593
7x56,8x48,0.22622222,6108
3x32,3x31,0.00248148,67
3x32,3x36,0.42525926,11482
34x55,4x41,0.00725926,196
34x55,4x40,0.00174074,47
3x32,3x39,0.00107407,29
1x31,G89:G87:N132:G96,0.00007407,2
6x33,34x57,0.00003704,1
6x33,34x54,0.00059259,16
4x67,4x68,0.15903704,4294
R171:R169:R214:R178,5x36,0.00003704,1
4x59,5x40,0.00003704,1
5x39,F182:F180:F225:F189,0.00648148,175
4x59,5x43,0.00529630,143
R171:R169:R214:R178,R171:R169:R214:R178,0.62000000,16740
7x56,6x32,0.18944444,5115
4x57,6x48,0.00166667,45
3x52,3x55,0.13900000,3753
3x52,3x54,0.02437037,658
3x52,3x53,0.00914815,247
3x52,3x52,0.03037037,820
3x52,3x51,0.04274074,1154
3x49,3x53,0.25085185,6773
3x49,3x52,0.00800000,216
3x49,4x38,0.01403704,379
6x60,6x59,0.16755556,4524
1x40,1x39,0.00018519,5
2x50,7x42,0.03770370,1018
6x47,6x48,0.00162963,44
7x41,2x60,0.00007407,2
6x47,6x47,0.00437037,118
12x51,2x41,0.27155556,7332
2x60,1x32,0.00040741,11
8x47,2x39,0.27785185,7502
3x49,6x26,0.00011111,3
G176:G174:G219:N183,7x39,0.00003704,1
8x47,2x37,0.02129630,575
3x25,3x28,0.00174074,47
3x25,3x29,0.00014815,4
5x57,3x51,0.00007407,2
3x25,3x21,0.00266667,72
3x25,3x22,0.04296296,1160
3x25,3x23,0.00003704,1
3x25,3x25,0.00225926,61
23x50,2x63,0.13625926,3679
23x50,2x60,0.00003704,1
5x39,45x51,0.00066667,18
5x63,3x54,0.00007407,2
34x57,4x38,0.17744444,4791
34x57,4x39,0.00107407,29
1x40,2x57,0.00055556,15
E170:V168:K213:K177,E170:V168:K213:K177,0.98514815,26599
3x49,6x29,0.00122222,33
7x32,V395:I417:I521:I430,0.00014815,4
2x40,12x51,0.05529630,1493
3x47,3x51,0.00022222,6
7x56,12x49,0.00133333,36
7x45,7x48,0.00111111,30
7x45,7x49,0.47900000,12933
1x56,1x53,0.02388889,645
T172:T170:T215:T179,V173:V171:V216:V180,0.25103704,6778
7x45,7x41,0.10418519,2813
7x45,7x42,0.00385185,104
6x34,5x62,0.00766667,207
8x52,W437:Y459:Q562:Y472,0.02262963,611
7x45,7x46,0.14111111,3810
7x45,7x47,0.00040741,11
1x31,7x38,0.00103704,28
1x31,7x39,0.00651852,176
G89:G87:N132:G96,V173:V171:V216:V180,0.00300000,81
1x31,7x35,0.04833333,1305
1x31,7x36,0.00074074,20
1x31,7x31,0.00492593,133
34x55,2x41,0.00062963,17
1x31,7x33,0.00003704,1
4x62,3x22,0.03159259,853
4x62,3x23,0.00633333,171
Q181:Q179:Q224:Q188,7x30,0.00077778,21
Q181:Q179:Q224:Q188,7x31,0.04970370,1342
5x40,6x59,0.12722222,3435
6x25,2x38,0.00025926,7
Q181:Q179:Q224:Q188,7x34,0.03829630,1034
Q181:Q179:Q224:Q188,7x35,0.00066667,18
5x40,6x55,0.01211111,327
7x48,7x47,0.00003704,1
6x25,2x37,0.00644444,174
5x40,6x51,0.06922222,1869
6x51,2x60,0.03988889,1077
6x51,2x63,0.00029630,8
S184:S182:S227:S191,S184:S182:S227:S191,0.37362963,10088
4x40,34x56,0.01844444,498
4x40,34x53,0.00003704,1
2x39,3x53,0.18081481,4882
2x39,3x52,0.00033333,9
7x51,6x36,0.00885185,239
1x48,W437:Y459:Q562:Y472,0.00007407,2
8x51,W437:Y459:Q562:Y472,0.00088889,24
S184:S182:S227:S191,45x51,0.08518519,2300
3x29,3x33,0.01018519,275
3x29,3x36,0.00070370,19
R436:H458:C561:Q471,C435:C457:L560:C470,0.20885185,5639
6x29,K439:N461:D564:N474,0.00159259,43
7x56,7x53,0.00640741,173
7x56,7x51,0.00955556,258
G176:G174:G219:N183,G176:G174:G219:N183,0.17755556,4794
7x56,7x56,0.07740741,2090
7x56,7x55,0.14385185,3884
5x63,5x59,0.10440741,2819
34x56,3x55,0.01322222,357
34x56,3x52,0.00700000,189
34x56,3x53,0.00074074,20
12x50,1x58,0.00188889,51
12x50,1x59,0.00103704,28
12x50,1x56,0.00396296,107
12x50,1x57,0.04422222,1194
C394:C416:C520:C429,K392:A414:D518:Q427,0.01185185,320
A175:D173:P218:D182,4x65,0.00170370,46
2x41,2x38,0.05088889,1374
6x31,6x38,0.02251852,608
4x69,V173:V171:V216:V180,0.00396296,107
Q181:Q179:Q224:Q188,4x59,0.00007407,2
34x55,3x49,0.00007407,2
6x31,6x31,0.36796296,9935
6x31,6x32,0.06440741,1739
Q181:Q179:Q224:Q188,3x29,0.00240741,65
Q181:Q179:Q224:Q188,3x28,0.00007407,2
4x41,34x53,0.03081481,832
4x41,34x52,0.00022222,6
Q181:Q179:Q224:Q188,3x22,0.00174074,47
4x41,34x56,0.07103704,1918
12x50,12x51,0.11751852,3173
12x50,12x50,0.11885185,3209
4x63,4x59,0.00048148,13
F182:F180:F225:F189,6x59,0.02381481,643
R171:R169:R214:R178,L174:E172:P217:P181,0.38818519,10481
4x61,3x29,0.00011111,3
3x25,7x38,0.00085185,23
2x43,2x38,0.06151852,1661
