29	H1.1x28	#BDE2EA
30	H1.1x2	#BDE2EA
31	H1.1x3	#BDE2EA
32	H1.1x3	#BDE2EA
33	H1.1x3	#BDE2EA
34	H1.1x3	#BDE2EA
35	H1.1x3	#BDE2EA
36	H1.1x3	#BDE2EA
37	H1.1x3	#BDE2EA
38	H1.1x3	#BDE2EA
39	H1.1x3	#BDE2EA
40	H1.1x3	#BDE2EA
41	H1.1x4	#BDE2EA
42	H1.1x4	#BDE2EA
43	H1.1x4	#BDE2EA
44	H1.1x4	#BDE2EA
45	H1.1x4	#BDE2EA
46	H1.1x4	#BDE2EA
47	H1.1x4	#BDE2EA
48	H1.1x4	#BDE2EA
49	H1.1x4	#BDE2EA
50	H1.1x4	#BDE2EA
51	H1.1x5	#BDE2EA
52	H1.1x5	#BDE2EA
53	H1.1x5	#BDE2EA
54	H1.1x5	#BDE2EA
55	H1.1x5	#BDE2EA
56	H1.1x5	#BDE2EA
57	H1.1x5	#BDE2EA
58	H1.1x5	#BDE2EA
59	H1.1x5	#BDE2EA
60	H1.1x5	#BDE2EA
61	H1.1x6	#BDE2EA
62	ICL1.12x48
63	ICL1.12x49
64	ICL1.12x50
65	ICL1.12x51
66	ICL1.12x52
67	H2.2x38	#459BA8
68	H2.2x39	#459BA8
69	H2.2x40	#459BA8
70	H2.2x41	#459BA8
71	H2.2x42	#459BA8
72	H2.2x43	#459BA8
73	H2.2x44	#459BA8
74	H2.2x45	#459BA8
75	H2.2x46	#459BA8
76	H2.2x47	#459BA8
77	H2.2x48	#459BA8
78	H2.2x49	#459BA8
79	H2.2x50	#459BA8
80	H2.2x51	#459BA8
81	H2.2x52	#459BA8
82	H2.2x53	#459BA8
83	H2.2x54	#459BA8
84	H2.2x55	#459BA8
86	H2.2x56	#459BA8
87	H2.2x57	#459BA8
88	H2.2x58	#459BA8
89	H2.2x59	#459BA8
90	H2.2x60	#459BA8
91	H2.2x61	#459BA8
92	H2.2x62	#459BA8
93	H2.2x63	#459BA8
94	H2.2x64	#459BA8
95	H2.2x65	#459BA8
96	H2.2x66	#459BA8
97	ECL1.23x48
98	ECL1.23x49
99	ECL1.23x50
100	ECL1.23x51
101	ECL1.23x52
102	ECL1.23x53
103	H3.3x22	#79C268
104	H3.3x23	#79C268
105	H3.3x24	#79C268
106	H3.3x25	#79C268
107	H3.3x26	#79C268
108	H3.3x27	#79C268
109	H3.3x28	#79C268
110	H3.3x29	#79C268
111	H3.3x30	#79C268
112	H3.3x31	#79C268
113	H3.3x32	#79C268
114	H3.3x33	#79C268
115	H3.3x34	#79C268
116	H3.3x35	#79C268
117	H3.3x36	#79C268
118	H3.3x37	#79C268
119	H3.3x38	#79C268
120	H3.3x39	#79C268
121	H3.3x40	#79C268
122	H3.3x41	#79C268
123	H3.3x42	#79C268
124	H3.3x43	#79C268
125	H3.3x44	#79C268
126	H3.3x45	#79C268
127	H3.3x46	#79C268
128	H3.3x47	#79C268
129	H3.3x48	#79C268
130	H3.3x49	#79C268
131	H3.3x50	#79C268
132	H3.3x51	#79C268
133	H3.3x52	#79C268
134	H3.3x53	#79C268
135	H3.3x54	#79C268
136	H3.3x55	#79C268
137	H3.3x56	#79C268
138	ICL2.34x50
139	ICL2.34x51
140	ICL2.34x52
141	ICL2.34x53
142	ICL2.34x54
143	ICL2.34x55
144	ICL2.34x56
145	ICL2.34x57
149	H4.4x41	#C5D746
150	H4.4x42	#C5D746
151	H4.4x43	#C5D746
152	H4.4x44	#C5D746
153	H4.4x45	#C5D746
154	H4.4x46	#C5D746
155	H4.4x47	#C5D746
156	H4.4x48	#C5D746
157	H4.4x49	#C5D746
158	H4.4x50	#C5D746
159	H4.4x51	#C5D746
160	H4.4x52	#C5D746
161	H4.4x53	#C5D746
162	H4.4x54	#C5D746
163	H4.4x55	#C5D746
164	H4.4x56	#C5D746
165	H4.4x57	#C5D746
166	H4.4x58	#C5D746
167	H4.4x59	#C5D746
168	H4.4x60	#C5D746
169	H4.4x61	#C5D746
170	H4.4x62	#C5D746
171	H4.4x63	#C5D746
191	ECL2.45x50
192	ECL2.45x51
193	ECL2.45x52
198	H5.5x38	#F6D63D
199	H5.5x39	#F6D63D
200	H5.5x40	#F6D63D
201	H5.5x41	#F6D63D
202	H5.5x42	#F6D63D
203	H5.5x43	#F6D63D
204	H5.5x44	#F6D63D
205	H5.5x45	#F6D63D
206	H5.5x46	#F6D63D
207	H5.5x461	#F6D63D
208	H5.5x47	#F6D63D
209	H5.5x48	#F6D63D
210	H5.5x49	#F6D63D
211	H5.5x50	#F6D63D
212	H5.5x51	#F6D63D
213	H5.5x52	#F6D63D
214	H5.5x53	#F6D63D
215	H5.5x54	#F6D63D
216	H5.5x55	#F6D63D
217	H5.5x56	#F6D63D
218	H5.5x57	#F6D63D
219	H5.5x58	#F6D63D
220	H5.5x59	#F6D63D
221	H5.5x60	#F6D63D
222	H5.5x61	#F6D63D
223	H5.5x62	#F6D63D
224	H5.5x63	#F6D63D
225	H5.5x64	#F6D63D
226	H5.5x65	#F6D63D
227	H5.5x66	#F6D63D
228	H5.5x67	#F6D63D
229	H5.5x68	#F6D63D
262	H6.6x24	#F18C32
263	H6.6x25	#F18C32
264	H6.6x26	#F18C32
265	H6.6x27	#F18C32
266	H6.6x28	#F18C32
267	H6.6x29	#F18C32
268	H6.6x30	#F18C32
269	H6.6x31	#F18C32
270	H6.6x32	#F18C32
271	H6.6x33	#F18C32
272	H6.6x34	#F18C32
273	H6.6x35	#F18C32
274	H6.6x36	#F18C32
275	H6.6x37	#F18C32
276	H6.6x38	#F18C32
277	H6.6x39	#F18C32
278	H6.6x40	#F18C32
279	H6.6x41	#F18C32
280	H6.6x42	#F18C32
281	H6.6x43	#F18C32
282	H6.6x44	#F18C32
283	H6.6x45	#F18C32
284	H6.6x46	#F18C32
285	H6.6x47	#F18C32
286	H6.6x48	#F18C32
287	H6.6x49	#F18C32
288	H6.6x50	#F18C32
289	H6.6x51	#F18C32
290	H6.6x52	#F18C32
291	H6.6x53	#F18C32
292	H6.6x54	#F18C32
293	H6.6x55	#F18C32
294	H6.6x56	#F18C32
295	H6.6x57	#F18C32
296	H6.6x58	#F18C32
297	H6.6x59	#F18C32
298	H6.6x60	#F18C32
299	H6.6x61	#F18C32
304	H7.7x30	#E967A1
305	H7.7x31	#E967A1
306	H7.7x32	#E967A1
307	H7.7x33	#E967A1
308	H7.7x34	#E967A1
309	H7.7x35	#E967A1
310	H7.7x36	#E967A1
311	H7.7x37	#E967A1
312	H7.7x38	#E967A1
313	H7.7x39	#E967A1
314	H7.7x40	#E967A1
315	H7.7x41	#E967A1
316	H7.7x42	#E967A1
317	H7.7x43	#E967A1
318	H7.7x45	#E967A1
319	H7.7x46	#E967A1
320	H7.7x47	#E967A1
321	H7.7x48	#E967A1
322	H7.7x49	#E967A1
323	H7.7x50	#E967A1
324	H7.7x51	#E967A1
325	H7.7x52	#E967A1
326	H7.7x53	#E967A1
327	H7.7x54	#E967A1
328	H7.7x55	#E967A1
329	H7.7x56	#E967A1
330	H8.8x48	#BF63A6
331	H8.8x49	#BF63A6
332	H8.8x50	#BF63A6
333	H8.8x51	#BF63A6
334	H8.8x52	#BF63A6
335	H8.8x53	#BF63A6
336	H8.8x54	#BF63A6
337	H8.8x55	#BF63A6
338	H8.8x56	#BF63A6
339	H8.8x57	#BF63A6
340	H8.8x58	#BF63A6
341	H8.8x59	#BF63A6
