Res1,Res2,Freq,NumFrames,,TotalFrames:,26600
L183:F181:L226:L190,F182:F180:F225:F189,0.02631579,700
5x57,5x56,0.00240602,64
7x36,7x39,0.19943609,5305
2x53,2x56,0.08552632,2275
2x39,2x40,0.02526316,672
7x36,7x35,0.00259398,69
2x39,2x42,0.40086466,10663
7x36,7x33,0.32812030,8728
7x36,7x32,0.95218045,25328
3x28,3x24,0.99169173,26379
4x60,4x59,0.02962406,788
4x41,4x45,0.91928571,24453
5x61,5x58,0.27751880,7382
34x57,2x38,0.00003759,1
5x61,5x57,0.99157895,26376
5x44,5x45,0.00439850,117
7x49,7x48,0.01086466,289
5x66,3x54,0.00067669,18
5x66,3x55,0.00007519,2
2x39,2x41,0.04451128,1184
5x68,5x69,0.03834586,1020
5x68,5x68,0.00398496,106
2x39,2x38,0.04507519,1199
2x39,2x39,0.00015038,4
12x48,1x60,0.00793233,211
2x53,2x57,0.95011278,25273
5x55,5x52,0.40176692,10687
2x39,2x37,0.00721805,192
5x68,5x67,0.01928571,513
2x39,2x43,0.47345865,12594
5x68,5x65,0.05270677,1402
1x40,1x37,0.10357143,2755
45x52,L183:F181:L226:L190,0.32195489,8564
34x57,2x37,0.00033835,9
6x34,6x33,0.00417293,111
12x49,12x49,0.00353383,94
4x46,4x50,0.85887218,22846
6x59,6x55,0.92789474,24682
4x62,4x64,0.04706767,1252
4x62,4x63,0.00676692,180
3x30,3x35,0.00011278,3
3x30,3x34,0.96270677,25608
3x30,3x31,0.00375940,100
5x52,5x56,0.98315789,26152
3x30,3x33,0.31481203,8374
2x47,2x44,0.23214286,6175
7x31,7x34,0.20763158,5523
7x31,7x35,0.97917293,26046
7x31,7x32,0.00676692,180
7x31,7x33,0.00007519,2
2x47,2x43,0.94052632,25018
8x48,8x47,0.02225564,592
6x60,6x57,0.54146617,14403
45x52,F182:F180:F225:F189,0.00015038,4
1x45,1x48,0.04680451,1245
3x42,3x39,0.27357143,7277
8x48,8x49,0.05507519,1465
8x48,8x48,0.00977444,260
G89:G87:N132:G96,2x66,0.02766917,736
G89:G87:N132:G96,2x65,0.00015038,4
G89:G87:N132:G96,2x64,0.23943609,6369
G89:G87:N132:G96,2x63,0.98966165,26325
1x34,1x38,0.97793233,26013
3x56,3x52,0.78586466,20904
1x34,1x37,0.43759398,11640
1x34,1x30,0.96176692,25583
5x36,Q181:Q179:Q224:Q188,0.00139098,37
7x55,7x53,0.00120301,32
1x52,1x53,0.00199248,53
6x49,6x48,0.06624060,1762
1x52,1x56,0.99838346,26557
1x52,1x55,0.13180451,3506
7x54,8x47,0.16954887,4510
7x35,7x34,0.00522556,139
5x67,5x69,0.02515038,669
1x50,1x53,0.40672932,10819
2x56,2x60,0.99105263,26362
1x52,1x48,0.99308271,26416
5x67,5x67,0.00466165,124
7x54,8x49,0.07165414,1906
7x54,8x48,0.07857143,2090
5x47,5x48,0.00018797,5
A175:D173:P218:D182,Q177:E175:E220:Q184,0.07951128,2115
2x58,2x551,0.66413534,17666
7x30,7x34,0.97105263,25830
4x56,4x53,0.30939850,8230
4x56,4x55,0.01124060,299
4x56,4x54,0.00063910,17
4x47,4x51,0.98402256,26175
4x47,4x50,0.27751880,7382
23x52,23x52,0.01345865,358
6x45,6x42,0.19240602,5118
3x54,5x69,0.00022556,6
3x32,3x28,0.80334586,21369
7x39,7x42,0.80492481,21411
2x63,23x49,0.30951128,8233
5x68,34x51,0.00225564,60
5x68,34x50,0.00056391,15
4x69,4x69,0.00045113,12
1x47,1x48,0.00037594,10
6x45,6x41,0.99484962,26463
5x41,5x40,0.00187970,50
5x41,5x43,0.00003759,1
7x54,7x55,0.01646617,438
2x42,2x45,0.42406015,11280
7x54,7x56,0.00187970,50
7x54,7x50,0.80778195,21487
7x54,7x53,0.00387218,103
C435:C457:L560:C470,8x58,0.03661654,974
C435:C457:L560:C470,8x59,0.07112782,1892
7x34,7x38,0.96526316,25676
4x43,4x44,0.01124060,299
4x43,4x46,0.21834586,5808
G19:S16:G62:S23,G19:S16:G62:S23,0.01394737,371
4x43,4x40,0.19774436,5260
4x43,4x41,0.00011278,3
C435:C457:L560:C470,8x56,0.37447368,9961
C435:C457:L560:C470,8x57,0.33808271,8993
34x56,12x51,0.00827068,220
3x49,3x45,0.99011278,26337
3x49,3x46,0.26255639,6984
3x36,3x39,0.44639098,11874
45x51,45x51,0.15026316,3997
1x37,1x38,0.00154135,41
3x46,3x43,0.11507519,3061
5x57,5x54,0.20229323,5381
3x49,3x48,0.00210526,56
7x49,7x46,0.02894737,770
3x46,3x47,0.01255639,334
5x53,5x49,0.95706767,25458
6x37,6x41,0.99759398,26536
6x37,6x40,0.25454887,6771
3x41,3x40,0.00266917,71
8x52,8x49,0.27605263,7343
K392:A414:D518:Q427,K392:A414:D518:Q427,0.00015038,4
2x39,34x54,0.00030075,8
2x37,2x37,0.03793233,1009
6x58,6x59,0.02056391,547
45x50,45x51,0.00191729,51
1x26,P18:T15:G61:S22,0.07041353,1873
45x50,45x50,0.00086466,23
6x58,6x57,0.00315789,84
6x58,6x56,0.00007519,2
6x58,6x55,0.13928571,3705
6x58,6x54,0.99842105,26558
5x46,5x49,0.00003759,1
G176:G174:G219:N183,45x50,0.00135338,36
5x41,5x37,0.99063910,26351
23x52,23x51,0.07676692,2042
1x43,1x47,0.99962406,26590
5x55,5x58,0.30518797,8118
C394:C416:C520:C429,D393:P415:S519:S428,0.00703008,187
2x48,2x44,0.99827068,26554
4x43,4x39,0.53432331,14213
7x32,7x33,0.00706767,188
1x26,1x30,0.12127820,3226
1x26,1x31,0.00195489,52
V395:I417:I521:I430,D393:P415:S519:S428,0.00176692,47
34x55,12x51,0.00056391,15
3x38,3x41,0.28142857,7486
3x38,3x42,0.99906015,26575
34x56,34x52,0.44894737,11942
34x54,2x37,0.00635338,169
6x53,6x57,0.97266917,25873
6x40,6x36,0.96924812,25782
5x60,5x59,0.00150376,40
5x60,5x56,0.97842105,26026
5x60,5x57,0.24571429,6536
2x54,2x551,0.00011278,3
1x42,1x38,0.97195489,25854
5x68,5x63,0.09383459,2496
4x47,4x43,0.90590226,24097
1x41,1x38,0.40605263,10801
4x41,4x39,0.00263158,70
4x41,4x38,0.18259398,4857
5x57,5x58,0.00203008,54
5x66,5x65,0.04428571,1178
1x36,1x40,0.99845865,26559
2x58,2x54,0.00082707,22
2x58,2x62,0.95293233,25348
2x58,2x61,0.38593985,10266
5x67,3x55,0.00766917,204
5x67,3x54,0.00052632,14
7x38,7x42,0.25086466,6673
5x55,5x51,0.99853383,26561
5x461,5x47,0.08939850,2378
4x47,4x46,0.00319549,85
1x50,1x54,0.96601504,25696
6x58,K392:A414:D518:Q427,0.41184211,10955
6x58,6x61,0.18759398,4990
1x50,1x51,0.00451128,120
3x56,3x56,0.00349624,93
3x56,3x55,0.05154135,1371
3x56,3x54,0.02913534,775
4x47,4x48,0.00281955,75
34x52,34x53,0.05172932,1376
5x47,5x43,0.00026316,7
5x46,5x47,0.00296992,79
3x25,3x21,0.96703008,25723
2x66,23x49,0.04936090,1313
4x59,4x64,0.01488722,396
7x37,7x33,0.92503759,24606
12x51,12x50,0.03687970,981
Q181:Q179:Q224:Q188,S184:S182:S227:S191,0.46379699,12337
6x56,6x60,0.75439850,20067
4x54,4x53,0.00225564,60
6x31,12x48,0.00007519,2
5x55,5x56,0.00187970,50
6x40,6x41,0.00278195,74
R171:R169:R214:R178,4x69,0.00101504,27
6x40,6x44,0.99556391,26482
6x31,12x49,0.00003759,1
1x31,1x34,0.33639098,8948
7x41,7x37,0.48289474,12845
3x25,3x27,0.00003759,1
1x49,1x53,0.97221805,25861
1x49,1x52,0.33436090,8894
1x28,G19:S16:G62:S23,0.00003759,1
5x47,5x51,0.98379699,26169
7x52,7x56,0.79199248,21067
7x52,7x55,0.28278195,7522
7x52,7x53,0.00323308,86
7x52,7x50,0.00003759,1
8x57,8x53,0.96432331,25651
8x51,8x52,0.00417293,111
8x57,8x54,0.47511278,12638
4x62,4x66,0.00003759,1
Q181:Q179:Q224:Q188,F182:F180:F225:F189,0.02733083,727
8x57,8x58,0.01161654,309
8x57,8x59,0.11052632,2940
3x21,23x50,0.00605263,161
3x21,23x51,0.02375940,632
3x21,23x52,0.02071429,551
8x47,8x47,0.00345865,92
34x55,4x38,0.00018797,5
6x59,6x57,0.00421053,112
5x51,5x52,0.00154135,41
G176:G174:G219:N183,A175:D173:P218:D182,0.01936090,515
1x35,1x34,0.00063910,17
Q177:E175:E220:Q184,45x51,0.06439850,1713
6x31,7x56,0.00011278,3
34x55,12x49,0.00003759,1
3x23,3x24,0.02150376,572
3x29,3x28,0.00169173,45
7x41,7x39,0.00048872,13
5x64,5x63,0.02808271,747
2x66,2x63,0.08353383,2222
2x66,2x62,0.97458647,25924
5x64,5x62,0.01691729,450
1x40,1x43,0.15860902,4219
1x58,1x54,0.79360902,21110
1x40,1x41,0.00763158,203
1x58,1x56,0.00086466,23
5x64,5x61,0.36597744,9735
1x40,1x44,0.99567669,26485
5x64,5x60,0.73691729,19602
1x58,1x59,0.00969925,258
4x65,4x66,0.02142857,570
4x65,4x67,0.00078947,21
6x46,6x49,0.09875940,2627
4x65,4x62,0.00078947,21
6x52,6x48,0.87669173,23320
6x52,6x49,0.33763158,8981
2x47,2x48,0.00774436,206
6x46,6x47,0.00894737,238
4x65,4x68,0.05706767,1518
4x65,4x69,0.61928571,16473
4x67,4x68,0.00477444,127
1x41,1x45,0.93251880,24805
34x55,2x38,0.00018797,5
6x39,6x35,0.97488722,25932
6x39,6x36,0.49436090,13150
6x39,6x37,0.00003759,1
3x50,3x46,0.99503759,26468
5x64,5x69,0.03285714,874
1x31,1x35,0.95135338,25306
1x28,1x30,0.03210526,854
2x47,2x46,0.00146617,39
1x28,1x32,0.60612782,16123
7x34,7x33,0.00590226,157
8x47,8x49,0.03928571,1045
34x51,34x52,0.05796992,1542
34x51,34x53,0.01661654,442
34x51,34x50,0.00571429,152
8x47,8x50,0.29169173,7759
Q177:E175:E220:Q184,L174:E172:P217:P181,0.66639098,17726
Q177:E175:E220:Q184,Q177:E175:E220:Q184,0.00176692,47
4x40,4x41,0.01563910,416
4x40,4x40,0.00086466,23
5x49,5x52,0.39011278,10377
5x36,5x40,0.93981203,24999
Q181:Q179:Q224:Q188,L183:F181:L226:L190,0.00300752,80
34x50,34x53,0.77105263,20510
34x50,34x52,0.03086466,821
1x60,12x49,0.02105263,560
6x35,6x32,0.19661654,5230
6x35,6x34,0.00169173,45
2x63,2x62,0.00492481,131
6x35,6x36,0.01315789,350
6x35,6x38,0.27387218,7285
8x48,7x56,0.00266917,71
8x48,7x55,0.04932331,1312
8x48,7x53,0.00718045,191
3x56,34x52,0.05729323,1524
3x56,34x53,0.10334586,2749
2x55,2x52,0.24894737,6622
8x56,8x52,0.97248120,25868
2x55,2x54,0.00631579,168
A175:D173:P218:D182,23x50,0.00383459,102
2x55,2x57,0.00015038,4
2x55,2x58,0.00082707,22
1x41,1x37,0.99364662,26431
5x36,S184:S182:S227:S191,0.05477444,1457
6x39,6x40,0.00274436,73
6x39,6x43,0.97142857,25840
6x39,6x42,0.24981203,6645
6x58,C394:C416:C520:C429,0.00007519,2
4x60,4x63,0.01387218,369
5x65,5x67,0.02266917,603
3x53,3x51,0.00045113,12
3x53,3x52,0.00571429,152
2x49,2x52,0.45947368,12222
3x53,3x54,0.00830827,221
3x53,3x55,0.00458647,122
3x53,3x56,0.15105263,4018
8x56,8x58,0.00075188,20
4x42,4x43,0.00992481,264
5x42,5x45,0.29015038,7718
4x42,4x41,0.04248120,1130
4x42,4x40,0.07796992,2074
4x42,4x46,0.84687970,22527
4x42,4x45,0.35624060,9476
V173:V171:V216:V180,V173:V171:V216:V180,0.00375940,100
5x40,5x43,0.34037594,9054
5x37,5x40,0.27537594,7325
2x37,2x38,0.02037594,542
7x48,7x47,0.01954887,520
7x48,7x46,0.00003759,1
3x30,3x26,0.99590226,26491
7x51,7x48,0.77740602,20679
3x37,3x33,0.99259398,26403
3x37,3x34,0.20327068,5407
3x37,3x35,0.00007519,2
3x37,3x36,0.00315789,84
1x49,1x46,0.10781955,2868
7x51,7x47,0.04060150,1080
3x30,3x29,0.00308271,82
3x42,3x45,0.31969925,8504
3x22,3x24,0.00007519,2
34x57,34x52,0.00007519,2
3x22,3x26,0.92022556,24478
3x42,3x41,0.00259398,69
3x42,3x43,0.00278195,74
8x48,8x51,0.20932331,5568
1x39,1x38,0.00225564,60
1x30,1x33,0.30522556,8119
4x60,F182:F180:F225:F189,0.00018797,5
34x55,34x56,0.04334586,1153
34x55,34x57,0.03116541,829
34x55,34x54,0.04473684,1190
34x55,34x55,0.00067669,18
34x55,34x52,0.61530075,16367
34x55,34x53,0.11537594,3069
34x55,34x51,0.08067669,2146
2x54,2x57,0.00011278,3
12x49,2x37,0.00996241,265
8x51,8x50,0.01131579,301
Q177:E175:E220:Q184,G89:G87:N132:G96,0.00127820,34
2x54,2x53,0.00687970,183
2x54,2x51,0.28150376,7488
1x60,1x56,0.79026316,21021
1x60,1x57,0.20612782,5483
1x60,1x55,0.00078947,21
R171:R169:R214:R178,R171:R169:R214:R178,0.00075188,20
7x45,7x49,0.99300752,26414
7x54,8x51,0.00056391,15
3x39,3x40,0.00150376,40
6x45,6x44,0.00097744,26
1x60,1x58,0.02278195,606
1x60,1x59,0.05372180,1429
6x56,6x53,0.44214286,11761
6x56,6x55,0.00199248,53
6x56,6x57,0.00169173,45
1x55,1x59,0.95139098,25307
6x56,6x59,0.34511278,9180
34x56,34x54,0.00962406,256
34x56,34x57,0.05774436,1536
34x56,34x56,0.00067669,18
2x48,2x45,0.33345865,8870
23x52,23x50,0.31120301,8278
34x56,34x53,0.41605263,11067
1x37,1x33,0.99849624,26560
7x35,7x32,0.34541353,9188
5x66,5x63,0.23518797,6256
5x66,5x62,0.27248120,7248
4x48,4x49,0.00214286,57
5x66,5x67,0.05206767,1385
5x66,5x66,0.00744361,198
1x43,1x46,0.37439850,9959
5x66,5x68,0.01360902,362
7x35,7x38,0.36315789,9660
7x35,7x39,0.99364662,26431
7x37,7x34,0.43590226,11595
7x37,7x36,0.00864662,230
T172:T170:T215:T179,V173:V171:V216:V180,0.09612782,2557
12x48,12x49,0.03484962,927
12x48,12x48,0.00139098,37
5x64,5x68,0.03090226,822
3x43,3x47,0.98432331,26183
3x43,3x44,0.00409774,109
3x43,3x40,0.27819549,7400
12x51,34x54,0.00011278,3
K20:P17:H63:H24,G19:S16:G62:S23,0.02924812,778
2x46,2x42,0.97466165,25926
1x34,1x33,0.00342105,91
2x46,2x45,0.00210526,56
2x49,2x50,0.00135338,36
2x49,2x53,0.95048872,25283
23x52,3x24,0.00003759,1
5x59,5x58,0.00240602,64
1x28,K20:P17:H63:H24,0.00845865,225
3x39,3x35,0.91157895,24248
5x59,5x56,0.34763158,9247
45x52,S184:S182:S227:S191,0.04530075,1205
6x36,6x33,0.48503759,12902
3x50,3x53,0.30890977,8217
5x66,5x69,0.01500000,399
8x51,8x49,0.02293233,610
K20:P17:H63:H24,P18:T15:G61:S22,0.01345865,358
7x31,V395:I417:I521:I430,0.00003759,1
1x60,12x51,0.05443609,1448
7x45,7x40,0.23304511,6199
4x42,4x44,0.00007519,2
6x43,6x40,0.32184211,8561
5x54,5x58,0.99703008,26521
6x43,6x42,0.00274436,73
6x43,6x44,0.00387218,103
6x43,6x46,0.14150376,3764
6x43,6x47,0.98390977,26172
5x54,5x51,0.10022556,2666
5x54,5x50,0.99962406,26590
4x38,4x39,0.00278195,74
4x38,4x38,0.00695489,185
4x58,4x62,0.33766917,8982
4x58,4x63,0.78706767,20936
1x31,1x27,0.45947368,12222
4x58,4x61,0.10951128,2913
4x49,4x46,0.41819549,11124
3x38,3x39,0.00763158,203
3x38,3x35,0.17424812,4635
3x38,3x34,0.99139098,26371
3x38,3x37,0.00259398,69
5x60,5x63,0.22338346,5942
5x60,5x62,0.00063910,17
5x60,5x61,0.00255639,68
4x49,4x45,0.94402256,25111
4x64,4x68,0.96631579,25704
5x60,5x65,0.01988722,529
8x47,7x56,0.04548872,1210
5x42,5x39,0.17879699,4756
4x64,4x67,0.51421053,13678
8x47,7x55,0.00774436,206
8x47,7x52,0.00003759,1
8x47,7x53,0.81379699,21647
1x44,1x47,0.20676692,5500
1x44,1x45,0.00165414,44
7x41,7x40,0.02751880,732
2x58,2x56,0.00003759,1
7x41,7x42,0.01082707,288
7x41,7x43,0.00169173,45
1x42,1x45,0.15285714,4066
2x58,2x59,0.00214286,57
1x42,1x46,0.99676692,26514
1x42,1x41,0.00184211,49
7x37,7x38,0.00500000,133
1x42,1x43,0.00229323,61
1x44,1x48,0.98469925,26193
8x55,8x51,0.91037594,24216
8x55,8x52,0.29552632,7861
8x55,8x54,0.00251880,67
8x55,8x56,0.00654135,174
8x55,8x57,0.00026316,7
8x55,8x58,0.42172932,11218
8x55,8x59,0.59364662,15791
4x49,4x51,0.00003759,1
4x49,4x50,0.00229323,61
4x49,4x53,0.94932331,25252
4x49,4x52,0.08770677,2333
6x50,6x53,0.38947368,10360
4x53,4x57,0.78184211,20797
6x50,6x51,0.00135338,36
4x53,4x50,0.21857143,5814
1x46,1x45,0.00759398,202
P18:T15:G61:S22,G19:S16:G62:S23,0.02071429,551
23x49,23x49,0.27443609,7300
1x46,1x47,0.00120301,32
34x54,4x38,0.00007519,2
1x29,1x33,0.92454887,24593
1x29,1x30,0.02909774,774
3x43,3x39,0.99507519,26469
34x51,3x56,0.00706767,188
L183:F181:L226:L190,5x40,0.00135338,36
1x49,1x44,0.00003759,1
1x49,1x45,0.99812030,26550
7x46,7x43,0.00003759,1
7x46,7x42,0.86345865,22968
7x46,7x47,0.03048872,811
4x61,4x62,0.00112782,30
7x41,7x38,0.55725564,14823
1x49,1x48,0.00639098,170
4x61,4x64,0.57259398,15231
P18:T15:G61:S22,1x27,0.00007519,2
5x40,5x39,0.00530075,141
5x50,5x51,0.00248120,66
5x45,5x41,0.89954887,23928
3x51,3x54,0.35691729,9494
5x36,F182:F180:F225:F189,0.02733083,727
4x51,4x55,0.99379699,26435
G89:G87:N132:G96,23x49,0.16966165,4513
34x57,34x53,0.36714286,9766
34x57,34x54,0.09383459,2496
34x57,2x39,0.00011278,3
34x57,34x57,0.00131579,35
R171:R169:R214:R178,V173:V171:V216:V180,0.02372180,631
1x26,K20:P17:H63:H24,0.01304511,347
4x47,4x52,0.00003759,1
1x35,1x32,0.15063910,4007
7x30,7x33,0.54943609,14615
7x47,7x42,0.03180451,846
7x47,7x43,0.87932331,23390
5x45,5x47,0.03703008,985
34x52,5x69,0.00018797,5
K392:A414:D518:Q427,V395:I417:I521:I430,0.00154135,41
4x65,4x64,0.00620301,165
4x42,4x39,0.29748120,7913
C394:C416:C520:C429,V395:I417:I521:I430,0.04984962,1326
G21:Y18:T64:N25,K20:P17:H63:H24,0.03120301,830
4x66,4x67,0.01943609,517
45x50,45x52,0.00142857,38
3x36,3x40,0.84120301,22376
4x66,4x64,0.00545113,145
6x54,6x57,0.22921053,6097
6x54,6x55,0.00210526,56
6x54,6x53,0.00195489,52
6x54,6x51,0.33834586,9000
6x54,6x50,0.98515038,26205
5x46,5x43,0.20642857,5491
5x46,5x42,0.99105263,26362
5x46,5x45,0.00116541,31
1x43,1x39,0.99507519,26469
2x59,2x551,0.99560150,26483
4x65,4x61,0.00007519,2
1x35,1x39,0.97785714,26011
4x62,4x57,0.21725564,5779
2x64,2x61,0.26146617,6955
2x64,2x60,0.99436090,26450
2x64,2x63,0.00135338,36
2x64,2x65,0.00454887,121
1x51,1x48,0.38996241,10373
5x36,L183:F181:L226:L190,0.02048872,545
2x50,2x53,0.19860902,5283
1x51,1x47,0.93988722,25001
2x39,12x51,0.23161654,6161
2x50,2x54,0.98894737,26306
8x56,8x53,0.34943609,9295
G21:Y18:T64:N25,G21:Y18:T64:N25,0.00375940,100
8x56,8x57,0.00496241,132
3x27,3x31,0.98101504,26095
6x61,D393:P415:S519:S428,0.01270677,338
3x31,3x28,0.30259398,8049
3x32,3x29,0.19312030,5137
2x38,2x38,0.00218045,58
5x49,5x48,0.00086466,23
5x65,3x54,0.00033835,9
12x49,2x38,0.00015038,4
2x48,2x46,0.00003759,1
3x50,3x47,0.17597744,4681
4x68,4x68,0.00060150,16
1x36,1x39,0.11150376,2966
5x64,5x59,0.02669173,710
R171:R169:R214:R178,E170:V168:K213:K177,0.00067669,18
1x36,1x33,0.14484962,3853
1x36,1x32,0.96627820,25703
6x47,6x51,0.00011278,3
5x59,5x55,0.98240602,26132
1x36,1x37,0.00981203,261
1x36,1x35,0.00289474,77
1x60,12x50,0.25206767,6705
2x40,2x37,0.37642857,10013
4x58,4x60,0.00101504,27
8x56,8x59,0.55744361,14828
2x40,2x38,0.02740602,729
5x45,5x48,0.02210526,588
5x45,5x49,0.99966165,26591
8x58,8x59,0.11165414,2970
3x50,3x49,0.00244361,65
4x61,4x63,0.00011278,3
6x39,6x38,0.00533835,142
7x40,7x39,0.00887218,236
8x58,8x54,0.89240602,23738
C394:C416:C520:C429,C394:C416:C520:C429,0.00150376,40
5x48,5x51,0.23932331,6366
5x48,5x52,0.99195489,26386
3x45,3x47,0.00003759,1
2x37,2x41,0.32372180,8611
2x53,2x551,0.04887218,1300
5x68,3x55,0.00015038,4
K392:A414:D518:Q427,6x60,0.04492481,1195
G89:G87:N132:G96,P18:T15:G61:S22,0.00003759,1
5x62,5x65,0.34112782,9074
3x37,3x41,0.97045113,25814
3x37,3x40,0.42676692,11352
6x61,6x60,0.01883459,501
6x61,6x61,0.00748120,199
7x51,7x52,0.00879699,234
1x27,1x30,0.31052632,8260
7x51,7x50,0.01789474,476
7x51,7x56,0.00003759,1
5x62,5x67,0.00097744,26
7x51,7x54,0.30853383,8207
7x51,7x55,0.95845865,25495
2x40,2x41,0.02804511,746
2x40,2x43,0.36067669,9594
G21:Y18:T64:N25,1x27,0.02007519,534
2x40,2x44,0.97048872,25815
2x45,2x41,0.97518797,25940
4x50,4x51,0.00184211,49
G21:Y18:T64:N25,1x28,0.03285714,874
4x39,4x39,0.00124060,33
1x26,G21:Y18:T64:N25,0.01293233,344
12x48,2x37,0.00221805,59
1x55,1x56,0.00661654,176
3x44,3x41,0.40650376,10813
1x55,1x54,0.00330827,88
1x32,1x29,0.41864662,11136
1x55,1x58,0.49466165,13158
5x54,5x55,0.01063910,283
1x28,1x31,0.28022556,7454
8x50,8x53,0.37988722,10105
5x63,5x67,0.11661654,3102
5x63,5x65,0.02142857,570
5x63,5x62,0.00770677,205
G176:G174:G219:N183,L174:E172:P217:P181,0.00571429,152
3x34,3x35,0.00131579,35
5x63,5x69,0.00488722,130
4x52,4x55,0.25830827,6871
4x52,4x56,0.95778195,25477
4x52,4x51,0.00075188,20
4x52,4x53,0.00481203,128
7x51,7x53,0.00003759,1
4x47,4x44,0.22443609,5970
2x50,2x51,0.00710526,189
2x48,2x51,0.33530075,8919
6x61,K392:A414:D518:Q427,0.13714286,3648
K392:A414:D518:Q427,D393:P415:S519:S428,0.01221805,325
4x48,4x52,0.99898496,26573
7x37,7x40,0.41458647,11028
4x48,4x51,0.15184211,4039
7x50,7x53,0.32060150,8528
3x48,3x47,0.00165414,44
4x65,E170:V168:K213:K177,0.33894737,9016
5x461,5x43,0.99875940,26567
12x48,12x50,0.03082707,820
12x48,12x51,0.15699248,4176
K20:P17:H63:H24,1x27,0.00315789,84
G21:Y18:T64:N25,P18:T15:G61:S22,0.03342105,889
Q181:Q179:Q224:Q188,45x51,0.04969925,1322
2x44,2x41,0.22988722,6115
4x69,4x67,0.00289474,77
8x55,C435:C457:L560:C470,0.40500000,10773
2x49,2x46,0.49834586,13256
8x49,8x53,0.78251880,20815
2x49,2x45,0.94078947,25025
5x44,5x47,0.81913534,21789
2x49,2x48,0.00398496,106
D393:P415:S519:S428,D393:P415:S519:S428,0.00018797,5
5x44,5x43,0.00165414,44
5x44,5x41,0.41447368,11025
5x44,5x40,0.91398496,24312
5x36,5x39,0.38872180,10340
2x57,2x56,0.00169173,45
6x31,5x67,0.00003759,1
5x62,5x58,0.98932331,26316
6x31,5x69,0.00018797,5
5x36,5x36,0.00300752,80
6x45,6x46,0.00161654,43
6x45,6x47,0.00075188,20
3x36,3x35,0.00789474,210
3x36,3x34,0.00007519,2
3x36,3x33,0.17124060,4555
3x31,3x34,0.23695489,6303
2x58,2x57,0.01406015,374
1x60,1x60,0.00018797,5
6x45,6x48,0.10676692,2840
6x45,6x49,0.89398496,23780
34x57,12x51,0.01244361,331
1x44,1x41,0.14462406,3847
5x53,5x54,0.00052632,14
C435:C457:L560:C470,8x54,0.00041353,11
5x53,5x56,0.44218045,11762
5x53,5x57,0.98710526,26257
5x53,5x50,0.28048872,7461
5x53,5x52,0.00120301,32
G21:Y18:T64:N25,1x29,0.03225564,858
3x33,3x34,0.00255639,68
45x50,Q177:E175:E220:Q184,0.01225564,326
8x51,8x54,0.26033835,6925
K20:P17:H63:H24,K20:P17:H63:H24,0.00691729,184
2x61,2x62,0.00187970,50
2x61,2x60,0.00834586,222
5x64,5x67,0.18338346,4878
5x64,5x66,0.04334586,1153
5x64,5x65,0.05195489,1382
5x64,5x64,0.00030075,8
4x58,4x57,0.03646617,970
4x58,4x56,0.00090226,24
4x58,4x55,0.07007519,1864
4x58,4x54,0.97639098,25972
1x31,1x32,0.00646617,172
1x31,1x33,0.00011278,3
1x31,1x30,0.00503759,134
C435:C457:L560:C470,C435:C457:L560:C470,0.00063910,17
1x35,1x38,0.26966165,7173
6x55,6x57,0.00003759,1
2x43,2x42,0.00530075,141
2x43,2x44,0.00360902,96
2x43,2x46,0.30172932,8026
45x52,45x52,0.00003759,1
2x52,2x551,0.99063910,26351
12x48,1x59,0.04567669,1215
5x42,5x41,0.00304511,81
5x42,5x43,0.01492481,397
6x51,6x53,0.00093985,25
6x48,6x51,0.17233083,4584
4x60,4x56,0.02270677,604
4x60,4x57,0.20308271,5402
6x37,6x33,0.98078947,26089
6x37,6x36,0.00131579,35
6x37,6x34,0.23921053,6363
6x37,6x38,0.00541353,144
3x47,3x51,0.94642857,25175
45x50,L174:E172:P217:P181,0.00146617,39
2x52,2x56,0.22590226,6009
2x52,2x51,0.00161654,43
2x52,2x53,0.00214286,57
2x55,2x51,0.99390977,26438
7x49,7x53,0.82560150,21961
7x49,7x52,0.52721805,14024
1x50,1x49,0.00270677,72
34x50,5x69,0.00007519,2
1x50,1x46,0.94236842,25067
1x50,1x47,0.32815789,8729
3x22,A175:D173:P218:D182,0.00078947,21
E170:V168:K213:K177,T172:T170:T215:T179,0.02176692,579
8x50,8x54,0.99270677,26406
4x62,4x59,0.04733083,1259
4x69,4x66,0.18977444,5048
K392:A414:D518:Q427,6x59,0.27477444,7309
4x69,4x64,0.24033835,6393
12x49,12x51,0.01699248,452
12x49,12x50,0.04281955,1139
4x69,4x68,0.05966165,1587
1x29,1x27,0.01612782,429
5x38,5x41,0.14421053,3836
5x38,5x42,0.98943609,26319
2x42,2x41,0.00586466,156
4x46,4x45,0.00229323,61
2x60,2x63,0.33969925,9036
4x39,2x37,0.04454887,1185
5x46,5x461,0.00541353,144
2x47,2x51,0.99699248,26520
2x47,2x50,0.17093985,4547
2x59,2x56,0.18872180,5020
2x59,2x57,0.00003759,1
4x61,4x59,0.00093985,25
4x61,4x57,0.96725564,25729
6x32,6x34,0.00011278,3
6x32,6x36,0.98620301,26233
4x48,4x44,0.99778195,26541
6x32,6x33,0.01439850,383
2x55,2x551,0.01473684,392
4x69,E170:V168:K213:K177,0.08375940,2228
6x61,C394:C416:C520:C429,0.01142857,304
A175:D173:P218:D182,45x50,0.02936090,781
6x42,6x46,0.97109023,25831
6x58,D393:P415:S519:S428,0.61300752,16306
7x41,7x46,0.00270677,72
7x56,6x32,0.00007519,2
12x50,2x38,0.04789474,1274
6x49,6x53,0.98101504,26095
8x54,8x53,0.00308271,82
5x65,5x69,0.01052632,280
4x44,4x41,0.39943609,10625
4x44,4x40,0.57857143,15390
4x44,4x45,0.00330827,88
12x50,2x37,0.10556391,2808
5x38,5x39,0.00733083,195
6x51,6x55,0.99545113,26479
5x38,5x37,0.00808271,215
5x38,5x36,0.00030075,8
3x25,23x52,0.00003759,1
4x54,4x57,0.39071429,10393
G19:S16:G62:S23,1x27,0.00898496,239
3x32,3x33,0.00556391,148
1x56,1x59,0.29864662,7944
3x32,3x31,0.00296992,79
6x44,6x49,0.00003759,1
3x32,3x36,0.76936090,20465
3x32,3x35,0.03827068,1018
3x32,3x34,0.00003759,1
6x44,6x47,0.27902256,7422
45x52,45x51,0.00026316,7
34x56,4x38,0.00650376,173
1x57,1x58,0.00902256,240
1x57,1x59,0.00086466,23
1x57,1x53,0.92255639,24540
1x57,1x54,0.28864662,7678
1x57,1x56,0.00338346,90
5x65,5x65,0.00586466,156
2x48,2x52,0.95714286,25460
34x51,5x67,0.00045113,12
34x51,5x69,0.00503759,134
1x51,1x54,0.22943609,6103
1x51,1x55,0.99785714,26543
1x51,1x52,0.00221805,59
45x51,L174:E172:P217:P181,0.00184211,49
3x55,3x54,0.03789474,1008
3x31,3x35,0.98537594,26211
4x63,4x64,0.09857143,2622
4x63,4x66,0.80548872,21426
3x55,3x51,0.83684211,22260
3x27,3x23,0.98661654,26244
3x52,3x55,0.47221805,12561
3x52,3x54,0.00082707,22
3x27,3x24,0.18071429,4807
3x49,3x53,0.99018797,26339
3x49,3x52,0.26751880,7116
34x54,2x38,0.00037594,10
6x60,6x59,0.01060150,282
5x43,5x39,0.99883459,26569
7x39,7x43,0.46109023,12265
1x40,1x39,0.00451128,120
6x44,6x48,0.97898496,26041
5x59,5x63,0.95951128,25523
5x59,5x62,0.36992481,9840
5x59,5x61,0.00007519,2
5x44,5x461,0.03868421,1029
6x47,6x48,0.00541353,144
6x47,6x49,0.00033835,9
7x36,7x40,0.98458647,26190
8x52,8x53,0.00947368,252
8x48,8x50,0.00530075,141
5x61,5x65,0.54030075,14372
6x42,6x38,0.98924812,26314
5x61,5x62,0.00808271,215
5x61,5x63,0.00112782,30
3x25,3x28,0.32902256,8752
3x50,3x51,0.00500000,133
12x51,2x37,0.01857143,494
6x58,6x60,0.00045113,12
12x48,1x58,0.02157895,574
12x48,1x57,0.03112782,828
12x48,1x56,0.02939850,782
4x54,4x55,0.00195489,52
3x25,3x24,0.01161654,309
1x28,1x29,0.02657895,707
4x54,4x51,0.37375940,9942
4x54,4x50,0.97481203,25930
3x21,3x24,0.64086466,17047
1x28,1x28,0.00011278,3
1x26,1x27,0.01421053,378
1x26,1x26,0.01323308,352
1x26,1x29,0.08560150,2277
1x26,1x28,0.16334586,4345
34x57,4x38,0.00011278,3
34x57,4x39,0.00646617,172
6x61,6x59,0.00308271,82
34x55,2x39,0.00003759,1
8x47,8x51,0.22864662,6082
E170:V168:K213:K177,E170:V168:K213:K177,0.12312030,3275
6x31,6x31,0.00007519,2
6x61,6x57,0.84248120,22410
34x55,2x37,0.00248120,66
2x40,12x51,0.24345865,6476
4x60,4x61,0.02684211,714
12x51,2x38,0.02409774,641
6x41,6x38,0.18056391,4803
4x60,4x64,0.06360902,1692
P18:T15:G61:S22,P18:T15:G61:S22,0.00669173,178
1x27,1x27,0.00015038,4
7x45,7x48,0.72838346,19375
3x45,3x41,0.98293233,26146
3x45,3x44,0.00191729,51
1x56,1x53,0.44026316,11711
3x45,3x46,0.00082707,22
V395:I417:I521:I430,V395:I417:I521:I430,0.00007519,2
3x45,3x48,0.43402256,11545
7x45,7x41,0.53150376,14138
7x45,7x42,0.01112782,296
7x45,7x43,0.08548872,2274
7x45,7x46,0.00612782,163
7x45,7x47,0.00165414,44
7x48,7x43,0.90954887,24194
8x59,8x54,0.00135338,36
1x54,1x53,0.00124060,33
1x54,1x56,0.00003759,1
8x50,8x49,0.03007519,800
2x65,2x62,0.22928571,6099
2x65,2x63,0.00003759,1
2x65,2x61,0.96488722,25666
2x65,2x66,0.00214286,57
6x41,6x42,0.00112782,30
L183:F181:L226:L190,S184:S182:S227:S191,0.05718045,1521
4x42,4x38,0.25424812,6763
3x25,3x29,0.96364662,25633
3x52,3x51,0.00116541,31
12x51,12x51,0.00154135,41
5x69,5x69,0.00278195,74
3x30,3x27,0.21379699,5687
G21:Y18:T64:N25,G19:S16:G62:S23,0.01560150,415
2x59,2x60,0.00191729,51
2x59,2x63,0.96097744,25562
2x59,2x62,0.35695489,9495
7x52,7x48,0.92939850,24722
3x48,3x51,0.44947368,11956
3x48,3x52,0.99127820,26368
3x44,3x48,0.98684211,26250
3x44,3x47,0.44718045,11895
G176:G174:G219:N183,Q177:E175:E220:Q184,0.07537594,2005
1x44,1x43,0.00082707,22
7x39,7x38,0.00390977,104
3x44,3x40,0.99124060,26367
3x26,3x29,0.14176692,3771
E170:V168:K213:K177,4x68,0.06187970,1646
F182:F180:F225:F189,S184:S182:S227:S191,0.34620301,9209
2x44,2x45,0.00597744,159
3x26,3x23,0.22729323,6046
3x26,3x25,0.00093985,25
3x26,3x27,0.00406015,108
6x41,6x44,0.26319549,7001
3x29,3x33,0.73646617,19590
3x29,3x31,0.00003759,1
1x32,1x30,0.00015038,4
2x50,2x46,0.90898496,24179
2x42,2x38,0.16706767,4444
8x49,8x49,0.00327068,87
G176:G174:G219:N183,23x50,0.88184211,23457
2x66,P18:T15:G61:S22,0.00022556,6
2x57,2x61,0.95007519,25272
2x57,2x60,0.15977444,4250
7x56,7x53,0.46902256,12476
7x56,7x56,0.00003759,1
7x56,7x55,0.01616541,430
4x56,4x57,0.00364662,97
7x30,7x32,0.00003759,1
12x49,1x56,0.00172932,46
6x52,6x55,0.18526316,4928
6x52,6x56,0.74515038,19821
6x52,6x51,0.00360902,96
C394:C416:C520:C429,K392:A414:D518:Q427,0.00413534,110
6x52,6x53,0.00778195,207
3x22,3x25,0.55093985,14655
2x41,2x38,0.36969925,9834
6x31,6x34,0.21684211,5768
6x31,6x35,0.81627820,21713
1x26,G19:S16:G62:S23,0.02473684,658
4x48,4x45,0.23037594,6128
6x31,6x32,0.01428571,380
6x31,6x33,0.02860902,761
7x40,7x43,0.67593985,17980
7x40,7x42,0.00124060,33
A175:D173:P218:D182,V173:V171:V216:V180,0.00086466,23
3x42,3x46,0.95278195,25344
3x50,3x54,0.92112782,24502
8x48,8x52,0.41932331,11154
1x28,1x27,0.02097744,558
12x50,12x50,0.00278195,74
4x63,4x59,0.20939850,5570
3x55,5x69,0.00026316,7
5x44,5x48,0.84815789,22561
3x22,3x23,0.00439850,117
1x42,1x39,0.33695489,8963
4x63,4x67,0.77657895,20657
1x32,1x33,0.00552632,147
6x38,6x36,0.00003759,1
6x38,6x34,0.79097744,21040
3x27,3x28,0.00131579,35
4x40,4x38,0.01206767,321
4x40,4x39,0.05996241,1595
7x42,7x43,0.04120301,1096
