GenericNames,ACM1_HUMAN,ACM2_HUMAN,ACM3_HUMAN,ACM4_HUMAN
-:-:M1:-,-,-,M1,-
-:-:T2:-,-,-,T2,-
-:-:L3:-,-,-,L3,-
-:-:H4:-,-,-,H4,-
-:-:N5:-,-,-,N5,-
-:-:N6:-,-,-,N6,-
-:-:S7:-,-,-,S7,-
-:-:T8:-,-,-,T8,-
-:-:T9:-,-,-,T9,-
-:-:S10:-,-,-,S10,-
-:-:P11:-,-,-,P11,-
-:-:L12:-,-,-,L12,-
-:-:F13:-,-,-,F13,-
-:-:P14:-,-,-,P14,-
-:-:N15:-,-,-,N15,-
-:-:I16:-,-,-,I16,-
-:-:S17:-,-,-,S17,-
-:-:S18:-,-,-,S18,-
-:-:S19:-,-,-,S19,-
-:-:W20:-,-,-,W20,-
-:-:I21:-,-,-,I21,-
-:-:H22:-,-,-,H22,-
-:-:S23:-,-,-,S23,-
-:-:P24:-,-,-,P24,-
-:-:S25:-,-,-,S25,-
-:-:D26:-,-,-,D26,-
-:-:A27:-,-,-,A27,-
-:-:G28:-,-,-,G28,-
-:-:L29:-,-,-,L29,-
-:-:P30:-,-,-,P30,-
-:-:P31:-,-,-,P31,-
-:-:G32:-,-,-,G32,-
-:-:T33:-,-,-,T33,-
-:-:V34:-,-,-,V34,-
-:-:T35:-,-,-,T35,-
-:-:H36:-,-,-,H36,-
-:-:F37:-,-,-,F37,-
-:-:G38:-,-,-,G38,-
-:-:S39:-,-,-,S39,-
-:-:Y40:M1,-,-,Y40,M1
-:-:N41:A2,-,-,N41,A2
-:-:V42:N3,-,-,V42,N3
-:-:S43:F4,-,-,S43,F4
M1:-:R44:T5,M1,-,R44,T5
N2:-:A45:P6,N2,-,A45,P6
T3:-:A46:V7,T3,-,A46,V7
S4:M1:G47:N8,S4,M1,G47,N8
A5:N2:N48:G9,A5,N2,N48,G9
P6:N3:F49:S10,P6,N3,F49,S10
P7:S4:S50:S11,P7,S4,S50,S11
A8:T5:S51:G12,A8,T5,S51,G12
V9:N6:P52:N13,V9,N6,P52,N13
S10:S7:D53:Q14,S10,S7,D53,Q14
P11:S8:G54:S15,P11,S8,G54,S15
N12:N9:T55:V16,N12,N9,T55,V16
I13:N10:T56:R17,I13,N10,T56,R17
T14:S11:D57:L18,T14,S11,D57,L18
V15:L12:D58:V19,V15,L12,D58,V19
L16:A13:P59:T20,L16,A13,P59,T20
A17:L14:L60:S21,A17,L14,L60,S21
P18:T15:G61:S22,P18,T15,G61,S22
G19:S16:G62:S23,G19,S16,G62,S23
K20:P17:H63:H24,K20,P17,H63,H24
G21:Y18:T64:N25,G21,Y18,T64,N25
1x26,-,-,-,R26
1x27,-,-,-,Y27
1x28,-,K19,-,E28
1x29,P22,T20,V65,T29
1x30,W23,F21,W66,V30
1x31,Q24,E22,Q67,E31
1x32,V25,V23,V68,M32
1x33,A26,V24,V69,V33
1x34,F27,F25,F70,F34
1x35,I28,I26,I71,I35
1x36,G29,V27,A72,A36
1x37,I30,L28,F73,T37
1x38,T31,V29,L74,V38
1x39,T32,A30,T75,T39
1x40,G33,G31,G76,G40
1x41,L34,S32,I77,S41
1x42,L35,L33,L78,L42
1x43,S36,S34,A79,S43
1x44,L37,L35,L80,L44
1x45,A38,V36,V81,V45
1x46,T39,T37,T82,T46
1x47,V40,I38,I83,V47
1x48,T41,I39,I84,V48
1x49,G42,G40,G85,G49
1x50,N43,N41,N86,N50
1x51,L44,I42,I87,I51
1x52,L45,L43,L88,L52
1x53,V46,V44,V89,V53
1x54,L47,M45,I90,M54
1x55,I48,V46,V91,L55
1x56,S49,S47,S92,S56
1x57,F50,I48,F93,I57
1x58,K51,K49,K94,K58
1x59,V52,V50,V95,V59
1x60,N53,N51,N96,N60
12x48,T54,R52,K97,R61
12x49,E55,H53,Q98,Q62
12x50,L56,L54,L99,L63
12x51,K57,Q55,K100,Q64
2x37,T58,T56,T101,T65
2x38,V59,V57,V102,V66
2x39,N60,N58,N103,N67
2x40,N61,N59,N104,N68
2x41,Y62,Y60,Y105,Y69
2x42,F63,F61,F106,F70
2x43,L64,L62,L107,L71
2x44,L65,F63,L108,F72
2x45,S66,S64,S109,S73
2x46,L67,L65,L110,L74
2x47,A68,A66,A111,A75
2x48,C69,C67,C112,C76
2x49,A70,A68,A113,A77
2x50,D71,D69,D114,D78
2x51,L72,L70,L115,L79
2x52,I73,I71,I116,I80
2x53,I74,I72,I117,I81
2x54,G75,G73,G118,G82
2x55,T76,V74,V119,A83
2x551,F77,F75,I120,F84
2x56,S78,S76,S121,S85
2x57,M79,M77,M122,M86
2x58,N80,N78,N123,N87
2x59,L81,L79,L124,L88
2x60,Y82,Y80,F125,Y89
2x61,T83,T81,T126,T90
2x62,T84,L82,T127,V91
2x63,Y85,Y83,Y128,Y92
2x64,L86,T84,I129,I93
2x65,L87,V85,I130,I94
2x66,M88,I86,M131,K95
G89:G87:N132:G96,G89,G87,N132,G96
23x49,H90,Y88,R133,Y97
23x50,W91,W89,W134,W98
23x51,A92,P90,A135,P99
23x52,L93,L91,L136,L100
3x21,G94,G92,G137,G101
3x22,T95,P93,N138,A102
3x23,L96,V94,L139,V103
3x24,A97,V95,A140,V104
3x25,C98,C96,C141,C105
3x26,D99,D97,D142,D106
3x27,L100,L98,L143,L107
3x28,W101,W99,W144,W108
3x29,L102,L100,L145,L109
3x30,A103,A101,A146,A110
3x31,L104,L102,I147,L111
3x32,D105,D103,D148,D112
3x33,Y106,Y104,Y149,Y113
3x34,V107,V105,V150,V114
3x35,A108,V106,A151,V115
3x36,S109,S107,S152,S116
3x37,N110,N108,N153,N117
3x38,A111,A109,A154,A118
3x39,S112,S110,S155,S119
3x40,V113,V111,V156,V120
3x41,M114,M112,M157,M121
3x42,N115,N113,N158,N122
3x43,L116,L114,L159,L123
3x44,L117,L115,L160,L124
3x45,L118,I116,V161,I125
3x46,I119,I117,I162,I126
3x47,S120,S118,S163,S127
3x48,F121,F119,F164,F128
3x49,D122,D120,D165,D129
3x50,R123,R121,R166,R130
3x51,Y124,Y122,Y167,Y131
3x52,F125,F123,F168,F132
3x53,S126,C124,S169,C133
3x54,V127,V125,I170,V134
3x55,T128,T126,T171,T135
3x56,R129,K127,R172,K136
34x50,P130,P128,P173,P137
34x51,L131,L129,L174,L138
34x52,S132,T130,T175,T139
34x53,Y133,Y131,Y176,Y140
34x54,R134,P132,R177,P141
34x55,A135,V133,A178,A142
34x56,K136,K134,K179,R143
34x57,R137,R135,R180,R144
4x38,T138,T136,T181,T145
4x39,P139,T137,T182,T146
4x40,R140,K138,K183,K147
4x41,R141,M139,R184,M148
4x42,A142,A140,A185,A149
4x43,A143,G141,G186,G150
4x44,L144,M142,V187,L151
4x45,M145,M143,M188,M152
4x46,I146,I144,I189,I153
4x47,G147,A145,G190,A154
4x48,L148,A146,L191,A155
4x49,A149,A147,A192,A156
4x50,W150,W148,W193,W157
4x51,L151,V149,V194,V158
4x52,V152,L150,I195,L159
4x53,S153,S151,S196,S160
4x54,F154,F152,F197,F161
4x55,V155,I153,V198,V162
4x56,L156,L154,L199,L163
4x57,W157,W155,W200,W164
4x58,A158,A156,A201,A165
4x59,P159,P157,P202,P166
4x60,A160,A158,A203,A167
4x61,I161,I159,I204,I168
4x62,L162,L160,L205,L169
4x63,F163,F161,F206,F170
4x64,W164,W162,W207,W171
4x65,Q165,Q163,Q208,Q172
4x66,Y166,F164,Y209,F173
4x67,L167,I165,F210,V174
4x68,V168,V166,V211,V175
4x69,G169,G167,G212,G176
E170:V168:K213:K177,E170,V168,K213,K177
R171:R169:R214:R178,R171,R169,R214,R178
T172:T170:T215:T179,T172,T170,T215,T179
V173:V171:V216:V180,V173,V171,V216,V180
L174:E172:P217:P181,L174,E172,P217,P181
A175:D173:P218:D182,A175,D173,P218,D182
G176:G174:G219:N183,G176,G174,G219,N183
Q177:E175:E220:Q184,Q177,E175,E220,Q184
45x50,C178,C176,C221,C185
45x51,Y179,Y177,F222,F186
45x52,I180,I178,I223,I187
Q181:Q179:Q224:Q188,Q181,Q179,Q224,Q188
F182:F180:F225:F189,F182,F180,F225,F189
L183:F181:L226:L190,L183,F181,L226,L190
S184:S182:S227:S191,S184,S182,S227,S191
5x36,Q185,N183,E228,N192
5x37,P186,A184,P229,P193
5x38,I187,A185,T230,A194
5x39,I188,V186,I231,V195
5x40,T189,T187,T232,T196
5x41,F190,F188,F233,F197
5x42,G191,G189,G234,G198
5x43,T192,T190,T235,T199
5x44,A193,A191,A236,A200
5x45,M194,I192,I237,I201
5x46,A195,A193,A238,A202
5x461,A196,A194,A239,A203
5x47,F197,F195,F240,F204
5x48,Y198,Y196,Y241,Y205
5x49,L199,L197,M242,L206
5x50,P200,P198,P243,P207
5x51,V201,V199,V244,V208
5x52,T202,I200,T245,V209
5x53,V203,I201,I246,I210
5x54,M204,M202,M247,M211
5x55,C205,T203,T248,T212
5x56,T206,V204,I249,V213
5x57,L207,L205,L250,L214
5x58,Y208,Y206,Y251,Y215
5x59,W209,W207,W252,I216
5x60,R210,H208,R253,H217
5x61,I211,I209,I254,I218
5x62,Y212,S210,Y255,S219
5x63,R213,R211,K256,L220
5x64,E214,A212,E257,A221
5x65,T215,S213,T258,S222
5x66,E216,K214,E259,R223
5x67,N217,S215,K260,S224
5x68,R218,R216,R261,R225
5x69,A219,I217,T262,V226
5x70,R220,K218,K263,H227
5x71,E221,K219,E264,K228
5x72,L222,D220,L265,H229
5x73,A223,K221,A266,R230
5x74,A224,K222,G267,P231
5x75,L225,E223,L268,E232
Q226:P224:Q269:G233,Q226,P224,Q269,G233
G227:V225:A270:P234,G227,V225,A270,P234
S228:A226:S271:K235,S228,A226,S271,K235
E229:N227:G272:E236,E229,N227,G272,E236
T230:Q228:T273:K237,T230,Q228,T273,K237
P231:D229:E274:K238,P231,D229,E274,K238
G232:P230:A275:A239,G232,P230,A275,A239
K233:V231:E276:K240,K233,V231,E276,K240
G234:S232:T277:T241,G234,S232,T277,T241
G235:P233:E278:L242,G235,P233,E278,L242
G236:S234:N279:A243,G236,S234,N279,A243
S237:L235:F280:F244,S237,L235,F280,F244
S238:V236:V281:L245,S238,V236,V281,L245
S239:Q237:H282:K246,S239,Q237,H282,K246
S240:G238:P283:S247,S240,G238,P283,S247
S241:R239:T284:P248,S241,R239,T284,P248
E242:I240:G285:L249,E242,I240,G285,L249
R243:V241:S286:M250,R243,V241,S286,M250
S244:K242:S287:K251,S244,K242,S287,K251
Q245:P243:R288:Q252,Q245,P243,R288,Q252
P246:N244:S289:S253,P246,N244,S289,S253
G247:N245:C290:V254,G247,N245,C290,V254
A248:N246:S291:K255,A248,N246,S291,K255
E249:N247:S292:K256,E249,N247,S292,K256
G250:M248:Y293:P257,G250,M248,Y293,P257
S251:P249:E294:P258,S251,P249,E294,P258
P252:S250:L295:P259,P252,S250,L295,P259
E253:S251:Q296:G260,E253,S251,Q296,G260
T254:D252:Q297:E261,T254,D252,Q297,E261
P255:D253:Q298:A262,P255,D253,Q298,A262
P256:G254:S299:A263,P256,G254,S299,A263
G257:L255:M300:R264,G257,L255,M300,R264
R258:E256:K301:E265,R258,E256,K301,E265
C259:H257:R302:E266,C259,H257,R302,E266
C260:N258:S303:L267,C260,N258,S303,L267
R261:K259:N304:R268,R261,K259,N304,R268
C262:I260:R305:N269,C262,I260,R305,N269
C263:Q261:R306:G270,C263,Q261,R306,G270
R264:N262:K307:K271,R264,N262,K307,K271
A265:G263:Y308:L272,A265,G263,Y308,L272
P266:K264:G309:E273,P266,K264,G309,E273
R267:A265:R310:E274,R267,A265,R310,E274
L268:P266:C311:A275,L268,P266,C311,A275
L269:R267:H312:P276,L269,R267,H312,P276
Q270:D268:F313:P277,Q270,D268,F313,P277
A271:P269:W314:P278,A271,P269,W314,P278
Y272:V270:F315:A279,Y272,V270,F315,A279
S273:T271:T316:L280,S273,T271,T316,L280
W274:E272:T317:P281,W274,E272,T317,P281
K275:N273:K318:P282,K275,N273,K318,P282
E276:C274:S319:P283,E276,C274,S319,P283
E277:V275:W320:P284,E277,V275,W320,P284
E278:Q276:K321:R285,E278,Q276,K321,R285
E279:G277:P322:P286,E279,G277,P322,P286
E280:E278:S323:V287,E280,E278,S323,V287
D281:E279:S324:A288,D281,E279,S324,A288
E282:K280:E325:D289,E282,K280,E325,D289
G283:E281:Q326:K290,G283,E281,Q326,K290
S284:S282:M327:D291,S284,S282,M327,D291
M285:S283:D328:T292,M285,S283,D328,T292
E286:N284:Q329:S293,E286,N284,Q329,S293
S287:D285:D330:N294,S287,D285,D330,N294
L288:S286:H331:E295,L288,S286,H331,E295
T289:T287:S332:S296,T289,T287,S332,S296
-:S288:S333:S297,-,S288,S333,S297
-:V289:S334:S298,-,V289,S334,S298
-:S290:D335:G299,-,S290,D335,G299
-:A291:S336:S300,-,A291,S336,S300
-:V292:W337:A301,-,V292,W337,A301
-:A293:N338:T302,-,A293,N338,T302
-:S294:N339:Q303,-,S294,N339,Q303
-:N295:N340:N304,-,N295,N340,N304
-:M296:D341:T305,-,M296,D341,T305
-:R297:A342:K306,-,R297,A342,K306
-:D298:A343:E307,-,D298,A343,E307
-:D299:A344:R308,-,D299,A344,R308
-:-:S345:P309,-,-,S345,P309
-:-:L346:A310,-,-,L346,A310
-:-:E347:-,-,-,E347,-
-:-:N348:-,-,-,N348,-
-:-:S349:-,-,-,S349,-
-:-:A350:-,-,-,A350,-
-:-:S351:-,-,-,S351,-
-:-:S352:-,-,-,S352,-
-:-:D353:-,-,-,D353,-
-:-:E354:-,-,-,E354,-
-:-:E355:-,-,-,E355,-
-:-:D356:-,-,-,D356,-
-:-:I357:-,-,-,I357,-
-:-:G358:-,-,-,G358,-
-:-:S359:-,-,-,S359,-
-:-:E360:-,-,-,E360,-
-:-:T361:-,-,-,T361,-
-:-:R362:-,-,-,R362,-
-:-:A363:-,-,-,A363,-
-:-:I364:-,-,-,I364,-
-:-:Y365:-,-,-,Y365,-
-:-:S366:-,-,-,S366,-
-:-:I367:-,-,-,I367,-
-:-:V368:-,-,-,V368,-
-:-:L369:-,-,-,L369,-
-:-:K370:-,-,-,K370,-
-:-:L371:-,-,-,L371,-
-:-:P372:-,-,-,P372,-
-:-:G373:-,-,-,G373,-
-:-:H374:-,-,-,H374,-
-:-:S375:-,-,-,S375,-
-:-:T376:-,-,-,T376,-
-:-:I377:-,-,-,I377,-
-:-:L378:-,-,-,L378,-
-:-:N379:-,-,-,N379,-
-:-:S380:-,-,-,S380,-
-:-:T381:-,-,-,T381,-
-:-:K382:-,-,-,K382,-
-:-:L383:-,-,-,L383,-
-:-:P384:-,-,-,P384,-
-:-:S385:-,-,-,S385,-
-:-:S386:-,-,-,S386,-
-:-:D387:-,-,-,D387,-
-:-:N388:-,-,-,N388,-
-:-:L389:-,-,-,L389,-
-:-:Q390:-,-,-,Q390,-
-:-:V391:-,-,-,V391,-
-:-:P392:-,-,-,P392,-
-:-:E393:-,-,-,E393,-
-:-:E394:-,-,-,E394,-
-:-:E395:-,-,-,E395,-
-:-:L396:-,-,-,L396,-
-:-:G397:-,-,-,G397,-
-:-:M398:-,-,-,M398,-
-:-:V399:-,-,-,V399,-
-:-:D400:-,-,-,D400,-
-:-:L401:-,-,-,L401,-
-:-:E402:T311,-,-,E402,T311
-:-:R403:E312,-,-,R403,E312
-:E300:K404:L313,-,E300,K404,L313
-:I301:A405:S314,-,I301,A405,S314
-:T302:D406:T315,-,T302,D406,T315
-:Q303:K407:T316,-,Q303,K407,T316
-:D304:L408:E317,-,D304,L408,E317
-:E305:Q409:A318,-,E305,Q409,A318
-:N306:A410:T319,-,N306,A410,T319
-:T307:Q411:T320,-,T307,Q411,T320
-:V308:K412:P321,-,V308,K412,P321
-:S309:S413:A322,-,S309,S413,A322
-:T310:V414:M323,-,T310,V414,M323
-:S311:D415:P324,-,S311,D415,P324
S290:L312:D416:A325,S290,L312,D416,A325
S291:G313:G417:P326,S291,G313,G417,P326
E292:H314:G418:P327,E292,H314,G418,P327
G293:S315:S419:L328,G293,S315,S419,L328
E294:K316:F420:Q329,E294,K316,F420,Q329
E295:D317:P421:P330,E295,D317,P421,P330
P296:E318:K422:R331,P296,E318,K422,R331
G297:N319:S423:A332,G297,N319,S423,A332
S298:S320:F424:L333,S298,S320,F424,L333
E299:K321:S425:N334,E299,K321,S425,N334
V300:Q322:K426:P335,V300,Q322,K426,P335
V301:T323:L427:A336,V301,T323,L427,A336
I302:C324:P428:S337,I302,C324,P428,S337
K303:I325:I429:R338,K303,I325,I429,R338
M304:R326:Q430:W339,M304,R326,Q430,W339
P305:I327:L431:S340,P305,I327,L431,S340
M306:G328:E432:K341,M306,G328,E432,K341
V307:T329:S433:I342,V307,T329,S433,I342
D308:K330:A434:Q343,D308,K330,A434,Q343
P309:T331:V435:I344,P309,T331,V435,I344
E310:P332:D436:V345,E310,P332,D436,V345
A311:K333:T437:T346,A311,K333,T437,T346
Q312:S334:A438:K347,Q312,S334,A438,K347
A313:D335:K439:Q348,A313,D335,K439,Q348
P314:S336:T440:T349,P314,S336,T440,T349
T315:C337:S441:G350,T315,C337,S441,G350
K316:T338:D442:N351,K316,T338,D442,N351
Q317:P339:V443:E352,Q317,P339,V443,E352
P318:T340:N444:C353,P318,T340,N444,C353
P319:N341:S445:V354,P319,N341,S445,V354
R320:T342:S446:T355,R320,T342,S446,T355
S321:T343:V447:A356,S321,T343,V447,A356
S322:V344:G448:I357,S322,V344,G448,I357
P323:E345:K449:E358,P323,E345,K449,E358
N324:V346:S450:I359,N324,V346,S450,I359
T325:V347:T451:V360,T325,V347,T451,V360
V326:G348:A452:P361,V326,G348,A452,P361
K327:S349:T453:A362,K327,S349,T453,A362
R328:S350:L454:T363,R328,S350,L454,T363
P329:G351:P455:P364,P329,G351,P455,P364
T330:Q352:L456:A365,T330,Q352,L456,A365
K331:N353:S457:G366,K331,N353,S457,G366
K332:G354:F458:M367,K332,G354,F458,M367
G333:D355:K459:R368,G333,D355,K459,R368
R334:E356:E460:P369,R334,E356,E460,P369
D335:K357:A461:A370,D335,K357,A461,A370
R336:Q358:T462:A371,R336,Q358,T462,A371
A337:N359:L463:N372,A337,N359,L463,N372
G338:I360:A464:V373,G338,I360,A464,V373
K339:V361:K465:A374,K339,V361,K465,A374
G340:A362:R466:R375,G340,A362,R466,R375
Q341:R363:F467:K376,Q341,R363,F467,K376
K342:K364:A468:F377,K342,K364,A468,F377
P343:I365:L469:A378,P343,I365,L469,A378
R344:V366:K470:S379,R344,V366,K470,S379
G345:K367:T471:I380,G345,K367,T471,I380
K346:M368:R472:A381,K346,M368,R472,A381
E347:T369:S473:R382,E347,T369,S473,R382
Q348:K370:Q474:N383,Q348,K370,Q474,N383
L349:Q371:I475:Q384,L349,Q371,I475,Q384
A350:P372:T476:V385,A350,P372,T476,V385
K351:A373:K477:R386,K351,A373,K477,R386
R352:K374:R478:K387,R352,K374,R478,K387
K353:K375:K479:K388,K353,K375,K479,K388
6x24,T354,K376,R480,R389
6x25,F355,P377,M481,Q390
6x26,S356,P378,S482,M391
6x27,L357,P379,L483,A392
6x28,V358,S380,V484,A393
6x29,K359,R381,K485,R394
6x30,E360,E382,E486,E395
6x31,K361,K383,K487,R396
6x32,K362,K384,K488,K397
6x33,A363,V385,A489,V398
6x34,A364,T386,A490,T399
6x35,R365,R387,Q491,R400
6x36,T366,T388,T492,T401
6x37,L367,I389,L493,I402
6x38,S368,L390,S494,F403
6x39,A369,A391,A495,A404
6x40,I370,I392,I496,I405
6x41,L371,L393,L497,L406
6x42,L372,L394,L498,L407
6x43,A373,A395,A499,A408
6x44,F374,F396,F500,F409
6x45,I375,I397,I501,I410
6x46,L376,I398,I502,L411
6x47,T377,T399,T503,T412
6x48,W378,W400,W504,W413
6x49,T379,A401,T505,T414
6x50,P380,P402,P506,P415
6x51,Y381,Y403,Y507,Y416
6x52,N382,N404,N508,N417
6x53,I383,V405,I509,V418
6x54,M384,M406,M510,M419
6x55,V385,V407,V511,V420
6x56,L386,L408,L512,L421
6x57,V387,I409,V513,V422
6x58,S388,N410,N514,N423
6x59,T389,T411,T515,T424
6x60,F390,F412,F516,F425
6x61,C391,C413,C517,C426
K392:A414:D518:Q427,K392,A414,D518,Q427
D393:P415:S519:S428,D393,P415,S519,S428
C394:C416:C520:C429,C394,C416,C520,C429
V395:I417:I521:I430,V395,I417,I521,I430
7x30,P396,P418,P522,P431
7x31,E397,N419,K523,D432
7x32,T398,T420,T524,T433
7x33,L399,V421,F525,V434
7x34,W400,W422,W526,W435
7x35,E401,T423,N527,S436
7x36,L402,I424,L528,I437
7x37,G403,G425,G529,G438
7x38,Y404,Y426,Y530,Y439
7x39,W405,W427,W531,W440
7x40,L406,L428,L532,L441
7x41,C407,C429,C533,C442
7x42,Y408,Y430,Y534,Y443
7x43,V409,I431,I535,V444
7x45,N410,N432,N536,N445
7x46,S411,S433,S537,S446
7x47,T412,T434,T538,T447
7x48,I413,I435,V539,I448
7x49,N414,N436,N540,N449
7x50,P415,P437,P541,P450
7x51,M416,A438,V542,A451
7x52,C417,C439,C543,C452
7x53,Y418,Y440,Y544,Y453
7x54,A419,A441,A545,A454
7x55,L420,L442,L546,L455
7x56,C421,C443,C547,C456
8x47,N422,N444,N548,N457
8x48,K423,A445,K549,A458
8x49,A424,T446,T550,T459
8x50,F425,F447,F551,F460
8x51,R426,K448,R552,K461
8x52,D427,K449,T553,K462
8x53,T428,T450,T554,T463
8x54,F429,F451,F555,F464
8x55,R430,K452,K556,R465
8x56,L431,H453,M557,H466
8x57,L432,L454,L558,L467
8x58,L433,L455,L559,L468
8x59,L434,M456,-,L469
C435:C457:L560:C470,C435,C457,L560,C470
R436:H458:C561:Q471,R436,H458,C561,Q471
W437:Y459:Q562:Y472,W437,Y459,Q562,Y472
D438:K460:C563:R473,D438,K460,C563,R473
K439:N461:D564:N474,K439,N461,D564,N474
R440:I462:K565:I475,R440,I462,K565,I475
R441:G463:K566:G476,R441,G463,K566,G476
W442:A464:K567:T477,W442,A464,K567,T477
R443:T465:R568:A478,R443,T465,R568,A478
K444:R466:R569:R479,K444,R466,R569,R479
I445:-:K570:-,I445,-,K570,-
P446:-:Q571:-,P446,-,Q571,-
K447:-:Q572:-,K447,-,Q572,-
R448:-:Y573:-,R448,-,Y573,-
P449:-:Q574:-,P449,-,Q574,-
G450:-:Q575:-,G450,-,Q575,-
S451:-:R576:-,S451,-,R576,-
V452:-:Q577:-,V452,-,Q577,-
H453:-:S578:-,H453,-,S578,-
R454:-:V579:-,R454,-,V579,-
T455:-:I580:-,T455,-,I580,-
P456:-:F581:-,P456,-,F581,-
S457:-:H582:-,S457,-,H582,-
R458:-:K583:-,R458,-,K583,-
Q459:-:R584:-,Q459,-,R584,-
C460:-:A585:-,C460,-,A585,-
-:-:P586:-,-,-,P586,-
-:-:E587:-,-,-,E587,-
-:-:Q588:-,-,-,Q588,-
-:-:A589:-,-,-,A589,-
-:-:L590:-,-,-,L590,-
