Res1,Res2,Freq,NumFrames,,TotalFrames:,4400
L183:F181:L226:L190,F182:F180:F225:F189,0.03772727,166
7x36,7x39,0.34750000,1529
2x39,2x41,0.06318182,278
2x39,2x40,0.04590909,202
5x44,5x48,0.90090909,3964
7x36,7x33,0.31681818,1394
6x30,6x29,0.07522727,331
4x41,4x44,0.49772727,2190
4x41,4x45,0.82840909,3645
5x61,5x58,0.16568182,729
4x41,4x40,0.00545455,24
5x61,5x57,0.99977273,4399
5x44,5x45,0.00318182,14
7x49,7x48,0.03568182,157
7x49,7x46,0.04636364,204
7x49,7x47,0.00045455,2
R171:R169:R214:R178,T172:T170:T215:T179,0.00568182,25
45x52,L183:F181:L226:L190,0.52250000,2299
2x53,2x56,0.08181818,360
5x55,5x58,0.07045455,310
5x55,5x59,0.99386364,4373
2x53,2x57,0.99750000,4389
5x55,5x51,0.99954545,4398
1x40,1x37,0.33795455,1487
6x34,6x37,0.03750000,165
Q181:Q179:Q224:Q188,S184:S182:S227:S191,0.62568182,2753
6x34,6x35,0.00250000,11
2x39,2x42,0.12704545,559
6x34,6x31,0.33090909,1456
6x34,6x30,0.99818182,4392
4x46,4x50,0.93454545,4112
6x59,6x55,0.98295455,4325
6x59,6x57,0.00181818,8
4x62,4x63,0.01340909,59
6x34,6x38,0.99977273,4399
3x30,3x34,0.88295455,3885
5x52,5x51,0.00863636,38
3x30,3x31,0.00159091,7
3x30,3x33,0.07977273,351
2x47,2x44,0.21181818,932
7x31,7x34,0.24977273,1099
7x31,7x32,0.00840909,37
7x31,7x33,0.02704545,119
7x31,7x30,0.01818182,80
2x47,2x43,0.99886364,4395
1x40,1x39,0.01181818,52
45x52,F182:F180:F225:F189,0.00045455,2
3x42,3x39,0.48522727,2135
Q181:Q179:Q224:Q188,5x36,0.01931818,85
8x48,8x49,0.00863636,38
G89:G87:N132:G96,2x66,0.03000000,132
1x30,1x33,0.25681818,1130
G89:G87:N132:G96,2x64,0.06977273,307
G89:G87:N132:G96,2x63,0.10659091,469
G89:G87:N132:G96,2x62,0.07250000,319
R436:H458:C561:Q471,8x58,0.12204545,537
R436:H458:C561:Q471,8x57,0.67295455,2961
R436:H458:C561:Q471,8x56,0.48318182,2126
R436:H458:C561:Q471,8x55,0.00090909,4
1x34,1x30,0.96727273,4256
1x34,1x33,0.00409091,18
7x55,7x50,0.87750000,3861
7x55,7x51,0.13772727,606
1x52,1x53,0.00454545,20
6x49,6x48,0.09704545,427
1x52,1x56,0.99818182,4392
1x52,1x55,0.08204545,361
5x36,5x36,0.00068182,3
7x54,8x47,0.73750000,3245
3x49,3x48,0.00204545,9
5x67,5x65,0.78590909,3458
5x47,5x48,0.00068182,3
2x58,2x551,0.55090909,2424
7x30,7x34,0.79113636,3481
4x56,4x53,0.17136364,754
4x56,4x55,0.00772727,34
4x56,4x54,0.00045455,2
4x56,4x57,0.00863636,38
7x30,7x32,0.00022727,1
6x45,6x42,0.18931818,833
2x38,2x38,0.03340909,147
3x32,3x28,0.97636364,4296
3x32,3x29,0.14340909,631
1x47,1x46,0.00227273,10
7x43,7x39,0.47750000,2101
1x47,1x48,0.00022727,1
6x45,6x41,0.90954545,4002
5x41,5x40,0.00272727,12
7x54,7x55,0.00159091,7
2x42,2x45,0.43613636,1919
7x54,7x56,0.06386364,281
7x54,7x51,0.02409091,106
7x54,7x50,0.88909091,3912
2x42,2x41,0.00522727,23
7x54,7x52,0.00045455,2
6x53,6x51,0.00022727,1
4x43,4x44,0.00500000,22
4x43,4x46,0.16022727,705
4x43,4x47,0.99772727,4390
4x43,4x40,0.27704545,1219
C435:C457:L560:C470,8x55,0.92318182,4062
C435:C457:L560:C470,8x56,0.36659091,1613
3x49,3x45,0.99727273,4388
3x49,3x46,0.24318182,1070
3x36,3x39,0.35227273,1550
45x51,45x51,0.33545455,1476
3x46,3x43,0.19568182,861
3x46,3x45,0.00409091,18
3x46,3x47,0.00409091,18
6x37,6x42,0.00022727,1
2x37,2x38,0.06318182,278
3x41,3x40,0.00227273,10
6x37,6x41,0.88931818,3913
K392:A414:D518:Q427,K392:A414:D518:Q427,0.00022727,1
1x43,1x46,0.39000000,1716
6x58,6x59,0.02409091,106
23x49,G89:G87:N132:G96,0.04568182,201
6x58,6x57,0.00204545,9
6x58,6x55,0.21477273,945
6x58,6x54,0.99704545,4387
6x54,6x57,0.19477273,857
5x41,5x37,0.65704545,2891
5x41,5x38,0.24250000,1067
1x43,1x47,0.99409091,4374
6x54,6x55,0.00295455,13
C394:C416:C520:C429,D393:P415:S519:S428,0.00272727,12
23x52,23x50,0.02636364,116
4x43,4x39,1.00000000,4400
3x38,3x41,0.25295455,1113
3x38,3x42,0.99840909,4393
1x37,1x33,0.99636364,4384
6x53,6x56,0.35068182,1543
6x53,6x57,0.99886364,4395
6x53,6x54,0.00227273,10
6x40,6x37,0.18431818,811
6x53,6x50,0.37863636,1666
5x60,5x59,0.00204545,9
5x60,5x56,0.99113636,4361
5x60,5x57,0.41795455,1839
1x42,1x39,0.20068182,883
5x57,5x54,0.21454545,944
4x41,4x38,0.76681818,3374
5x57,5x58,0.00136364,6
7x35,7x36,0.00431818,19
1x36,1x40,0.99000000,4356
2x58,2x62,0.95500000,4202
2x58,2x61,0.23522727,1035
5x461,5x43,0.99840909,4393
7x38,7x42,0.48909091,2152
5x461,5x47,0.09000000,396
7x35,7x34,0.00295455,13
1x50,1x54,0.85568182,3765
6x58,K392:A414:D518:Q427,0.02909091,128
1x50,1x51,0.00272727,12
1x50,1x53,0.51340909,2259
4x47,4x48,0.00272727,12
5x47,5x43,0.00250000,11
1x43,1x39,0.99204545,4365
3x25,3x21,0.91659091,4033
3x54,3x55,0.01613636,71
3x54,3x51,0.48840909,2149
7x35,7x38,0.27204545,1197
3x54,3x53,0.00454545,20
23x49,23x50,0.01340909,59
4x59,4x64,0.00068182,3
7x37,7x33,0.96590909,4250
12x51,12x51,0.00068182,3
6x56,6x60,0.94818182,4172
1x56,1x53,0.30727273,1352
6x40,6x41,0.00409091,18
R171:R169:R214:R178,4x68,0.00340909,15
R171:R169:R214:R178,4x69,0.00386364,17
6x40,6x44,0.25068182,1103
1x31,1x34,0.29659091,1305
1x49,1x53,0.76340909,3359
1x49,1x52,0.23045455,1014
12x49,12x48,0.00045455,2
5x47,5x51,0.99000000,4356
7x52,7x56,0.01954545,86
7x52,7x55,0.00545455,24
7x52,7x53,0.01227273,54
7x52,7x51,0.00818182,36
1x38,1x34,0.98113636,4317
8x57,8x53,0.97659091,4297
8x57,8x56,0.00250000,11
1x38,1x37,0.00113636,5
8x57,8x54,0.27772727,1222
4x62,4x66,0.00340909,15
Q181:Q179:Q224:Q188,F182:F180:F225:F189,0.01681818,74
8x57,8x58,0.00386364,17
3x21,23x50,0.00545455,24
3x21,23x52,0.05795455,255
1x35,1x32,0.26340909,1159
1x43,1x40,0.23886364,1051
4x62,4x64,0.05295455,233
G176:G174:G219:N183,A175:D173:P218:D182,0.02545455,112
G89:G87:N132:G96,23x50,0.00159091,7
5x64,5x65,0.18159091,799
Q177:E175:E220:Q184,45x51,0.03863636,170
7x33,7x34,0.02227273,98
3x23,3x27,0.99000000,4356
23x51,23x51,0.00136364,6
7x33,7x30,0.53795455,2367
7x52,7x48,0.97295455,4281
7x33,7x32,0.03022727,133
3x43,3x47,0.95727273,4212
4x58,4x57,0.02750000,121
2x66,2x63,0.19159091,843
2x66,2x62,0.56090909,2468
2x66,2x61,0.27227273,1198
45x52,S184:S182:S227:S191,0.20295455,893
1x58,1x55,0.58363636,2568
1x58,1x57,0.01886364,83
1x58,1x56,0.00613636,27
4x58,4x55,0.05795455,255
2x45,2x41,0.92681818,4078
3x24,3x22,0.00022727,1
4x58,4x54,0.96022727,4225
1x58,1x59,0.01863636,82
2x64,2x63,0.00250000,11
4x65,4x66,0.02295455,101
4x65,4x67,0.00113636,5
4x65,4x64,0.00227273,10
1x46,1x45,0.00977273,43
6x52,6x48,0.89727273,3948
6x52,6x49,0.38159091,1679
6x46,6x42,0.97522727,4291
6x46,6x41,0.00409091,18
6x46,6x47,0.01227273,54
4x65,4x68,0.06500000,286
4x65,4x69,0.44181818,1944
2x46,2x45,0.00227273,10
1x31,1x35,0.89886364,3955
4x67,4x68,0.00863636,38
5x52,5x55,0.33113636,1457
1x41,1x44,0.21727273,956
1x41,1x45,0.99772727,4390
4x67,4x66,0.01409091,62
1x41,1x42,0.00295455,13
6x39,6x35,0.99022727,4357
6x39,6x36,0.35977273,1583
6x39,6x37,0.00022727,1
3x50,3x46,0.99840909,4393
3x50,3x47,0.12568182,553
5x58,5x62,0.99840909,4393
3x50,3x49,0.00340909,15
6x39,6x38,0.00159091,7
2x47,2x46,0.00045455,2
34x51,34x53,0.99340909,4371
34x51,34x50,0.06000000,264
Q177:E175:E220:Q184,L174:E172:P217:P181,0.48477273,2133
4x40,4x44,0.93045455,4094
Q177:E175:E220:Q184,Q177:E175:E220:Q184,0.01409091,62
3x42,3x43,0.00045455,2
5x49,5x52,0.40022727,1761
5x36,5x40,0.58000000,2552
2x50,2x54,0.97204545,4277
5x39,5x43,0.99250000,4367
6x35,6x31,0.99977273,4399
6x35,6x32,0.27681818,1218
5x39,5x40,0.01250000,55
6x35,6x36,0.00136364,6
6x35,6x38,0.20977273,923
6x61,6x57,0.92181818,4056
8x56,8x53,0.38204545,1681
1x41,1x38,0.31250000,1375
8x56,8x52,0.96636364,4252
2x551,2x59,0.98681818,4342
2x551,2x55,0.01227273,54
1x41,1x37,0.99522727,4379
5x36,S184:S182:S227:S191,0.04954545,218
3x47,3x51,0.99477273,4377
6x39,6x43,0.82113636,3613
6x39,6x42,0.12522727,551
1x48,1x51,0.35363636,1556
4x60,4x63,0.04568182,201
3x53,3x51,0.02704545,119
3x33,3x34,0.00272727,12
5x39,5x37,0.24000000,1056
4x42,4x43,0.00727273,32
5x42,5x45,0.31954545,1406
4x42,4x41,0.00386364,17
4x42,4x46,0.99727273,4388
4x42,4x45,0.44545455,1960
4x60,4x59,0.02522727,111
5x40,5x43,0.35068182,1543
5x37,5x40,0.21681818,954
6x30,6x31,0.01636364,72
V395:I417:I521:I430,V395:I417:I521:I430,0.00500000,22
4x61,4x63,0.00090909,4
3x30,3x26,0.98840909,4349
3x30,3x27,0.24136364,1062
6x29,6x28,0.00272727,12
3x37,3x33,0.99022727,4357
3x37,3x34,0.20568182,905
1x34,1x37,0.29363636,1292
3x37,3x36,0.00227273,10
34x54,34x53,0.00613636,27
34x54,34x50,0.02772727,122
5x52,5x48,0.99386364,4373
3x30,3x29,0.00363636,16
3x22,3x25,0.41613636,1831
3x22,3x26,0.90204545,3969
3x42,3x41,0.00545455,24
23x49,2x62,0.16272727,716
3x22,3x23,0.00318182,14
G89:G87:N132:G96,2x65,0.00863636,38
34x55,34x56,0.03454545,152
34x55,34x57,0.00159091,7
34x55,34x54,0.00409091,18
5x37,5x38,0.01295455,57
2x54,2x57,0.00113636,5
2x54,2x55,0.00272727,12
1x30,1x29,0.02431818,107
2x54,2x53,0.00704545,31
2x54,2x51,0.38363636,1688
1x60,1x56,0.04818182,212
1x60,1x57,0.00022727,1
1x60,1x59,0.00568182,25
6x56,6x55,0.00181818,8
5x66,5x65,0.00136364,6
6x56,6x57,0.00250000,11
6x56,6x59,0.49227273,2166
2x48,2x45,0.37977273,1671
2x48,2x44,0.99363636,4372
34x56,34x53,0.53477273,2353
23x52,23x52,0.00022727,1
7x37,7x38,0.00590909,26
23x51,23x52,0.07068182,311
7x41,7x39,0.00045455,2
7x35,7x31,0.73431818,3231
4x47,4x44,0.22227273,978
4x47,4x46,0.00363636,16
4x48,4x45,0.15659091,689
3x41,3x45,0.95090909,4184
1x43,1x44,0.00136364,6
7x35,7x39,0.98363636,4328
1x43,1x42,0.00272727,12
7x37,7x36,0.00750000,33
T172:T170:T215:T179,V173:V171:V216:V180,0.06318182,278
7x46,7x48,0.00045455,2
7x37,6x51,0.00022727,1
3x29,3x28,0.00136364,6
3x43,3x44,0.00340909,15
3x43,3x40,0.31863636,1402
2x64,2x59,0.00068182,3
2x46,2x42,0.99250000,4367
A175:D173:P218:D182,23x50,0.00022727,1
2x49,2x51,0.00022727,1
2x49,2x50,0.00204545,9
2x49,2x53,0.74659091,3285
2x49,2x52,0.41250000,1815
7x54,7x49,0.00022727,1
2x47,2x48,0.00545455,24
R171:R169:R214:R178,E170:V168:K213:K177,0.00454545,20
5x46,5x47,0.00545455,24
2x62,2x63,0.01295455,57
5x53,5x49,0.93431818,4111
1x40,1x41,0.00250000,11
8x51,8x49,0.00022727,1
8x51,8x48,0.80681818,3550
5x36,F182:F180:F225:F189,0.08227273,362
8x51,8x47,0.00840909,37
6x43,6x40,0.08204545,361
5x54,5x58,0.99977273,4399
6x43,6x42,0.00568182,25
6x43,6x44,0.00386364,17
2x52,2x53,0.00500000,22
6x43,6x46,0.05318182,234
6x43,6x47,0.71363636,3140
5x54,5x51,0.08636364,380
5x54,5x50,0.99681818,4386
4x38,4x38,0.06295455,277
5x54,5x55,0.00750000,33
4x58,4x63,0.62295455,2741
4x58,4x60,0.00022727,1
4x58,4x61,0.13386364,589
4x49,4x46,0.36090909,1588
3x38,3x39,0.00363636,16
3x38,3x34,0.99295455,4369
3x38,3x37,0.00204545,9
5x60,5x63,0.46272727,2036
5x60,5x61,0.00250000,11
3x35,3x39,0.99272727,4368
4x64,4x68,0.90886364,3999
5x60,5x64,0.98454545,4332
5x42,5x38,0.90636364,3988
2x51,2x55,0.99818182,4392
3x35,3x31,0.95931818,4221
3x35,3x36,0.00363636,16
3x35,3x34,0.00045455,2
1x44,1x45,0.00204545,9
2x58,2x57,0.01545455,68
2x58,2x56,0.00022727,1
7x41,7x42,0.01250000,55
2x58,2x54,0.06295455,277
1x42,1x45,0.11909091,524
2x58,2x59,0.00363636,16
1x42,1x46,0.99568182,4381
8x55,8x52,0.30840909,1357
8x55,8x54,0.00386364,17
8x55,8x56,0.00250000,11
1x50,1x49,0.00568182,25
1x50,1x46,0.86772727,3818
1x50,1x47,0.32204545,1417
2x60,2x61,0.00454545,20
4x49,4x50,0.00159091,7
2x60,2x63,0.34409091,1514
4x49,4x52,0.02727273,120
4x53,4x57,0.67931818,2989
6x50,6x51,0.00318182,14
4x53,4x50,0.23840909,1049
1x54,1x58,0.73227273,3222
4x65,4x62,0.00318182,14
23x49,23x49,0.09090909,400
1x29,1x33,0.88863636,3910
1x29,1x32,0.62250000,2739
5x44,5x461,0.06000000,264
7x36,7x32,0.69295455,3049
3x55,3x51,0.99954545,4398
6x42,6x38,0.93681818,4122
L183:F181:L226:L190,5x40,0.00295455,13
8x47,7x56,0.02681818,118
2x62,23x50,0.00136364,6
1x49,1x45,0.99818182,4392
1x49,1x46,0.07977273,351
7x46,7x42,0.87681818,3858
7x41,7x37,0.62863636,2766
4x61,4x62,0.00181818,8
7x41,7x38,0.58772727,2586
1x49,1x48,0.00431818,19
4x61,4x64,0.56022727,2465
5x50,5x51,0.00159091,7
45x50,G176:G174:G219:N183,0.00250000,11
4x51,4x55,0.98363636,4328
34x57,34x53,0.87818182,3864
34x57,34x56,0.09113636,401
R171:R169:R214:R178,V173:V171:V216:V180,0.00704545,31
G176:G174:G219:N183,G176:G174:G219:N183,0.00113636,5
7x47,7x48,0.01477273,65
4x47,4x51,0.96727273,4256
1x40,1x44,0.99409091,4374
7x47,7x42,0.09113636,401
4x47,4x50,0.20431818,899
K392:A414:D518:Q427,6x59,0.00159091,7
3x36,3x40,0.91227273,4014
45x50,45x50,0.00181818,8
5x56,5x57,0.00113636,5
4x67,4x64,0.46227273,2034
5x56,5x55,0.00295455,13
5x56,5x52,0.93727273,4124
6x54,6x51,0.41318182,1818
6x54,6x50,0.96159091,4231
1x31,G21:Y18:T64:N25,0.32909091,1448
5x46,5x43,0.25886364,1139
5x46,5x42,0.89431818,3935
5x46,5x45,0.00204545,9
5x56,5x59,0.39386364,1733
1x31,1x29,0.00068182,3
45x50,A175:D173:P218:D182,0.00272727,12
4x49,4x53,0.82250000,3619
2x64,2x61,0.24340909,1071
2x64,2x60,0.95909091,4220
V395:I417:I521:I430,7x31,0.26204545,1153
2x64,2x65,0.01659091,73
5x36,L183:F181:L226:L190,0.01977273,87
2x64,2x66,0.00295455,13
2x50,2x53,0.30568182,1345
2x50,2x51,0.00931818,41
Q181:Q179:Q224:Q188,L183:F181:L226:L190,0.00840909,37
3x31,3x27,0.90181818,3968
G21:Y18:T64:N25,G21:Y18:T64:N25,0.01250000,55
6x61,D393:P415:S519:S428,0.14681818,646
3x31,3x29,0.00045455,2
3x31,3x28,0.39250000,1727
7x39,7x42,0.75818182,3336
5x49,5x48,0.00181818,8
3x39,3x40,0.00068182,3
12x50,12x48,0.37795455,1663
1x36,1x39,0.18295455,805
5x59,5x58,0.00340909,15
1x36,1x33,0.22909091,1008
1x36,1x32,0.97840909,4305
8x58,C435:C457:L560:C470,0.01272727,56
1x36,1x37,0.00409091,18
1x36,1x35,0.00272727,12
1x60,12x50,0.00954545,42
Q177:E175:E220:Q184,A175:D173:P218:D182,0.05704545,251
2x40,2x38,0.99136364,4362
5x45,5x48,0.03045455,134
5x45,5x49,0.99613636,4383
1x47,1x44,0.34818182,1532
6x30,6x28,0.00159091,7
5x45,5x41,0.97272727,4280
7x40,7x39,0.00727273,32
V173:V171:V216:V180,V173:V171:V216:V180,0.00363636,16
4x45,4x44,0.00431818,19
8x58,8x54,0.96363636,4240
5x48,5x51,0.09750000,429
D393:P415:S519:S428,6x57,0.00704545,31
2x53,2x551,0.03181818,140
6x46,6x49,0.43681818,1922
K392:A414:D518:Q427,6x61,0.00545455,24
K392:A414:D518:Q427,6x60,0.00068182,3
7x48,7x51,0.81386364,3581
3x37,3x41,0.96522727,4247
3x37,3x40,0.27818182,1224
6x61,6x60,0.04795455,211
6x61,6x61,0.01386364,61
4x65,E170:V168:K213:K177,0.10045455,442
2x40,2x41,0.09227273,406
2x40,2x43,0.44818182,1972
2x40,2x44,0.99363636,4372
4x50,4x51,0.00295455,13
G21:Y18:T64:N25,1x29,0.00886364,39
6x58,6x60,0.00250000,11
7x39,7x38,0.00909091,40
1x48,1x45,0.08613636,379
7x34,7x38,0.97681818,4298
1x55,1x59,0.92954545,4090
8x50,8x53,0.30568182,1345
5x63,5x65,0.07113636,313
5x63,5x62,0.00590909,26
7x37,7x34,0.39272727,1728
G176:G174:G219:N183,L174:E172:P217:P181,0.03727273,164
6x42,6x47,0.00022727,1
6x42,6x44,0.00204545,9
3x35,3x38,0.20704545,911
8x58,8x55,0.30090909,1324
4x52,4x55,0.23022727,1013
4x52,4x56,0.96931818,4265
4x52,4x51,0.00113636,5
7x52,7x50,0.00022727,1
4x52,4x53,0.00681818,30
2x48,2x52,0.86181818,3792
2x48,2x51,0.32363636,1424
K392:A414:D518:Q427,D393:P415:S519:S428,0.01681818,74
7x43,7x40,0.71772727,3158
7x43,7x47,0.85340909,3755
7x37,7x40,0.51204545,2253
4x48,4x51,0.18636364,820
7x50,7x51,0.02181818,96
3x35,3x32,0.08704545,383
7x50,7x53,0.04954545,218
3x48,3x47,0.00295455,13
7x54,7x53,0.05545455,244
3x48,3x45,0.28977273,1275
5x42,5x39,0.25090909,1104
4x64,4x66,0.00295455,13
Q181:Q179:Q224:Q188,45x51,0.02295455,101
4x58,4x62,0.50000000,2200
1x38,1x42,0.96090909,4228
2x49,2x46,0.56272727,2476
7x43,7x48,0.88863636,3910
8x49,8x53,0.90954545,4002
2x49,2x45,0.91227273,4014
5x44,5x47,0.91386364,4021
2x49,2x48,0.00295455,13
D393:P415:S519:S428,D393:P415:S519:S428,0.04272727,188
5x44,5x43,0.00363636,16
5x44,5x41,0.42886364,1887
5x44,5x40,0.97477273,4289
5x36,5x39,0.44204545,1945
5x36,5x38,0.01090909,48
2x57,2x56,0.00068182,3
7x41,7x46,0.00727273,32
6x45,6x46,0.00113636,5
6x45,6x47,0.00022727,1
6x45,6x44,0.00295455,13
3x36,3x33,0.15409091,678
3x24,23x52,0.00295455,13
7x41,7x40,0.01772727,78
1x60,1x60,0.00068182,3
6x45,6x48,0.34681818,1526
6x45,6x49,0.90795455,3995
5x53,5x54,0.00022727,1
5x53,5x56,0.47045455,2070
7x41,7x43,0.00136364,6
5x53,5x50,0.35840909,1577
5x53,5x52,0.00113636,5
7x32,7x34,0.00068182,3
1x38,1x39,0.00454545,20
3x24,3x27,0.09818182,432
45x50,Q177:E175:E220:Q184,0.00409091,18
8x51,8x54,0.17568182,773
8x51,8x55,0.84818182,3732
8x51,8x50,0.01568182,69
2x61,2x63,0.00022727,1
8x51,8x52,0.00340909,15
1x48,1x44,0.99250000,4367
5x64,5x66,0.57704545,2539
1x35,1x34,0.00181818,8
5x64,5x63,0.01977273,87
4x58,4x56,0.00068182,3
5x64,5x61,0.01022727,45
23x50,23x50,0.02386364,105
1x31,1x32,0.00795455,35
1x31,1x30,0.01727273,76
6x43,6x38,0.00772727,34
1x35,1x38,0.18227273,802
1x35,1x39,0.99227273,4366
2x43,2x42,0.00886364,39
2x43,2x44,0.00431818,19
3x24,3x21,0.30318182,1334
2x43,2x46,0.25204545,1109
G176:G174:G219:N183,23x52,0.00090909,4
2x52,2x551,0.99636364,4384
6x51,6x55,0.96954545,4266
23x49,2x66,0.01613636,71
5x42,5x41,0.00750000,33
4x69,T172:T170:T215:T179,0.02159091,95
5x42,5x43,0.01500000,66
6x48,6x51,0.17363636,764
K392:A414:D518:Q427,C394:C416:C520:C429,0.00022727,1
4x60,4x56,0.01727273,76
4x60,4x57,0.23136364,1018
6x37,6x36,0.00068182,3
6x37,6x38,0.00272727,12
2x52,2x55,0.16636364,732
2x52,2x56,0.13795455,607
2x52,2x51,0.00295455,13
1x50,1x48,0.00022727,1
4x49,4x48,0.00295455,13
7x49,7x53,0.99045455,4358
7x49,7x52,0.33772727,1486
7x49,7x51,0.00272727,12
4x49,4x45,0.97545455,4292
7x56,7x53,0.00068182,3
3x56,34x51,0.00113636,5
6x33,6x37,1.00000000,4400
E170:V168:K213:K177,T172:T170:T215:T179,0.01500000,66
6x33,6x34,0.00159091,7
8x50,8x54,0.99863636,4394
4x62,4x59,0.07681818,338
4x69,4x66,0.09977273,439
4x69,4x67,0.00681818,30
4x69,4x64,0.48704545,2143
12x49,12x51,0.01295455,57
12x49,12x50,0.16568182,729
4x69,4x68,0.05477273,241
K392:A414:D518:Q427,6x57,0.01659091,73
5x38,5x40,0.00340909,15
4x62,4x57,0.11340909,499
4x46,4x45,0.00227273,10
7x56,7x55,0.12136364,534
5x46,5x461,0.00522727,23
2x47,2x51,0.99931818,4397
2x47,2x50,0.21545455,948
2x59,2x56,0.20272727,892
4x61,4x59,0.00068182,3
4x61,4x57,0.95636364,4208
6x32,6x36,1.00000000,4400
4x69,E170:V168:K213:K177,0.03659091,161
6x61,C394:C416:C520:C429,0.00136364,6
6x58,D393:P415:S519:S428,0.00204545,9
2x61,2x62,0.00500000,22
6x39,6x41,0.00045455,2
8x54,8x53,0.00181818,8
6x39,6x40,0.00250000,11
2x60,2x56,0.99727273,4388
4x65,4x61,0.00204545,9
8x57,C435:C457:L560:C470,0.00227273,10
8x49,8x52,0.29636364,1304
3x32,3x33,0.00204545,9
3x32,3x31,0.00409091,18
3x32,3x36,0.91272727,4016
6x44,6x47,0.10250000,451
1x47,1x51,0.98659091,4341
1x57,1x59,0.00272727,12
1x57,1x53,0.95227273,4190
1x57,1x55,0.00204545,9
1x57,1x56,0.01045455,46
T172:T170:T215:T179,T172:T170:T215:T179,0.00204545,9
23x52,A175:D173:P218:D182,0.00454545,20
1x51,1x54,0.39090909,1720
1x51,1x55,0.99886364,4395
1x51,1x52,0.00227273,10
3x27,3x28,0.00295455,13
R171:R169:R214:R178,R171:R169:R214:R178,0.00159091,7
4x63,4x64,0.10318182,454
4x63,4x66,0.67750000,2981
4x63,4x67,0.77477273,3409
4x63,4x68,0.00022727,1
4x54,4x55,0.00363636,16
3x52,3x55,0.06090909,268
3x52,3x53,0.03590909,158
3x52,3x51,0.00136364,6
3x49,3x53,0.90931818,4001
3x49,3x52,0.16977273,747
6x60,6x59,0.00704545,31
6x60,6x57,0.31704545,1395
6x44,6x48,0.54181818,2384
5x59,5x62,0.35159091,1547
6x47,6x48,0.00840909,37
6x47,6x49,0.00113636,5
7x36,7x40,0.84386364,3713
8x52,8x53,0.01386364,61
3x43,3x39,0.99659091,4385
5x61,5x62,0.00250000,11
5x61,5x63,0.00022727,1
3x25,3x28,0.40204545,1769
3x25,3x29,0.97659091,4297
1x56,1x59,0.16022727,705
6x58,6x61,0.01068182,47
4x54,4x57,0.40318182,1774
Q177:E175:E220:Q184,G176:G174:G219:N183,0.07886364,347
1x56,1x55,0.00772727,34
3x25,3x23,0.00022727,1
4x54,4x53,0.00386364,17
4x54,4x51,0.44590909,1962
4x54,4x50,0.97068182,4271
5x53,5x57,0.98090909,4316
6x61,6x59,0.00250000,11
E170:V168:K213:K177,E170:V168:K213:K177,0.02681818,118
6x53,6x49,0.98772727,4346
6x61,6x56,0.00068182,3
4x60,4x61,0.02386364,105
12x51,2x38,0.05909091,260
6x41,6x38,0.13113636,577
4x60,4x64,0.16045455,706
5x39,5x38,0.02159091,95
12x51,2x37,0.01340909,59
7x45,7x48,0.74409091,3274
7x45,7x49,0.97840909,4305
G21:Y18:T64:N25,1x32,0.34090909,1500
G21:Y18:T64:N25,1x30,0.01000000,44
7x45,7x40,0.17250000,759
7x45,7x41,0.62704545,2759
7x45,7x42,0.00386364,17
7x45,7x43,0.07250000,319
7x45,7x46,0.00750000,33
7x45,7x47,0.00090909,4
12x50,12x51,0.08159091,359
2x66,23x50,0.00250000,11
1x54,1x53,0.00250000,11
1x54,1x55,0.00159091,7
1x54,1x57,0.40681818,1790
12x51,12x48,0.00090909,4
8x50,8x49,0.01522727,67
2x65,2x62,0.29954545,1318
2x65,2x63,0.00068182,3
2x65,2x60,0.20204545,889
2x65,2x61,0.55568182,2445
2x65,2x66,0.02227273,98
L183:F181:L226:L190,S184:S182:S227:S191,0.10136364,446
4x42,4x38,0.99840909,4393
4x42,4x39,0.25704545,1131
4x52,4x48,0.99204545,4365
7x46,7x47,0.02022727,89
2x59,2x60,0.00159091,7
2x59,2x63,0.98704545,4343
2x59,2x62,0.37568182,1653
6x41,6x42,0.00840909,37
3x48,3x51,0.34954545,1538
3x48,3x52,0.99954545,4398
3x44,3x48,0.96181818,4232
3x44,3x47,0.46818182,2060
3x44,3x45,0.00204545,9
3x44,3x41,0.37136364,1634
3x44,3x40,0.97863636,4306
3x26,3x29,0.12022727,529
E170:V168:K213:K177,4x68,0.09090909,400
7x43,7x42,0.03522727,155
F182:F180:F225:F189,S184:S182:S227:S191,0.22159091,975
2x44,2x45,0.00363636,16
3x26,3x23,0.16090909,708
2x44,2x41,0.30590909,1346
6x40,6x36,0.94727273,4168
3x26,3x27,0.00250000,11
23x51,23x49,0.04545455,200
6x41,6x44,0.37113636,1633
3x24,3x28,0.97068182,4271
3x29,3x33,0.98636364,4340
3x24,3x25,0.00795455,35
3x24,3x23,0.00954545,42
2x50,2x46,0.97409091,4286
R436:H458:C561:Q471,C435:C457:L560:C470,0.13500000,594
G176:G174:G219:N183,23x50,0.57931818,2549
2x57,2x61,0.98681818,4342
2x57,2x60,0.17931818,789
6x33,6x36,0.23909091,1052
34x54,34x57,0.00068182,3
7x56,7x51,0.48977273,2155
23x51,3x21,0.02681818,118
6x33,6x32,0.00863636,38
5x45,5x47,0.01545455,68
6x33,6x30,0.34227273,1506
5x63,5x59,0.99000000,4356
6x52,6x55,0.37568182,1653
6x52,6x56,0.94295455,4149
6x52,6x51,0.00386364,17
6x52,6x53,0.00386364,17
3x42,3x45,0.33590909,1478
3x31,3x34,0.17818182,784
6x31,6x32,0.00590909,26
3x50,3x51,0.00227273,10
3x50,3x53,0.76886364,3383
3x42,3x46,0.99454545,4376
3x50,3x54,1.00000000,4400
8x48,8x52,0.33181818,1460
7x35,7x32,0.10613636,467
1x48,1x52,0.98909091,4352
4x63,4x59,0.35363636,1556
8x48,8x50,0.00045455,2
4x48,4x44,0.99863636,4394
1x32,1x33,0.00636364,28
4x40,4x39,0.00113636,5
