Res1,Res2,Freq,NumFrames,,TotalFrames:,10700
2x53,2x56,0.00009346,1
5x61,5x58,0.00214953,23
4x44,2x41,0.00037383,4
2x53,3x31,0.00009346,1
12x48,6x30,0.07242991,775
12x48,6x31,0.04467290,478
12x48,6x32,0.00607477,65
2x39,2x38,0.08252336,883
2x39,2x39,0.27710280,2965
2x39,2x40,0.50364486,5389
2x39,5x58,0.00112150,12
45x52,L183:F181:L226:L190,0.29728972,3181
6x28,8x49,0.08990654,962
12x49,12x49,0.59560748,6373
1x34,1x29,0.00373832,40
2x66,1x30,0.00046729,5
F182:F180:F225:F189,7x34,0.00018692,2
K392:A414:D518:Q427,S184:S182:S227:S191,0.00242991,26
7x56,1x56,0.00009346,1
45x51,6x55,0.00158879,17
L183:F181:L226:L190,45x51,0.06242991,668
3x26,4x69,0.00149533,16
1x52,1x56,0.00065421,7
4x61,L183:F181:L226:L190,0.00037383,4
45x52,5x40,0.01056075,113
2x56,2x56,0.00429907,46
2x58,2x551,0.00009346,1
L174:E172:P217:P181,23x49,0.01299065,139
7x54,6x30,0.00009346,1
45x50,7x42,0.03299065,353
7x54,6x32,0.01224299,131
7x54,6x35,0.00560748,60
7x56,8x51,0.12906542,1381
3x32,3x28,0.05411215,579
3x32,3x29,0.02233645,239
A175:D173:P218:D182,23x49,0.19037383,2037
45x51,7x38,0.01934579,207
2x42,2x45,0.00018692,2
2x42,2x41,0.00158879,17
7x31,6x51,0.00121495,13
3x49,3x45,0.00841121,90
3x49,3x46,0.00551402,59
12x49,6x26,0.00158879,17
3x49,3x49,0.19710280,2109
7x49,3x40,0.00299065,32
7x49,2x46,0.20897196,2236
6x27,6x34,0.00915888,98
7x49,2x43,0.08158879,873
5x67,5x59,0.00074766,8
7x49,2x40,0.00009346,1
2x39,34x50,0.00018692,2
2x39,34x53,0.06981308,747
4x61,45x51,0.30233645,3235
5x62,6x28,0.00158879,17
6x58,6x59,0.56953271,6094
6x58,6x58,0.65607477,7020
34x56,4x39,0.00878505,94
34x56,4x38,0.16411215,1756
34x56,34x54,0.10224299,1094
6x58,6x51,0.10906542,1167
6x58,6x57,0.00018692,2
6x58,6x55,0.05841121,625
6x58,6x54,0.00196262,21
G176:G174:G219:N183,45x51,0.00205607,22
45x50,3x33,0.02766355,296
34x56,34x50,0.00009346,1
4x42,2x41,0.00121495,13
7x34,45x51,0.05831776,624
1x30,2x65,0.00981308,105
12x50,7x53,0.00009346,1
23x52,23x52,0.01841121,197
5x41,S184:S182:S227:S191,0.00009346,1
6x32,8x51,0.03869159,414
6x32,8x52,0.00925234,99
5x68,5x58,0.04738318,507
F182:F180:F225:F189,F182:F180:F225:F189,0.07168224,767
L174:E172:P217:P181,S184:S182:S227:S191,0.00532710,57
2x39,2x37,0.19700935,2108
4x39,34x55,0.00289720,31
1x50,1x50,0.00831776,89
6x34,3x54,0.00299065,32
6x35,7x55,0.07775701,832
2x39,2x41,0.11457944,1226
6x29,34x51,0.01719626,184
Q181:Q179:Q224:Q188,S184:S182:S227:S191,0.36635514,3920
4x65,V173:V171:V216:V180,0.03233645,346
3x42,2x50,0.00018692,2
R171:R169:R214:R178,4x68,0.05616822,601
R171:R169:R214:R178,4x69,0.18644860,1995
6x40,6x44,0.00018692,2
6x40,6x47,0.00018692,2
L174:E172:P217:P181,Q177:E175:E220:Q184,0.83700935,8956
R171:R169:R214:R178,4x62,0.05962617,638
6x40,6x48,0.00046729,5
R171:R169:R214:R178,4x61,0.18523364,1982
R171:R169:R214:R178,4x66,0.00757009,81
R171:R169:R214:R178,4x64,0.03046729,326
R171:R169:R214:R178,4x65,0.34869159,3731
5x40,45x51,0.05252336,562
6x34,5x58,0.01046729,112
2x39,3x45,0.00046729,5
1x39,1x36,0.00168224,18
2x39,3x49,0.57317757,6133
G89:G87:N132:G96,23x50,0.00074766,8
7x46,3x35,0.00158879,17
3x53,6x31,0.05000000,535
3x53,6x30,0.01663551,178
3x53,6x32,0.00009346,1
3x29,3x28,0.00635514,68
6x27,7x53,0.00056075,6
7x32,1x32,0.00009346,1
5x36,C394:C416:C520:C429,0.00009346,1
45x52,S184:S182:S227:S191,0.13794393,1476
K392:A414:D518:Q427,Q181:Q179:Q224:Q188,0.00009346,1
1x39,1x39,0.00289720,31
5x38,6x58,0.01859813,199
3x32,7x46,0.00140187,15
3x50,2x40,0.02457944,263
5x38,6x59,0.05401869,578
3x32,7x42,0.24570093,2629
6x26,8x49,0.03943925,422
1x52,8x53,0.00177570,19
1x46,1x46,0.00018692,2
12x50,2x41,0.00523364,56
6x27,8x53,0.00046729,5
5x38,6x55,0.00018692,2
4x67,4x68,0.16233645,1737
4x67,4x64,0.00046729,5
3x29,3x29,0.00009346,1
4x67,4x67,0.07682243,822
7x34,7x34,0.21093458,2257
7x34,7x38,0.06803738,728
Q177:E175:E220:Q184,Q177:E175:E220:Q184,0.95654206,10235
Q181:Q179:Q224:Q188,Q177:E175:E220:Q184,0.06542056,700
5x36,5x43,0.00018692,2
5x36,5x40,0.05373832,575
5x36,5x41,0.03579439,383
1x60,12x49,0.28308411,3029
1x39,2x57,0.01841121,197
1x39,2x53,0.00009346,1
3x49,34x53,0.08981308,961
3x49,34x56,0.00074766,8
1x39,2x58,0.01102804,118
3x49,34x54,0.00074766,8
5x41,6x55,0.00186916,20
6x38,3x47,0.00093458,10
7x31,D393:P415:S519:S428,0.13074766,1399
5x41,6x59,0.02476636,265
5x63,6x26,0.00046729,5
5x63,6x25,0.00289720,31
6x58,C394:C416:C520:C429,0.11084112,1186
8x56,1x59,0.06859813,734
5x65,5x65,0.29532710,3160
5x63,6x29,0.00093458,10
5x65,5x67,0.30794393,3295
12x48,6x27,0.01158879,124
12x48,6x26,0.00121495,13
12x48,6x25,0.02644860,283
3x42,4x46,0.00009346,1
12x48,6x28,0.11532710,1234
4x42,4x43,0.01009346,108
3x36,2x56,0.00046729,5
4x42,4x41,0.00542056,58
12x51,5x67,0.00009346,1
L174:E172:P217:P181,4x69,0.00074766,8
L174:E172:P217:P181,4x68,0.00009346,1
4x42,4x44,0.00009346,1
12x51,8x52,0.00018692,2
12x51,5x69,0.00009346,1
6x30,2x38,0.02766355,296
3x46,6x34,0.00056075,6
3x46,6x33,0.00028037,3
5x62,5x55,0.00093458,10
2x66,1x29,0.00102804,11
7x51,7x47,0.00037383,4
7x51,7x46,0.00009346,1
3x26,E170:V168:K213:K177,0.00149533,16
8x52,1x59,0.00757009,81
34x55,34x55,0.17401869,1862
5x37,5x38,0.16794393,1797
5x37,5x39,0.00401869,43
5x37,5x36,0.24514019,2623
5x37,5x37,0.08084112,865
45x51,6x51,0.06850467,733
1x60,2x40,0.20504673,2194
1x60,2x41,0.00158879,17
5x66,5x65,0.34457944,3687
45x50,G89:G87:N132:G96,0.00158879,17
5x66,5x62,0.13289720,1422
1x50,7x53,0.35046729,3750
5x66,5x67,0.29766355,3185
1x50,7x50,0.00523364,56
45x50,6x51,0.00018692,2
3x39,3x39,0.23018692,2463
45x50,2x63,0.18457944,1975
45x50,2x60,0.27364486,2928
45x50,7x34,0.02728972,292
45x50,7x35,0.01775701,190
L174:E172:P217:P181,23x50,0.00336449,36
L174:E172:P217:P181,23x51,0.00009346,1
L174:E172:P217:P181,23x52,0.00271028,29
34x50,34x52,0.00028037,3
45x50,7x38,0.35579439,3807
3x42,4x50,0.00009346,1
A175:D173:P218:D182,23x52,0.01570093,168
A175:D173:P218:D182,23x50,0.19934579,2133
A175:D173:P218:D182,23x51,0.01523364,163
6x32,1x56,0.00056075,6
5x61,3x55,0.00065421,7
5x61,3x54,0.00056075,6
23x52,3x23,0.06448598,690
23x52,3x22,0.00046729,5
4x46,2x45,0.00009346,1
7x31,45x52,0.00373832,40
7x31,45x51,0.04626168,495
7x31,45x50,0.01000000,107
8x47,12x50,0.03588785,384
2x62,2x63,0.00028037,3
2x62,2x62,0.00074766,8
2x62,2x64,0.00009346,1
F182:F180:F225:F189,5x40,0.06514019,697
G176:G174:G219:N183,G89:G87:N132:G96,0.24542056,2626
7x49,3x36,0.01953271,209
1x46,7x47,0.00196262,21
6x27,1x56,0.00093458,10
6x27,1x59,0.00018692,2
34x57,12x49,0.02018692,216
34x57,12x48,0.00140187,15
7x49,3x39,0.51429907,5503
6x30,3x56,0.00009346,1
6x30,3x54,0.00037383,4
4x39,2x37,0.10579439,1132
4x66,E170:V168:K213:K177,0.00411215,44
4x39,2x38,0.03448598,369
45x50,3x29,0.00009346,1
3x32,45x51,0.00018692,2
3x32,45x52,0.00448598,48
4x38,4x39,0.21841121,2337
4x38,4x38,0.20373832,2180
45x50,3x25,0.00018692,2
6x54,7x34,0.00214953,23
4x64,4x68,0.01635514,175
4x64,4x64,0.10168224,1088
L183:F181:L226:L190,3x33,0.15411215,1649
6x32,8x49,0.08252336,883
7x41,7x46,0.33074766,3539
1x44,1x43,0.00009346,1
7x41,7x41,0.08224299,880
7x41,7x42,0.02728972,292
6x28,2x37,0.00121495,13
12x48,2x41,0.04523364,484
12x48,2x40,0.10214953,1093
6x27,6x28,0.16495327,1765
3x26,45x51,0.47065421,5036
3x26,45x50,0.00065421,7
7x49,2x50,0.66990654,7168
6x25,8x53,0.00336449,36
1x57,2x41,0.00869159,93
12x48,34x54,0.00009346,1
12x48,34x56,0.00028037,3
6x27,6x27,0.14345794,1535
L183:F181:L226:L190,V173:V171:V216:V180,0.00009346,1
34x54,4x39,0.00457944,49
34x54,4x38,0.00299065,32
3x42,2x46,0.00056075,6
1x60,8x56,0.08364486,895
3x42,2x42,0.00018692,2
3x32,2x52,0.00130841,14
3x32,2x53,0.00018692,2
3x32,2x56,0.01691589,181
4x40,2x37,0.00009346,1
6x61,7x34,0.00897196,96
12x50,34x56,0.00009346,1
12x50,34x55,0.00130841,14
12x50,34x54,0.00523364,56
F182:F180:F225:F189,E170:V168:K213:K177,0.00018692,2
34x50,6x28,0.07028037,752
5x54,6x34,0.00018692,2
34x50,6x26,0.01626168,174
5x62,5x59,0.03934579,421
34x50,6x25,0.01542056,165
G89:G87:N132:G96,23x49,0.00794393,85
R171:R169:R214:R178,V173:V171:V216:V180,0.73850467,7902
3x53,6x26,0.00663551,71
3x53,6x27,0.00962617,103
3x53,6x25,0.00112150,12
3x53,6x28,0.07906542,846
6x26,8x53,0.01392523,149
L174:E172:P217:P181,3x21,0.00214953,23
L174:E172:P217:P181,3x22,0.00158879,17
4x69,4x67,0.04205607,450
3x39,7x42,0.00093458,10
4x66,4x68,0.06009346,643
3x39,7x46,0.25102804,2686
3x32,3x25,0.00018692,2
45x50,45x52,0.29532710,3160
45x50,45x51,0.00457944,49
45x50,45x50,0.07925234,848
3x22,T172:T170:T215:T179,0.00009346,1
6x27,8x49,0.07775701,832
4x69,4x68,0.13542056,1449
45x50,23x50,0.00084112,9
5x37,S184:S182:S227:S191,0.21233645,2272
2x64,2x63,0.13233645,1416
2x64,2x65,0.21009346,2248
2x64,2x64,0.11915888,1275
3x46,2x38,0.00196262,21
Q181:Q179:Q224:Q188,L183:F181:L226:L190,0.17233645,1844
4x65,F182:F180:F225:F189,0.01850467,198
6x61,D393:P415:S519:S428,0.00028037,3
45x51,V173:V171:V216:V180,0.02168224,232
12x49,2x37,0.14439252,1545
2x49,6x48,0.00009346,1
12x49,2x38,0.00514019,55
S184:S182:S227:S191,5x39,0.00121495,13
6x32,7x53,0.07467290,799
2x64,7x38,0.00037383,4
1x35,1x29,0.00065421,7
1x60,12x51,0.04738318,507
1x60,12x50,0.16906542,1809
3x39,6x48,0.18504673,1980
5x63,6x30,0.00018692,2
F182:F180:F225:F189,V173:V171:V216:V180,0.00028037,3
5x69,12x50,0.00037383,4
1x33,1x33,0.00177570,19
3x21,V173:V171:V216:V180,0.00056075,6
6x30,5x58,0.10766355,1152
2x50,3x40,0.00018692,2
7x37,6x51,0.00018692,2
3x50,5x68,0.01766355,189
3x50,5x69,0.00971963,104
3x50,5x66,0.00523364,56
3x50,5x67,0.02392523,256
3x50,5x65,0.05962617,638
3x50,5x62,0.00028037,3
4x65,E170:V168:K213:K177,0.08411215,900
3x50,5x61,0.00644860,69
2x40,2x41,0.12028037,1287
2x40,2x40,0.39018692,4175
2x40,2x43,0.00056075,6
2x40,2x42,0.00308411,33
8x50,8x53,0.00140187,15
6x25,1x59,0.00915888,98
6x25,1x56,0.01345794,144
6x25,1x55,0.00009346,1
1x50,7x48,0.00009346,1
1x50,7x49,0.15504673,1659
2x62,23x49,0.00242991,26
12x48,4x40,0.00018692,2
1x50,7x45,0.00037383,4
1x50,7x46,0.00009346,1
3x49,2x38,0.05532710,592
2x40,12x50,0.16018692,1714
3x49,2x37,0.21289720,2278
6x48,7x42,0.02962617,317
45x50,F182:F180:F225:F189,0.00084112,9
1x58,2x41,0.03981308,426
6x34,2x38,0.00084112,9
Q181:Q179:Q224:Q188,45x52,0.21672897,2319
Q181:Q179:Q224:Q188,45x51,0.50962617,5453
7x35,6x51,0.01261682,135
2x58,7x39,0.30289720,3241
4x42,2x37,0.00168224,18
8x49,8x53,0.06448598,690
G176:G174:G219:N183,23x49,0.07831776,838
7x34,3x33,0.03401869,364
12x49,6x28,0.02355140,252
3x36,3x36,0.06149533,658
3x36,3x35,0.00271028,29
7x53,7x53,0.03439252,368
3x36,3x33,0.00009346,1
12x49,6x25,0.00065421,7
3x36,3x39,0.19177570,2052
12x49,6x27,0.00149533,16
34x57,12x50,0.00401869,43
34x57,12x51,0.17635514,1887
7x49,6x36,0.01560748,167
12x50,6x27,0.00009346,1
7x39,2x65,0.00046729,5
G176:G174:G219:N183,2x63,0.04467290,478
1x39,7x39,0.33168224,3549
7x39,2x60,0.00457944,49
5x68,5x59,0.00130841,14
6x29,34x55,0.00084112,9
6x29,34x54,0.00990654,106
6x29,34x52,0.00018692,2
2x57,7x39,0.01028037,110
6x29,34x50,0.04177570,447
1x50,3x39,0.00009346,1
4x60,3x26,0.06448598,690
23x50,23x50,0.04897196,524
1x31,1x32,0.14943925,1599
1x31,1x33,0.07112150,761
1x31,1x30,0.29242991,3129
1x31,1x31,0.88065421,9423
6x55,6x55,0.00009346,1
1x31,1x34,0.01691589,181
1x31,1x35,0.00186916,20
12x49,34x55,0.00056075,6
12x49,34x54,0.00177570,19
12x49,34x56,0.00074766,8
A175:D173:P218:D182,2x63,0.00280374,30
6x30,6x33,0.03439252,368
6x30,6x32,0.51009346,5458
6x30,6x31,0.37373832,3999
6x30,6x30,0.74121495,7931
6x30,6x36,0.03738318,400
6x30,6x34,0.13841121,1481
8x52,1x56,0.00009346,1
6x30,6x38,0.00028037,3
12x50,2x37,0.20943925,2241
E170:V168:K213:K177,V173:V171:V216:V180,0.08831776,945
C394:C416:C520:C429,6x54,0.00009346,1
6x25,8x49,0.01158879,124
5x64,6x34,0.00065421,7
5x64,6x31,0.00925234,99
5x64,6x30,0.00046729,5
4x62,4x54,0.00037383,4
5x37,L183:F181:L226:L190,0.01336449,143
4x50,3x35,0.00009346,1
5x69,34x54,0.00009346,1
5x69,34x52,0.00102804,11
5x69,34x50,0.00289720,31
5x69,34x51,0.00205607,22
6x27,6x33,0.00299065,32
7x56,6x27,0.00009346,1
2x47,2x50,0.02570093,275
3x32,2x60,0.00093458,10
Q181:Q179:Q224:Q188,5x40,0.00308411,33
Q181:Q179:Q224:Q188,5x43,0.00009346,1
4x69,E170:V168:K213:K177,0.06317757,676
6x61,C394:C416:C520:C429,0.00457944,49
5x461,5x461,0.00130841,14
6x58,D393:P415:S519:S428,0.02093458,224
1x40,2x61,0.00065421,7
2x39,34x54,0.04990654,534
4x62,4x62,0.02252336,241
2x43,1x53,0.00028037,3
12x50,2x38,0.04551402,487
5x38,5x40,0.04261682,456
2x40,3x49,0.00074766,8
3x39,7x53,0.01925234,206
3x28,7x38,0.12224299,1308
2x50,7x46,0.47785047,5113
2x50,7x42,0.02598131,278
2x50,7x41,0.29906542,3200
3x56,6x31,0.00074766,8
2x50,7x48,0.00009346,1
4x67,E170:V168:K213:K177,0.00457944,49
5x61,6x27,0.00037383,4
2x39,4x38,0.07971963,853
3x55,3x55,0.21037383,2251
4x63,4x64,0.00028037,3
2x43,7x53,0.00672897,72
12x49,2x41,0.00915888,98
5x43,5x39,0.00009346,1
45x50,L183:F181:L226:L190,0.00009346,1
F182:F180:F225:F189,L183:F181:L226:L190,0.09420561,1008
5x461,3x41,0.00046729,5
2x45,4x50,0.00009346,1
6x29,8x51,0.00065421,7
7x45,2x46,0.09299065,995
6x29,8x53,0.00084112,9
6x29,8x52,0.00588785,63
L183:F181:L226:L190,7x38,0.00392523,42
8x52,8x59,0.00383178,41
Q181:Q179:Q224:Q188,Q181:Q179:Q224:Q188,0.61878505,6621
8x52,8x55,0.16158879,1729
8x52,8x54,0.00018692,2
L183:F181:L226:L190,7x34,0.02392523,256
8x52,8x52,0.41495327,4440
5x61,5x65,0.02252336,241
5x61,5x66,0.01242991,133
5x61,5x67,0.01112150,119
5x61,5x61,0.00831776,89
5x61,5x62,0.02261682,242
5x61,5x69,0.00271028,29
6x25,7x53,0.00224299,24
4x54,4x57,0.00065421,7
S184:S182:S227:S191,T172:T170:T215:T179,0.20785047,2224
12x49,7x53,0.01018692,109
6x59,7x34,0.01196262,128
4x38,34x55,0.02177570,233
4x38,34x53,0.20635514,2208
4x61,T172:T170:T215:T179,0.00803738,86
8x47,8x53,0.00644860,69
8x47,8x52,0.01588785,170
8x47,8x51,0.03747664,401
8x47,8x50,0.00242991,26
3x28,3x28,0.00065421,7
4x60,4x61,0.25803738,2761
4x60,4x60,0.00214953,23
4x60,4x63,0.00009346,1
4x60,4x62,0.00065421,7
4x60,4x65,0.02065421,221
4x60,4x64,0.00523364,56
7x31,C394:C416:C520:C429,0.06485981,694
3x50,5x58,0.00626168,67
R171:R169:R214:R178,23x50,0.00271028,29
R171:R169:R214:R178,23x52,0.00308411,33
8x49,1x55,0.00009346,1
8x49,1x59,0.00934579,100
6x29,6x35,0.02953271,316
6x29,6x34,0.22878505,2448
6x29,6x36,0.00009346,1
6x29,6x31,0.46037383,4926
6x29,6x30,0.39943925,4274
6x29,6x33,0.00056075,6
6x29,6x32,0.06682243,715
7x47,7x39,0.00084112,9
8x50,8x49,0.00224299,24
12x48,4x39,0.00962617,103
L183:F181:L226:L190,S184:S182:S227:S191,0.23560748,2521
T172:T170:T215:T179,T172:T170:T215:T179,0.52056075,5570
3x49,6x34,0.00028037,3
3x49,6x30,0.00719626,77
2x40,12x49,0.21420561,2292
5x68,3x51,0.00214953,23
S184:S182:S227:S191,4x68,0.00018692,2
5x68,3x53,0.00560748,60
5x68,3x54,0.02775701,297
5x68,3x55,0.01588785,170
5x68,3x56,0.00233645,25
4x61,4x63,0.00018692,2
S184:S182:S227:S191,4x64,0.08887850,951
6x38,5x58,0.00084112,9
6x39,5x68,0.00018692,2
6x38,5x54,0.00028037,3
2x42,2x37,0.00056075,6
23x51,23x49,0.14532710,1555
5x48,6x53,0.00009346,1
23x51,3x22,0.00009346,1
8x49,8x49,0.26971963,2886
G176:G174:G219:N183,23x50,0.35439252,3792
G176:G174:G219:N183,23x51,0.01093458,117
G176:G174:G219:N183,23x52,0.03429907,367
C394:C416:C520:C429,V395:I417:I521:I430,0.15915888,1703
12x49,1x56,0.00046729,5
12x49,1x57,0.04719626,505
Q177:E175:E220:Q184,S184:S182:S227:S191,0.00168224,18
12x49,6x36,0.00056075,6
12x49,6x33,0.00551402,59
12x49,6x32,0.03925234,420
1x46,7x42,0.00439252,47
7x31,Q181:Q179:Q224:Q188,0.00943925,101
F182:F180:F225:F189,4x64,0.03121495,334
3x55,3x54,0.14280374,1528
3x50,3x50,0.34532710,3695
3x50,3x53,0.21971963,2351
2x39,4x39,0.00196262,21
3x50,3x54,0.00738318,79
2x43,7x50,0.00074766,8
5x63,5x59,0.09775701,1046
3x55,3x51,0.28915888,3094
1x32,1x33,0.04177570,447
23x50,23x49,0.13186916,1411
6x38,6x34,0.00065421,7
6x51,7x42,0.00485981,52
7x41,3x39,0.03943925,422
3x47,3x47,0.00747664,80
6x30,6x25,0.01252336,134
6x30,6x26,0.02635514,282
6x30,6x27,0.03056075,327
12x50,4x39,0.00018692,2
7x36,7x35,0.00009346,1
6x30,6x28,0.49000000,5243
4x60,4x59,0.00009346,1
Q177:E175:E220:Q184,3x22,0.01971963,211
Q177:E175:E220:Q184,3x21,0.01654206,177
7x56,6x25,0.00009346,1
6x57,V395:I417:I521:I430,0.00018692,2
R171:R169:R214:R178,G176:G174:G219:N183,0.26336449,2818
5x66,3x54,0.07850467,840
5x66,3x55,0.01439252,154
5x66,3x51,0.00140187,15
5x68,5x69,0.27551402,2948
3x22,23x50,0.00121495,13
12x48,1x60,0.30196262,3231
12x49,8x49,0.24439252,2615
5x68,5x62,0.11280374,1207
5x68,5x61,0.00859813,92
5x68,5x60,0.00514019,55
5x68,5x67,0.47336449,5065
5x68,5x66,0.36186916,3872
5x68,5x65,0.20532710,2197
5x64,6x26,0.06018692,644
5x64,6x27,0.01822430,195
6x59,45x51,0.01102804,118
6x59,6x59,0.13046729,1396
4x62,4x68,0.00018692,2
6x59,6x55,0.01056075,113
4x62,4x64,0.00570093,61
6x58,F182:F180:F225:F189,0.00084112,9
6x59,6x51,0.00037383,4
5x64,6x28,0.06766355,724
5x64,6x29,0.07009346,750
7x31,7x38,0.02214953,237
6x40,7x53,0.00046729,5
7x31,7x35,0.30205607,3232
7x31,7x32,0.27598131,2953
7x31,7x33,0.00102804,11
7x31,7x30,0.02719626,291
2x47,2x43,0.00121495,13
K392:A414:D518:Q427,5x36,0.00065421,7
8x48,8x47,0.26439252,2829
45x52,F182:F180:F225:F189,0.06467290,692
Q181:Q179:Q224:Q188,V173:V171:V216:V180,0.02392523,256
8x48,8x49,0.30897196,3306
8x48,8x48,0.12074766,1292
6x29,8x50,0.00009346,1
G89:G87:N132:G96,2x66,0.14813084,1585
G89:G87:N132:G96,2x65,0.00859813,92
G89:G87:N132:G96,2x64,0.02785047,298
G89:G87:N132:G96,2x63,0.30785047,3294
G89:G87:N132:G96,2x62,0.00018692,2
G89:G87:N132:G96,2x60,0.00046729,5
1x34,1x34,0.00560748,60
4x55,4x57,0.00009346,1
5x36,Q181:Q179:Q224:Q188,0.14093458,1508
1x34,1x32,0.02504673,268
Q177:E175:E220:Q184,2x66,0.00046729,5
3x50,6x29,0.09682243,1036
3x50,6x28,0.05570093,596
2x61,7x39,0.07495327,802
7x54,8x47,0.00831776,89
8x49,7x53,0.02570093,275
Q177:E175:E220:Q184,2x63,0.68037383,7280
6x32,34x54,0.00009346,1
3x50,6x25,0.00018692,2
7x54,8x48,0.04635514,496
A175:D173:P218:D182,Q177:E175:E220:Q184,0.59700935,6388
L183:F181:L226:L190,L183:F181:L226:L190,0.20953271,2242
2x50,7x50,0.00514019,55
2x50,7x53,0.37635514,4027
4x56,4x57,0.00028037,3
K392:A414:D518:Q427,V395:I417:I521:I430,0.46710280,4998
G89:G87:N132:G96,7x35,0.00037383,4
6x58,5x41,0.01252336,134
6x58,5x40,0.45177570,4834
2x63,23x49,0.00738318,79
4x38,2x37,0.02364486,253
4x38,2x38,0.00186916,20
3x22,4x64,0.00018692,2
8x52,8x53,0.05448598,583
7x54,7x55,0.17971963,1923
7x54,7x54,0.00654206,70
7x54,7x56,0.05897196,631
3x22,4x68,0.00009346,1
8x48,6x27,0.00065421,7
4x43,4x44,0.00308411,33
4x43,4x40,0.00570093,61
4x43,4x41,0.00046729,5
4x43,4x43,0.00252336,27
6x29,8x49,0.10420561,1115
6x29,8x47,0.05934579,635
7x45,2x50,0.77757009,8320
6x43,6x40,0.00018692,2
2x37,2x38,0.13355140,1429
8x52,8x49,0.24224299,2592
2x37,2x37,0.32850467,3515
5x41,5x39,0.00803738,86
34x54,6x26,0.00495327,53
34x54,2x38,0.02981308,319
34x54,6x25,0.00261682,28
34x54,2x37,0.09897196,1059
3x49,12x51,0.00598131,64
3x28,3x33,0.00009346,1
R171:R169:R214:R178,L174:E172:P217:P181,0.42327103,4529
R171:R169:R214:R178,23x49,0.00009346,1
45x50,Q181:Q179:Q224:Q188,0.00168224,18
4x56,5x43,0.00028037,3
A175:D173:P218:D182,G89:G87:N132:G96,0.09028037,966
6x29,6x26,0.10551402,1129
6x29,6x27,0.41439252,4434
34x52,34x53,0.05196262,556
34x52,34x52,0.19990654,2139
34x52,34x55,0.06962617,745
1x60,8x50,0.00467290,50
1x60,8x53,0.18457944,1975
1x60,8x52,0.08719626,933
3x56,6x25,0.00009346,1
3x50,2x38,0.03934579,421
3x56,6x26,0.00009346,1
1x39,2x61,0.35476636,3796
6x29,6x28,0.50308411,5383
6x29,6x29,0.77943925,8340
8x52,6x26,0.00149533,16
8x52,6x27,0.00859813,92
8x52,6x25,0.00121495,13
8x52,6x28,0.00205607,22
5x66,5x58,0.01056075,113
5x66,5x59,0.01598131,171
5x63,5x55,0.00028037,3
R171:R169:R214:R178,4x63,0.00037383,4
4x43,2x41,0.00588785,63
12x51,4x38,0.00859813,92
8x47,8x49,0.39467290,4223
3x26,V173:V171:V216:V180,0.07355140,787
45x52,V173:V171:V216:V180,0.00112150,12
7x53,1x53,0.00196262,21
3x21,23x50,0.10299065,1102
3x21,23x51,0.11112150,1189
23x51,V173:V171:V216:V180,0.00009346,1
8x47,8x47,0.28130841,3010
12x49,1x58,0.04392523,470
3x23,3x24,0.01943925,208
23x51,23x51,0.05672897,607
3x23,3x23,0.01065421,114
6x29,12x48,0.10046729,1075
6x29,12x49,0.07560748,809
2x66,2x65,0.19607477,2098
2x66,2x64,0.05878505,629
2x66,2x62,0.00074766,8
1x40,1x43,0.00102804,11
1x40,1x40,0.00009346,1
4x65,4x66,0.04691589,502
4x65,4x67,0.01093458,117
4x65,4x64,0.04887850,523
4x65,4x65,0.33897196,3627
4x65,4x62,0.10794393,1155
4x65,4x63,0.00009346,1
4x65,4x61,0.24149533,2584
L174:E172:P217:P181,G89:G87:N132:G96,0.00607477,65
4x65,4x68,0.04242991,454
4x65,4x69,0.17644860,1888
3x29,7x38,0.02289720,245
6x39,6x35,0.00682243,73
6x39,6x36,0.00028037,3
3x50,3x46,0.00411215,44
3x50,3x47,0.00018692,2
3x50,3x45,0.00018692,2
45x52,6x51,0.06102804,653
3x50,3x49,0.12429907,1330
6x39,6x38,0.00065421,7
6x39,6x39,0.00018692,2
4x42,3x49,0.01626168,174
2x39,3x46,0.01000000,107
2x46,7x53,0.04411215,472
6x35,5x69,0.04327103,463
6x35,5x66,0.01757009,188
6x35,5x67,0.06411215,686
8x48,7x55,0.12065421,1291
6x35,5x65,0.04355140,466
6x35,5x62,0.05439252,582
6x35,5x61,0.00102804,11
6x28,5x58,0.00018692,2
3x52,34x52,0.00074766,8
3x52,34x53,0.00018692,2
5x40,5x48,0.01112150,119
5x40,5x43,0.01981308,212
5x40,5x40,0.10794393,1155
6x40,7x48,0.00009346,1
8x53,8x53,0.06971963,746
8x48,8x55,0.03112150,333
8x48,8x52,0.02355140,252
8x48,8x53,0.00130841,14
8x48,8x50,0.00009346,1
8x48,8x51,0.09121495,976
3x28,7x42,0.04822430,516
4x60,F182:F180:F225:F189,0.01495327,160
R171:R169:R214:R178,T172:T170:T215:T179,0.26196262,2803
7x31,S184:S182:S227:S191,0.00065421,7
3x25,45x51,0.02504673,268
1x60,1x56,0.15953271,1707
1x60,1x57,0.16429907,1758
1x60,1x52,0.00018692,2
1x60,1x53,0.00084112,9
7x54,8x50,0.00009346,1
7x54,8x51,0.16785047,1796
7x54,8x52,0.00028037,3
7x54,8x55,0.00009346,1
1x60,1x58,0.16112150,1724
1x60,1x59,0.18654206,1996
7x31,7x34,0.26046729,2787
3x45,34x53,0.00654206,70
34x56,34x55,0.24495327,2621
Q181:Q179:Q224:Q188,T172:T170:T215:T179,0.53093458,5681
34x56,34x56,0.52476636,5615
23x52,23x51,0.01588785,170
23x52,23x50,0.02906542,311
34x56,34x53,0.15252336,1632
34x56,34x52,0.10551402,1129
7x37,7x38,0.00009346,1
V395:I417:I521:I430,V395:I417:I521:I430,0.25831776,2764
3x41,3x40,0.00009346,1
5x62,5x67,0.14364486,1537
7x37,7x37,0.00018692,2
2x50,3x36,0.29411215,3147
2x50,3x35,0.00794393,85
3x43,3x47,0.00046729,5
2x50,3x39,0.81542056,8725
3x53,6x34,0.01514019,162
12x51,34x56,0.00747664,80
12x51,34x54,0.12542056,1342
12x51,34x55,0.08074766,864
12x51,34x50,0.00158879,17
7x33,7x33,0.00009346,1
S184:S182:S227:S191,5x43,0.00065421,7
2x46,2x46,0.00514019,55
2x46,2x45,0.00065421,7
S184:S182:S227:S191,5x40,0.20317757,2174
5x46,4x57,0.00018692,2
6x28,1x56,0.04018692,430
2x37,6x33,0.01084112,116
7x35,45x51,0.01242991,133
2x64,23x49,0.00093458,10
8x51,8x49,0.00018692,2
K392:A414:D518:Q427,45x51,0.00102804,11
7x31,V395:I417:I521:I430,0.52588785,5627
5x37,7x34,0.00056075,6
2x64,1x32,0.00242991,26
7x31,7x31,0.66560748,7122
5x64,5x59,0.00056075,6
5x66,6x32,0.00514019,55
5x66,6x31,0.03644860,390
5x66,6x34,0.00289720,31
4x68,4x68,0.15000000,1605
3x46,5x58,0.00028037,3
1x58,1x59,0.19196262,2054
3x32,7x41,0.07299065,781
1x57,7x53,0.00308411,33
23x50,V173:V171:V216:V180,0.00056075,6
3x33,45x51,0.05214953,558
7x51,7x54,0.00018692,2
R171:R169:R214:R178,3x26,0.31906542,3414
R171:R169:R214:R178,3x25,0.00757009,81
R171:R169:R214:R178,3x23,0.00401869,43
R171:R169:R214:R178,3x22,0.03000000,321
R171:R169:R214:R178,3x21,0.00299065,32
1x60,8x49,0.19224299,2057
6x51,7x38,0.21803738,2333
8x58,1x41,0.00046729,5
L183:F181:L226:L190,5x41,0.00747664,80
L183:F181:L226:L190,5x40,0.28233645,3021
L183:F181:L226:L190,5x43,0.02943925,315
3x26,F182:F180:F225:F189,0.15102804,1616
5x65,6x28,0.13093458,1401
1x56,6x36,0.00205607,22
12x49,8x53,0.00766355,82
2x46,3x35,0.00579439,62
1x56,7x53,0.04588785,491
2x46,3x36,0.00186916,20
2x46,3x39,0.17093458,1829
3x21,23x49,0.08897196,952
2x56,7x42,0.00177570,19
6x28,34x55,0.00028037,3
34x57,34x50,0.01065421,114
34x57,34x52,0.00149533,16
34x57,34x53,0.18028037,1929
34x57,34x54,0.56710280,6068
34x57,34x55,0.33635514,3599
34x57,34x56,0.38747664,4146
34x57,34x57,0.64158879,6865
7x56,6x28,0.02158879,231
34x51,6x31,0.00009346,1
6x29,12x51,0.00336449,36
6x29,12x50,0.00074766,8
3x50,6x27,0.00495327,53
G176:G174:G219:N183,3x21,0.23308411,2494
G176:G174:G219:N183,3x22,0.00130841,14
6x29,2x40,0.00037383,4
3x36,3x40,0.00158879,17
6x54,6x55,0.00009346,1
34x57,4x40,0.01579439,169
6x54,6x51,0.00158879,17
4x67,4x66,0.17728972,1897
6x27,5x65,0.02803738,300
6x27,5x67,0.01467290,157
6x30,12x49,0.04887850,523
6x27,5x62,0.00009346,1
7x31,G176:G174:G219:N183,0.00018692,2
8x56,8x51,0.00467290,50
8x56,8x53,0.13691589,1465
8x56,8x52,0.32140187,3439
8x56,8x55,0.25065421,2682
8x56,8x54,0.00018692,2
8x56,8x57,0.07018692,751
8x56,8x56,0.52252336,5591
8x56,8x59,0.20766355,2222
8x56,8x58,0.03196262,342
4x64,E170:V168:K213:K177,0.23280374,2491
3x31,3x28,0.00046729,5
8x50,6x36,0.00018692,2
6x28,1x59,0.00700935,75
7x31,G89:G87:N132:G96,0.01990654,213
6x35,5x58,0.11401869,1220
5x37,45x51,0.00028037,3
2x53,1x43,0.00009346,1
6x28,6x28,0.44607477,4773
1x50,2x43,0.12943925,1385
S184:S182:S227:S191,V173:V171:V216:V180,0.00074766,8
1x50,2x46,0.01906542,204
6x26,7x53,0.02588785,277
1x60,7x53,0.08355140,894
1x60,7x56,0.00056075,6
F182:F180:F225:F189,45x51,0.12747664,1364
7x51,8x51,0.00214953,23
5x67,34x52,0.00093458,10
45x51,2x60,0.01813084,194
45x51,2x63,0.01906542,204
Q181:Q179:Q224:Q188,G176:G174:G219:N183,0.00084112,9
1x56,8x49,0.06691589,716
7x34,6x55,0.00560748,60
1x55,1x59,0.00009346,1
7x34,6x51,0.23196262,2482
2x46,7x46,0.06467290,692
5x36,6x58,0.02439252,261
5x36,6x59,0.04252336,455
8x57,8x55,0.00158879,17
5x36,6x51,0.00028037,3
S184:S182:S227:S191,7x34,0.00747664,80
S184:S182:S227:S191,7x38,0.00037383,4
A175:D173:P218:D182,G176:G174:G219:N183,0.57728972,6177
23x52,23x49,0.00401869,43
R171:R169:R214:R178,45x51,0.22598131,2418
R171:R169:R214:R178,45x50,0.00028037,3
6x48,3x35,0.00009346,1
L174:E172:P217:P181,L174:E172:P217:P181,0.97598131,10443
7x37,7x42,0.00009346,1
5x64,3x54,0.31271028,3346
5x64,3x55,0.03542056,379
4x61,V173:V171:V216:V180,0.00224299,24
5x64,3x50,0.00084112,9
5x64,3x51,0.00186916,20
5x64,3x53,0.00289720,31
2x44,2x37,0.00009346,1
7x31,2x64,0.04850467,519
7x31,2x63,0.09990654,1069
7x31,2x60,0.20289720,2171
3x30,4x57,0.00009346,1
3x30,4x54,0.00074766,8
D393:P415:S519:S428,D393:P415:S519:S428,0.11476636,1228
6x31,5x62,0.00915888,98
5x36,5x39,0.01439252,154
6x31,5x67,0.08841121,946
6x31,5x65,0.25598131,2739
5x36,5x36,0.30850467,3301
5x43,5x43,0.00028037,3
45x52,T172:T170:T215:T179,0.12317757,1318
1x60,1x60,0.35336449,3781
1x39,2x54,0.00056075,6
12x48,8x52,0.00149533,16
12x48,8x53,0.00598131,64
7x55,6x36,0.00084112,9
12x48,8x56,0.00981308,105
Q177:E175:E220:Q184,7x35,0.00401869,43
Q177:E175:E220:Q184,7x34,0.01000000,107
8x51,8x59,0.00009346,1
8x51,8x54,0.00056075,6
8x51,8x55,0.06700935,717
6x29,5x58,0.00037383,4
Q177:E175:E220:Q184,7x38,0.00084112,9
8x51,8x52,0.07242991,775
8x51,8x53,0.00009346,1
5x64,5x67,0.07570093,810
5x64,5x66,0.22766355,2436
5x64,5x65,0.11579439,1239
5x64,5x64,0.12738318,1363
5x69,6x25,0.01186916,127
5x64,5x62,0.04102804,439
5x64,5x61,0.01990654,213
5x69,6x26,0.02177570,233
5x69,6x28,0.06794393,727
45x50,G176:G174:G219:N183,0.00280374,30
5x64,5x69,0.01971963,211
5x64,5x68,0.03738318,400
3x37,4x57,0.00448598,48
2x39,6x33,0.03719626,398
5x66,6x28,0.11532710,1234
2x63,2x63,0.20037383,2144
2x39,6x34,0.01299065,139
5x66,6x26,0.06401869,685
5x66,6x27,0.03317757,355
V395:I417:I521:I430,6x54,0.00093458,10
23x49,2x65,0.00130841,14
K392:A414:D518:Q427,L183:F181:L226:L190,0.00018692,2
2x57,1x43,0.00289720,31
2x39,6x36,0.09056075,969
2x39,6x37,0.00028037,3
4x60,4x55,0.00121495,13
4x60,4x56,0.00186916,20
4x60,4x57,0.00009346,1
3x31,2x56,0.00224299,24
2x57,2x64,0.00149533,16
7x45,3x40,0.00560748,60
6x37,6x34,0.00149533,16
6x37,6x38,0.00018692,2
6x29,3x54,0.08233645,881
6x29,3x55,0.02663551,285
Q177:E175:E220:Q184,V173:V171:V216:V180,0.15747664,1685
4x42,34x56,0.00018692,2
6x29,3x53,0.04448598,476
7x49,7x53,0.15598131,1669
7x49,7x52,0.00383178,41
7x49,7x50,0.00084112,9
6x58,S184:S182:S227:S191,0.21822430,2335
3x36,7x42,0.01383178,148
6x28,7x53,0.04196262,449
K392:A414:D518:Q427,6x59,0.27196262,2910
K392:A414:D518:Q427,6x54,0.00009346,1
K392:A414:D518:Q427,6x57,0.00018692,2
3x26,G176:G174:G219:N183,0.00009346,1
5x63,5x62,0.16859813,1804
L183:F181:L226:L190,5x39,0.01186916,127
2x39,7x53,0.08102804,867
6x26,1x56,0.15981308,1710
5x65,6x34,0.42308411,4527
6x59,5x48,0.00009346,1
6x31,3x54,0.01186916,127
Q181:Q179:Q224:Q188,6x51,0.00065421,7
5x63,5x61,0.00700935,75
6x26,1x59,0.00177570,19
R171:R169:R214:R178,A175:D173:P218:D182,0.64140187,6863
L183:F181:L226:L190,T172:T170:T215:T179,0.04514019,483
7x56,6x32,0.15158879,1622
34x51,6x28,0.00317757,34
7x56,6x30,0.16252336,1739
7x56,6x31,0.00401869,43
7x56,6x36,0.08205607,878
7x56,6x34,0.00009346,1
34x51,6x25,0.00906542,97
12x51,6x34,0.00205607,22
34x51,6x27,0.00028037,3
34x51,6x26,0.00224299,24
5x38,5x39,0.02598131,278
3x50,6x31,0.19635514,2101
3x50,6x32,0.01934579,207
3x50,6x33,0.10822430,1158
3x50,6x34,0.29186916,3123
3x50,6x35,0.02037383,218
3x50,6x36,0.00028037,3
3x50,6x37,0.00028037,3
8x56,1x56,0.00018692,2
6x56,5x40,0.00009346,1
A175:D173:P218:D182,45x52,0.00028037,3
A175:D173:P218:D182,45x51,0.01308411,140
4x44,4x39,0.00420561,45
6x31,34x54,0.00672897,72
6x31,34x55,0.00018692,2
4x39,2x41,0.18046729,1931
6x31,34x50,0.02766355,296
8x56,12x49,0.00532710,57
6x31,34x53,0.00009346,1
3x49,4x41,0.00308411,33
6x30,12x50,0.00252336,27
1x57,1x54,0.00009346,1
6x61,S184:S182:S227:S191,0.00009346,1
1x57,1x56,0.00364486,39
1x57,1x57,0.03280374,351
34x51,5x66,0.00018692,2
34x51,5x67,0.00112150,12
12x48,7x53,0.00158879,17
6x37,5x54,0.00130841,14
8x56,8x49,0.01299065,139
6x37,5x58,0.00093458,10
6x58,7x30,0.02448598,262
3x53,3x53,0.01364486,146
6x58,7x34,0.31149533,3333
6x58,7x38,0.00140187,15
1x59,1x59,0.14897196,1594
6x28,6x36,0.01299065,139
6x28,6x34,0.11271028,1206
6x28,6x33,0.01205607,129
34x53,34x55,0.02037383,218
1x57,2x38,0.00130841,14
1x56,1x59,0.00084112,9
12x48,1x58,0.30383178,3251
12x48,1x57,0.07542056,807
1x56,1x56,0.03869159,414
12x48,1x55,0.00028037,3
6x28,3x54,0.07766355,831
1x56,1x53,0.00102804,11
3x21,3x24,0.00299065,32
8x50,6x28,0.00084112,9
3x21,3x21,0.02579439,276
3x21,3x22,0.00046729,5
3x21,3x23,0.00570093,61
8x50,6x25,0.00018692,2
8x50,6x26,0.00392523,42
8x50,6x27,0.00009346,1
6x30,2x37,0.16990654,1818
34x55,2x38,0.00037383,4
4x42,4x42,0.00579439,62
23x49,V173:V171:V216:V180,0.00018692,2
6x44,3x39,0.00682243,73
12x51,2x38,0.17102804,1830
4x42,4x40,0.00121495,13
5x39,5x39,0.00018692,2
12x51,2x37,0.31495327,3370
6x57,6x60,0.00018692,2
5x38,L183:F181:L226:L190,0.01401869,150
7x37,6x47,0.00018692,2
1x56,8x53,0.04149533,444
3x25,4x61,0.00831776,89
3x25,4x65,0.00009346,1
1x54,1x54,0.00018692,2
12x51,12x49,0.31000000,3317
34x51,3x56,0.02672897,286
34x51,3x55,0.05158879,552
6x28,8x53,0.00317757,34
12x48,12x50,0.08355140,894
2x65,2x65,0.11850467,1268
3x32,45x50,0.02663551,285
12x51,1x59,0.04046729,433
12x51,1x58,0.15747664,1685
1x57,6x28,0.00037383,4
12x51,1x57,0.05411215,579
12x51,1x56,0.00803738,86
2x50,6x40,0.00299065,32
2x50,6x44,0.00037383,4
2x50,6x48,0.48224299,5160
1x57,12x50,0.15682243,1678
7x39,7x39,0.00990654,106
8x48,1x60,0.00747664,80
1x32,1x32,0.03299065,353
3x49,7x53,0.00009346,1
7x31,L183:F181:L226:L190,0.00037383,4
6x33,6x33,0.02579439,276
6x31,5x58,0.01093458,117
2x56,7x38,0.00411215,44
5x461,3x36,0.00411215,44
5x461,3x37,0.03186916,341
6x60,S184:S182:S227:S191,0.00149533,16
5x461,3x33,0.00046729,5
12x48,8x49,0.00682243,73
12x48,8x47,0.00616822,66
Q177:E175:E220:Q184,2x60,0.00560748,60
6x29,5x66,0.11560748,1237
6x29,5x65,0.24084112,2577
6x29,5x62,0.00186916,20
6x29,5x61,0.00205607,22
T172:T170:T215:T179,45x51,0.31074766,3325
6x29,5x69,0.07757009,830
5x69,6x32,0.02803738,300
5x69,6x33,0.01327103,142
5x69,6x31,0.03373832,361
2x39,12x50,0.01392523,149
2x39,12x51,0.12635514,1352
5x69,6x34,0.03336449,357
23x51,23x50,0.15579439,1667
4x60,T172:T170:T215:T179,0.00028037,3
4x61,3x23,0.00065421,7
4x61,3x22,0.00252336,27
6x25,3x54,0.01570093,168
1x52,6x28,0.00009346,1
2x47,1x50,0.02626168,281
45x52,7x42,0.00102804,11
3x30,4x58,0.00028037,3
6x37,2x38,0.00009346,1
6x35,6x28,0.11962617,1280
6x35,6x27,0.00056075,6
6x35,6x26,0.00093458,10
6x35,6x25,0.00018692,2
2x39,2x42,0.00794393,85
6x34,7x53,0.00037383,4
7x52,6x36,0.00570093,61
7x52,6x32,0.00102804,11
7x49,7x48,0.00037383,4
7x49,7x49,0.30084112,3219
7x49,7x46,0.17317757,1853
7x49,7x41,0.06074766,650
7x49,7x42,0.00495327,53
5x55,5x59,0.00009346,1
3x39,4x50,0.00009346,1
6x29,2x38,0.00018692,2
2x56,3x28,0.00233645,25
3x32,6x48,0.00551402,59
8x57,1x59,0.00028037,3
3x33,7x38,0.32803738,3510
3x49,2x42,0.00046729,5
3x49,2x41,0.00074766,8
S184:S182:S227:S191,3x33,0.00514019,55
Q177:E175:E220:Q184,G89:G87:N132:G96,0.65196262,6976
3x42,3x35,0.00897196,96
3x42,3x39,0.00971963,104
12x49,4x39,0.00205607,22
12x51,8x53,0.00009346,1
12x51,8x50,0.00018692,2
7x55,7x55,0.14457944,1547
7x55,7x53,0.00009346,1
12x49,6x31,0.13588785,1454
3x33,2x60,0.00102804,11
2x40,6x28,0.00467290,50
34x50,3x54,0.00158879,17
2x64,45x51,0.01214953,130
5x69,5x59,0.00242991,26
5x69,5x58,0.00925234,99
2x64,7x39,0.02869159,307
5x68,34x52,0.00112150,12
5x68,34x51,0.00168224,18
5x68,34x50,0.00373832,40
5x68,34x54,0.00009346,1
2x64,7x34,0.00046729,5
12x51,7x53,0.02532710,271
6x33,2x38,0.00794393,85
4x65,S184:S182:S227:S191,0.00009346,1
4x42,2x38,0.00018692,2
4x42,2x39,0.00196262,21
2x40,7x56,0.00439252,47
3x46,3x47,0.00009346,1
4x42,2x42,0.00028037,3
K392:A414:D518:Q427,K392:A414:D518:Q427,0.19570093,2094
2x39,1x57,0.00009346,1
5x461,4x57,0.00411215,44
Q181:Q179:Q224:Q188,3x33,0.00186916,20
C394:C416:C520:C429,D393:P415:S519:S428,0.08345794,893
7x49,6x40,0.17429907,1865
7x49,6x47,0.00037383,4
7x49,6x44,0.02887850,309
7x49,6x48,0.18514019,1981
5x60,5x59,0.00429907,46
5x60,5x53,0.00009346,1
5x37,6x60,0.00093458,10
4x41,4x39,0.00831776,89
4x41,4x38,0.01635514,175
6x58,45x52,0.00186916,20
6x58,45x51,0.09878505,1057
2x58,2x62,0.00065421,7
2x58,2x61,0.33158879,3548
7x35,7x34,0.07093458,759
Q177:E175:E220:Q184,2x64,0.00299065,32
3x56,3x51,0.17523364,1875
5x66,5x66,0.51093458,5467
3x56,3x56,0.28261682,3024
3x56,3x55,0.31775701,3400
3x56,3x54,0.00065421,7
8x48,6x29,0.02719626,291
8x48,6x28,0.04504673,482
8x48,6x25,0.00065421,7
3x54,3x54,0.08457944,905
2x66,23x49,0.04803738,514
8x48,6x26,0.00093458,10
45x50,2x64,0.00009346,1
7x53,3x40,0.00009346,1
12x51,12x50,0.18635514,1994
12x51,12x51,0.52074766,5572
V395:I417:I521:I430,S184:S182:S227:S191,0.00009346,1
5x64,6x25,0.03757009,402
3x26,T172:T170:T215:T179,0.19000000,2033
3x50,2x39,0.37635514,4027
3x50,2x37,0.16457944,1761
3x22,V173:V171:V216:V180,0.00112150,12
7x52,7x56,0.00037383,4
7x52,7x55,0.00018692,2
7x52,7x53,0.00242991,26
8x51,8x51,0.25588785,2738
8x57,8x53,0.00149533,16
8x57,8x57,0.01401869,150
4x62,4x66,0.00271028,29
Q181:Q179:Q224:Q188,F182:F180:F225:F189,0.38672897,4138
1x35,7x39,0.00289720,31
8x57,8x58,0.04626168,495
8x57,8x59,0.02289720,245
3x53,34x53,0.00037383,4
3x53,34x51,0.00009346,1
3x53,34x50,0.13467290,1441
3x53,34x54,0.00009346,1
4x62,4x63,0.00009346,1
Q177:E175:E220:Q184,45x52,0.00532710,57
Q177:E175:E220:Q184,45x51,0.32841121,3514
2x62,1x36,0.00018692,2
5x64,5x63,0.11644860,1246
2x39,4x41,0.00056075,6
1x58,1x55,0.00186916,20
1x58,1x54,0.00317757,34
2x45,2x45,0.00009346,1
5x69,6x27,0.01728972,185
2x45,2x41,0.00028037,3
1x35,2x60,0.00009346,1
1x35,2x61,0.00168224,18
5x64,5x60,0.04233645,453
1x35,2x64,0.00214953,23
1x58,1x58,0.35084112,3754
6x56,S184:S182:S227:S191,0.00009346,1
4x65,3x23,0.04074766,436
4x65,3x22,0.15775701,1688
2x39,12x49,0.07130841,763
4x65,3x27,0.00028037,3
5x69,2x37,0.00028037,3
2x47,2x46,0.00065421,7
5x36,4x64,0.06242991,668
34x57,3x49,0.22308411,2387
34x57,3x46,0.00130841,14
3x37,4x53,0.00112150,12
34x57,3x45,0.00028037,3
6x35,6x30,0.35102804,3756
6x35,6x31,0.11672897,1249
6x35,6x32,0.25364486,2714
6x35,6x33,0.06719626,719
6x35,6x34,0.09252336,990
6x35,6x35,0.37149533,3975
6x35,6x36,0.18364486,1965
6x35,6x37,0.00037383,4
6x35,6x38,0.00467290,50
3x56,34x52,0.24439252,2615
3x56,34x53,0.00728972,78
3x56,34x50,0.00084112,9
6x37,3x43,0.00028037,3
3x56,34x56,0.00859813,92
6x37,3x47,0.00261682,28
5x46,3x37,0.02532710,271
12x51,6x36,0.05598131,599
12x51,6x37,0.00009346,1
4x65,T172:T170:T215:T179,0.11186916,1197
12x51,6x32,0.05962617,638
12x51,6x33,0.06700935,717
12x51,6x30,0.00373832,40
12x51,6x31,0.17626168,1886
23x52,3x24,0.01233645,132
3x53,3x54,0.06822430,730
3x53,3x56,0.00074766,8
3x29,7x42,0.00906542,97
6x40,3x39,0.04327103,463
3x32,6x51,0.01000000,107
5x37,5x41,0.00018692,2
5x37,5x40,0.03813084,408
6x41,3x47,0.00018692,2
3x33,7x42,0.05280374,565
34x54,34x53,0.00037383,4
3x55,34x53,0.00009346,1
34x54,34x55,0.17672897,1891
34x54,34x54,0.15775701,1688
4x63,F182:F180:F225:F189,0.00009346,1
5x44,6x52,0.00009346,1
12x51,8x49,0.05682243,608
5x43,3x33,0.08009346,857
3x42,3x42,0.00028037,3
2x54,2x57,0.00009346,1
2x54,2x55,0.00018692,2
2x54,2x54,0.00009346,1
2x54,2x53,0.00009346,1
1x43,2x55,0.00009346,1
4x65,Q181:Q179:Q224:Q188,0.20654206,2210
2x40,6x30,0.07252336,776
2x40,6x31,0.05775701,618
2x40,6x32,0.04728972,506
2x40,6x33,0.01158879,124
2x40,6x34,0.00074766,8
2x40,6x36,0.16691589,1786
2x49,7x45,0.03009346,322
2x49,7x46,0.02570093,275
2x49,7x41,0.00336449,36
2x40,7x53,0.12336449,1320
2x49,7x42,0.00037383,4
6x56,6x59,0.00028037,3
2x49,7x49,0.01299065,139
6x32,2x37,0.00514019,55
7x35,7x35,0.13654206,1461
6x32,2x38,0.00056075,6
7x35,7x38,0.00261682,28
7x35,7x39,0.00794393,85
1x34,1x33,0.00710280,76
6x61,V395:I417:I521:I430,0.05392523,577
6x37,6x36,0.00093458,10
7x51,1x45,0.00065421,7
2x49,2x50,0.10000000,1070
12x50,6x36,0.00037383,4
1x60,2x37,0.06327103,677
1x60,2x39,0.00570093,61
1x60,2x38,0.00233645,25
6x31,8x49,0.00158879,17
3x55,34x52,0.03915888,419
F182:F180:F225:F189,5x39,0.00046729,5
5x66,6x25,0.04934579,528
6x27,3x54,0.01616822,173
6x27,3x55,0.00037383,4
3x53,5x69,0.01560748,167
5x60,3x51,0.29654206,3173
5x60,3x54,0.00551402,59
3x53,5x66,0.00345794,37
3x53,5x65,0.00429907,46
6x36,6x33,0.01719626,184
6x36,6x36,0.09626168,1030
6x29,3x56,0.00065421,7
3x53,5x67,0.00495327,53
4x58,4x62,0.00009346,1
5x60,3x55,0.08093458,866
5x66,34x50,0.00065421,7
L183:F181:L226:L190,6x51,0.07214953,772
5x66,34x52,0.00018692,2
5x60,3x56,0.00158879,17
L183:F181:L226:L190,6x55,0.00373832,40
12x50,8x49,0.00906542,97
5x62,5x65,0.19327103,2068
1x57,8x53,0.00028037,3
L183:F181:L226:L190,6x59,0.04644860,497
5x43,45x51,0.00009346,1
7x41,6x47,0.00009346,1
5x62,5x62,0.17757009,1900
6x48,6x48,0.03532710,378
5x60,5x61,0.00233645,25
5x60,5x60,0.35990654,3851
5x60,5x67,0.00579439,62
5x60,5x66,0.00532710,57
5x60,5x65,0.00766355,82
8x50,7x53,0.00196262,21
5x60,5x69,0.00084112,9
2x58,2x53,0.00028037,3
5x37,6x56,0.00009346,1
5x37,6x55,0.00355140,38
F182:F180:F225:F189,5x43,0.02953271,316
2x58,2x57,0.01626168,174
R171:R169:R214:R178,F182:F180:F225:F189,0.01121495,120
2x58,2x54,0.00112150,12
6x30,8x52,0.00327103,35
6x30,8x51,0.00121495,13
2x58,2x58,0.00738318,79
5x37,6x59,0.02448598,262
5x37,6x58,0.09336449,999
5x62,6x34,0.00355140,38
8x55,8x54,0.00299065,32
8x55,8x55,0.30598131,3274
8x55,8x59,0.11803738,1263
5x69,3x55,0.01009346,108
5x69,3x54,0.03467290,371
2x60,2x60,0.13457944,1440
2x60,2x63,0.17074766,1827
4x53,4x53,0.00018692,2
8x48,6x36,0.02299065,246
8x48,6x35,0.07289720,780
8x48,6x32,0.14897196,1594
8x48,6x33,0.00224299,24
8x48,6x30,0.17028037,1822
8x48,6x31,0.00056075,6
1x29,1x33,0.02037383,218
1x29,1x32,0.04981308,533
7x32,2x64,0.00177570,19
1x31,2x64,0.00887850,95
1x31,2x65,0.03495327,374
1x31,2x66,0.00065421,7
2x49,3x39,0.07196262,770
2x40,8x49,0.06869159,735
7x30,45x51,0.00009346,1
2x49,3x35,0.00018692,2
2x49,3x36,0.02775701,297
6x48,3x40,0.00149533,16
8x51,6x28,0.00009346,1
7x46,7x42,0.02214953,237
6x29,5x67,0.09682243,1036
7x46,7x47,0.00457944,49
7x46,7x46,0.14757009,1579
7x41,7x38,0.00112150,12
G89:G87:N132:G96,45x51,0.01065421,114
2x37,7x53,0.01981308,212
5x58,5x58,0.03514019,376
34x57,2x38,0.21392523,2289
34x57,2x39,0.55233645,5910
34x57,2x37,0.43579439,4663
7x30,7x30,0.00009346,1
K392:A414:D518:Q427,6x58,0.49336449,5279
4x56,4x56,0.00140187,15
6x30,5x61,0.01149533,123
12x51,4x40,0.00383178,41
7x42,2x60,0.00448598,48
1x31,1x29,0.45261682,4843
3x50,12x50,0.00158879,17
3x50,12x51,0.08084112,865
2x40,1x59,0.00046729,5
45x50,3x28,0.00112150,12
2x40,1x57,0.18728972,2004
2x40,1x56,0.01915888,205
2x40,1x54,0.00102804,11
2x40,1x53,0.00046729,5
2x57,2x60,0.00018692,2
3x45,2x38,0.00009346,1
2x50,2x50,0.87271028,9338
6x32,5x58,0.00009346,1
7x35,2x63,0.04130841,442
7x35,2x60,0.32177570,3443
7x35,2x61,0.00037383,4
7x35,2x64,0.17299065,1851
7x39,7x42,0.00046729,5
3x39,3x40,0.00280374,30
34x57,3x56,0.00046729,5
34x57,3x53,0.00355140,38
5x59,5x58,0.00028037,3
5x59,5x59,0.02336449,250
5x54,5x55,0.00009346,1
2x40,2x37,0.25224299,2699
8x53,1x59,0.03028037,324
5x46,5x461,0.00710280,76
8x53,1x55,0.00037383,4
2x41,2x41,0.08560748,916
2x40,2x38,0.02439252,261
7x49,3x35,0.00018692,2
12x51,6x27,0.00028037,3
12x51,6x26,0.00009346,1
6x30,7x53,0.05953271,637
12x51,6x28,0.00074766,8
8x58,8x55,0.08364486,895
6x30,7x55,0.00869159,93
7x41,6x48,0.23785047,2545
2x42,3x39,0.00046729,5
1x29,2x64,0.00056075,6
5x37,F182:F180:F225:F189,0.00009346,1
2x37,2x41,0.14420561,1543
8x54,1x56,0.00009346,1
K392:A414:D518:Q427,6x61,0.06149533,658
K392:A414:D518:Q427,6x60,0.24887850,2663
3x36,6x48,0.18626168,1993
4x43,2x38,0.00018692,2
6x61,6x60,0.00327103,35
6x61,6x61,0.00205607,22
7x53,2x38,0.01915888,205
1x60,6x36,0.01570093,168
1x60,6x31,0.02691589,288
1x60,6x30,0.09009346,964
1x60,6x33,0.00177570,19
1x60,6x32,0.06663551,713
5x54,3x47,0.02233645,239
8x51,7x53,0.00009346,1
8x54,8x53,0.00009346,1
4x49,3x37,0.00065421,7
8x57,1x41,0.00018692,2
6x30,1x59,0.00018692,2
6x30,1x56,0.00308411,33
R171:R169:R214:R178,Q181:Q179:Q224:Q188,0.14635514,1566
5x60,5x62,0.00037383,4
6x30,34x51,0.00009346,1
6x30,34x50,0.01514019,162
6x30,34x53,0.00205607,22
6x30,34x55,0.00009346,1
6x30,34x54,0.01672897,179
6x36,7x53,0.12616822,1350
4x60,Q181:Q179:Q224:Q188,0.34130841,3652
3x29,2x56,0.00009346,1
A175:D173:P218:D182,L174:E172:P217:P181,0.84392523,9030
2x49,2x46,0.03373832,361
5x44,5x48,0.00009346,1
5x37,K392:A414:D518:Q427,0.00028037,3
7x46,6x48,0.43252336,4628
2x57,2x57,0.00028037,3
3x56,5x67,0.00158879,17
8x50,1x56,0.00728972,78
5x38,S184:S182:S227:S191,0.00485981,52
C394:C416:C520:C429,7x30,0.00663551,71
C394:C416:C520:C429,7x34,0.06934579,742
A175:D173:P218:D182,T172:T170:T215:T179,0.09037383,967
2x58,2x55,0.00018692,2
7x56,6x33,0.00168224,18
7x32,7x33,0.00233645,25
7x32,7x32,0.10476636,1121
7x32,7x35,0.07607477,814
4x68,E170:V168:K213:K177,0.05224299,559
Q181:Q179:Q224:Q188,L174:E172:P217:P181,0.11850467,1268
6x25,6x27,0.00962617,103
1x42,1x46,0.00009346,1
4x58,4x57,0.00018692,2
4x58,4x54,0.00009346,1
45x52,45x51,0.04102804,439
7x46,1x46,0.00476636,51
45x52,45x52,0.14028037,1501
3x33,3x33,0.13084112,1400
6x51,6x55,0.00112150,12
6x51,6x51,0.14373832,1538
3x37,5x43,0.00037383,4
K392:A414:D518:Q427,C394:C416:C520:C429,0.12093458,1294
8x55,8x53,0.00037383,4
6x30,8x49,0.15009346,1606
1x39,7x47,0.00056075,6
34x50,5x67,0.00130841,14
3x50,6x30,0.07336449,785
5x38,5x38,0.02392523,256
5x36,E170:V168:K213:K177,0.00018692,2
7x42,7x42,0.05476636,586
5x69,3x56,0.00196262,21
8x47,2x40,0.28897196,3092
4x69,4x62,0.00009346,1
4x69,4x61,0.00009346,1
4x69,4x66,0.03514019,376
1x29,1x29,0.21205607,2269
4x69,4x64,0.02018692,216
4x60,L183:F181:L226:L190,0.00028037,3
7x34,2x60,0.21242991,2273
7x34,2x63,0.02598131,278
4x69,4x69,0.20710280,2216
1x58,4x39,0.00028037,3
2x40,8x50,0.00037383,4
5x36,7x34,0.00018692,2
2x40,8x53,0.00009346,1
5x69,3x51,0.00018692,2
1x39,1x43,0.00177570,19
1x39,1x42,0.00009346,1
1x39,1x40,0.00102804,11
1x39,1x46,0.00065421,7
6x32,6x34,0.01887850,202
6x32,6x36,0.18102804,1937
6x32,6x33,0.22158879,2371
6x32,6x32,0.45607477,4880
5x38,5x36,0.12682243,1357
12x50,6x26,0.00009346,1
8x47,1x60,0.15570093,1666
12x50,6x28,0.00214953,23
12x49,5x69,0.00028037,3
6x59,5x39,0.00813084,87
5x61,6x28,0.00327103,35
2x47,3x39,0.00009346,1
6x25,5x67,0.01084112,116
6x25,5x65,0.00289720,31
5x61,6x26,0.00009346,1
1x43,2x61,0.03551402,380
5x461,3x40,0.00009346,1
6x36,2x38,0.00607477,65
7x45,6x48,0.25317757,2709
7x45,6x47,0.00056075,6
6x36,2x37,0.02158879,231
7x45,6x44,0.01859813,199
4x55,4x54,0.00009346,1
4x55,4x55,0.00102804,11
4x55,4x56,0.00383178,41
7x45,6x40,0.13299065,1423
1x42,7x47,0.00018692,2
1x42,7x46,0.00046729,5
1x42,7x42,0.00056075,6
4x64,V173:V171:V216:V180,0.03775701,404
2x50,2x45,0.00028037,3
2x50,2x46,0.40990654,4386
7x53,6x33,0.00710280,76
2x50,2x43,0.16280374,1742
34x53,2x38,0.01009346,108
7x56,8x49,0.01448598,155
34x56,2x38,0.00046729,5
4x65,L174:E172:P217:P181,0.00009346,1
6x32,5x67,0.05560748,595
6x32,5x65,0.00682243,73
34x56,2x37,0.01299065,139
6x32,5x62,0.00009346,1
6x41,5x55,0.00018692,2
3x42,2x45,0.00046729,5
6x58,Q177:E175:E220:Q184,0.00046729,5
6x30,8x50,0.00028037,3
5x68,6x31,0.06616822,708
5x68,6x30,0.17682243,1892
5x68,6x33,0.00271028,29
5x68,6x32,0.09495327,1016
5x68,6x35,0.12364486,1323
5x68,6x34,0.02869159,307
7x32,45x51,0.00074766,8
Q177:E175:E220:Q184,G176:G174:G219:N183,0.50841121,5440
3x50,12x49,0.00289720,31
8x49,2x37,0.00168224,18
3x50,7x53,0.00037383,4
1x57,1x58,0.16700935,1787
6x61,6x59,0.01186916,127
1x57,1x59,0.00831776,89
6x61,6x54,0.00009346,1
L174:E172:P217:P181,V173:V171:V216:V180,0.31504673,3371
1x60,6x28,0.08532710,913
1x60,6x26,0.10383178,1111
1x60,6x27,0.00121495,13
1x60,6x25,0.01102804,118
5x40,7x34,0.01971963,211
6x25,3x55,0.00467290,50
34x54,6x27,0.00074766,8
5x40,7x38,0.00112150,12
5x68,7x55,0.00112150,12
5x68,7x56,0.00214953,23
7x41,3x36,0.23747664,2541
34x57,6x30,0.09654206,1033
34x57,6x31,0.00841121,90
34x57,6x34,0.00028037,3
4x42,4x38,0.03289720,352
4x42,4x39,0.01523364,163
5x69,5x69,0.21093458,2257
5x69,5x65,0.08084112,865
5x69,5x66,0.07242991,775
5x69,5x67,0.12271028,1313
5x69,5x62,0.05542056,593
L174:E172:P217:P181,G176:G174:G219:N183,0.29289720,3134
34x54,6x28,0.00542056,58
L174:E172:P217:P181,T172:T170:T215:T179,0.47514019,5084
7x43,7x46,0.00009346,1
6x60,6x60,0.07214953,772
F182:F180:F225:F189,S184:S182:S227:S191,0.15504673,1659
Q181:Q179:Q224:Q188,2x63,0.00028037,3
3x26,3x23,0.01327103,142
3x26,3x22,0.05588785,598
3x26,3x25,0.01065421,114
3x26,3x27,0.00018692,2
3x26,3x26,0.53532710,5728
8x53,7x53,0.00196262,21
3x25,Q181:Q179:Q224:Q188,0.01775701,190
4x42,34x53,0.01205607,129
2x57,2x61,0.01177570,126
4x42,34x57,0.01971963,211
6x52,6x59,0.00009346,1
34x56,6x25,0.00009346,1
6x52,6x56,0.00065421,7
6x52,6x53,0.00009346,1
6x52,6x52,0.01289720,138
S184:S182:S227:S191,6x59,0.08616822,922
S184:S182:S227:S191,6x55,0.00242991,26
S184:S182:S227:S191,6x51,0.00560748,60
A175:D173:P218:D182,V173:V171:V216:V180,0.68495327,7329
8x59,8x54,0.00121495,13
4x64,45x51,0.00504673,54
4x50,2x41,0.00018692,2
8x59,8x59,0.11112150,1189
34x50,6x27,0.00971963,104
4x40,4x38,0.12009346,1285
4x40,4x39,0.25747664,2755
3x26,Q177:E175:E220:Q184,0.01859813,199
4x41,4x44,0.00009346,1
4x41,4x45,0.00009346,1
4x41,4x41,0.00355140,38
1x57,2x37,0.06579439,704
6x58,7x31,0.22523364,2410
1x40,1x36,0.00028037,3
34x57,5x68,0.00009346,1
5x68,12x49,0.00009346,1
2x47,7x49,0.00654206,70
6x34,6x36,0.00196262,21
6x34,6x34,0.14532710,1555
6x34,6x33,0.09850467,1054
4x66,3x22,0.00009346,1
F182:F180:F225:F189,3x33,0.06168224,660
6x32,6x28,0.17233645,1844
A175:D173:P218:D182,A175:D173:P218:D182,0.98317757,10520
6x32,6x26,0.00121495,13
6x32,6x27,0.00345794,37
6x32,6x25,0.00242991,26
1x30,1x30,0.05962617,638
1x30,1x33,0.00280374,30
1x30,1x32,0.05616822,601
Q177:E175:E220:Q184,23x49,0.01364486,146
1x30,1x34,0.00943925,101
45x52,3x33,0.39794393,4258
3x33,5x39,0.00028037,3
12x50,6x31,0.02037383,218
12x50,6x33,0.01252336,134
12x50,6x32,0.00728972,78
5x68,2x39,0.00009346,1
5x67,5x67,0.40644860,4349
Q181:Q179:Q224:Q188,E170:V168:K213:K177,0.07654206,819
5x61,6x32,0.00009346,1
7x30,7x34,0.00551402,59
5x61,6x31,0.00485981,52
1x60,8x57,0.00028037,3
5x61,6x34,0.01495327,160
6x29,6x25,0.01897196,203
2x38,2x38,0.06205607,664
3x56,6x28,0.00028037,3
6x26,6x28,0.27158879,2906
6x26,6x27,0.14859813,1590
6x26,6x26,0.14252336,1525
5x41,5x40,0.03925234,420
5x41,5x41,0.00046729,5
5x41,5x48,0.00130841,14
6x43,7x45,0.00046729,5
3x56,5x65,0.00037383,4
3x56,5x66,0.00056075,6
8x47,12x49,0.17308411,1852
2x37,34x53,0.04803738,514
5x67,6x28,0.07401869,792
6x43,7x49,0.00028037,3
5x40,3x33,0.08252336,883
4x38,2x41,0.02168224,232
45x51,45x51,0.21308411,2280
3x33,6x51,0.40046729,4285
Q181:Q179:Q224:Q188,4x68,0.02149533,230
Q181:Q179:Q224:Q188,4x69,0.01186916,127
Q181:Q179:Q224:Q188,4x61,0.64037383,6852
Q181:Q179:Q224:Q188,4x62,0.02831776,303
Q181:Q179:Q224:Q188,4x63,0.00018692,2
Q181:Q179:Q224:Q188,4x64,0.28457944,3045
4x66,4x66,0.05971963,639
6x58,L183:F181:L226:L190,0.19934579,2133
5x68,6x26,0.03168224,339
5x68,6x27,0.02906542,311
5x68,6x25,0.02831776,303
5x68,6x28,0.13205607,1413
5x68,6x29,0.14289720,1529
6x35,8x47,0.06682243,715
1x43,1x36,0.00037383,4
L174:E172:P217:P181,45x51,0.40317757,4314
L174:E172:P217:P181,45x52,0.00280374,30
6x35,8x49,0.00822430,88
4x43,4x39,0.01757009,188
4x43,4x38,0.00785047,84
7x55,6x32,0.09700935,1038
V395:I417:I521:I430,D393:P415:S519:S428,0.25336449,2711
34x57,6x26,0.00878505,94
G89:G87:N132:G96,G89:G87:N132:G96,0.25859813,2767
T172:T170:T215:T179,E170:V168:K213:K177,0.43532710,4658
5x67,3x55,0.01242991,133
5x67,3x54,0.03803738,407
7x38,7x42,0.12411215,1328
12x48,1x59,0.39093458,4183
34x53,34x53,0.10177570,1089
12x48,1x56,0.00084112,9
12x48,1x54,0.00084112,9
34x57,6x29,0.01542056,165
34x57,6x28,0.02242991,240
34x57,6x27,0.00140187,15
1x50,2x50,0.25056075,2681
34x57,6x25,0.00392523,42
45x51,5x39,0.00009346,1
S184:S182:S227:S191,E170:V168:K213:K177,0.00205607,22
6x39,7x53,0.00112150,12
2x40,1x58,0.10626168,1137
Q177:E175:E220:Q184,T172:T170:T215:T179,0.04962617,531
3x56,3x52,0.00224299,24
2x64,2x60,0.11672897,1249
6x58,3x33,0.00018692,2
6x52,5x48,0.01485981,159
6x52,6x48,0.00009346,1
6x52,5x43,0.00009346,1
6x52,5x41,0.00140187,15
6x52,5x40,0.01336449,143
5x36,T172:T170:T215:T179,0.03981308,426
8x48,12x50,0.00037383,4
8x48,12x51,0.01028037,110
1x58,6x25,0.00028037,3
1x58,2x37,0.03906542,418
7x38,2x60,0.07607477,814
7x38,2x63,0.02233645,239
6x35,1x60,0.02700935,289
6x35,12x48,0.00074766,8
12x51,4x39,0.10869159,1163
34x51,34x52,0.21542056,2305
34x51,34x53,0.00214953,23
34x51,34x50,0.08495327,909
34x51,34x51,0.14971963,1602
34x51,34x56,0.06336449,678
34x51,34x54,0.00280374,30
34x51,34x55,0.01504673,161
4x40,4x44,0.00242991,26
4x40,4x41,0.00598131,64
4x40,4x40,0.26299065,2814
6x25,34x55,0.00037383,4
34x50,34x55,0.00214953,23
34x50,34x54,0.02542056,272
5x62,5x58,0.11663551,1248
4x42,12x51,0.00140187,15
8x49,6x33,0.00261682,28
34x50,34x50,0.10177570,1089
45x50,L174:E172:P217:P181,0.00028037,3
5x36,S184:S182:S227:S191,0.38514019,4121
6x39,6x40,0.00009346,1
34x56,4x40,0.00392523,42
34x56,4x41,0.00009346,1
2x47,7x50,0.00018692,2
5x68,12x51,0.00028037,3
2x47,7x53,0.00242991,26
3x21,23x52,0.00355140,38
6x58,5x39,0.00065421,7
4x40,1x58,0.00009346,1
V173:V171:V216:V180,V173:V171:V216:V180,0.23953271,2563
6x58,V395:I417:I521:I430,0.40663551,4351
3x37,3x33,0.00074766,8
3x37,3x36,0.00570093,61
3x37,3x37,0.01158879,124
3x22,3x24,0.00018692,2
45x52,3x29,0.00028037,3
45x52,3x28,0.00009346,1
3x22,3x23,0.00112150,12
F182:F180:F225:F189,6x59,0.00214953,23
F182:F180:F225:F189,6x55,0.00018692,2
F182:F180:F225:F189,6x51,0.00504673,54
5x68,5x68,0.66700935,7137
6x58,L174:E172:P217:P181,0.00018692,2
2x39,6x28,0.00102804,11
4x61,F182:F180:F225:F189,0.31682243,3390
1x30,1x29,0.09794393,1048
Q177:E175:E220:Q184,23x52,0.02149533,230
2x42,4x39,0.00018692,2
Q177:E175:E220:Q184,23x50,0.03037383,325
Q177:E175:E220:Q184,23x51,0.00018692,2
3x26,4x68,0.00467290,50
1x57,8x49,0.00046729,5
34x57,2x41,0.02672897,286
34x57,2x40,0.01981308,212
3x26,4x61,0.62009346,6635
3x26,4x62,0.20485981,2192
3x26,4x63,0.00056075,6
3x26,4x64,0.05186916,555
3x26,4x65,0.49523364,5299
3x26,4x66,0.00345794,37
2x58,1x36,0.00841121,90
5x67,5x58,0.05009346,536
1x43,1x46,0.00158879,17
6x35,7x56,0.13579439,1453
1x43,1x43,0.00084112,9
6x35,7x53,0.05747664,615
6x35,7x52,0.00429907,46
2x551,1x43,0.00009346,1
12x48,12x49,0.51691589,5531
12x48,12x48,0.76691589,8206
6x26,6x34,0.00009346,1
L174:E172:P217:P181,2x63,0.02831776,303
2x40,4x38,0.01168224,125
2x40,4x39,0.00775701,83
G176:G174:G219:N183,V173:V171:V216:V180,0.13831776,1480
2x66,2x66,0.13299065,1423
5x67,6x34,0.06242991,668
5x67,6x33,0.00065421,7
3x39,3x35,0.00700935,75
8x47,12x51,0.10579439,1132
7x55,8x52,0.00018692,2
7x55,8x51,0.33261682,3559
1x56,2x37,0.00009346,1
V395:I417:I521:I430,45x51,0.00168224,18
3x32,7x38,0.38981308,4171
1x32,2x65,0.00598131,64
2x54,1x43,0.00046729,5
R171:R169:R214:R178,Q177:E175:E220:Q184,0.33822430,3619
5x36,F182:F180:F225:F189,0.13271028,1420
2x54,1x46,0.00214953,23
6x35,8x51,0.00906542,97
3x50,34x50,0.00457944,49
3x53,12x51,0.00130841,14
3x50,34x53,0.00654206,70
3x50,34x54,0.04252336,455
3x50,34x57,0.31813084,3404
45x52,2x60,0.00757009,81
45x52,2x63,0.00149533,16
6x37,6x33,0.00056075,6
6x34,2x37,0.00177570,19
8x47,7x56,0.11775701,1260
8x47,7x55,0.03271028,350
8x47,7x52,0.00130841,14
8x47,7x53,0.17794393,1904
7x36,2x64,0.00028037,3
7x36,2x60,0.00009346,1
8x47,6x37,0.00009346,1
8x47,6x36,0.25214953,2698
8x47,6x33,0.05392523,577
8x47,6x32,0.17233645,1844
8x47,6x31,0.00785047,84
8x47,6x30,0.15542056,1663
2x54,7x42,0.00056075,6
2x54,7x47,0.00112150,12
2x54,7x46,0.00214953,23
7x38,7x38,0.21308411,2280
4x49,4x53,0.00028037,3
45x52,7x34,0.04018692,430
45x52,7x35,0.00224299,24
45x52,7x38,0.40560748,4340
5x65,5x58,0.03000000,321
4x41,2x37,0.00009346,1
23x49,23x49,0.17345794,1856
8x58,8x59,0.06112150,654
8x58,8x58,0.03037383,325
7x31,Q177:E175:E220:Q184,0.18971963,2030
7x31,L174:E172:P217:P181,0.01850467,198
23x52,V173:V171:V216:V180,0.00028037,3
6x39,7x48,0.00009346,1
6x39,7x49,0.03700935,396
4x61,4x62,0.05990654,641
34x52,4x38,0.00074766,8
4x61,4x61,0.11392523,1219
4x61,4x66,0.00056075,6
4x61,4x64,0.01644860,176
6x39,7x45,0.02607477,279
12x49,1x59,0.07598131,813
T172:T170:T215:T179,4x68,0.01373832,147
T172:T170:T215:T179,4x64,0.39878505,4267
3x51,3x51,0.10476636,1121
4x62,F182:F180:F225:F189,0.00046729,5
3x51,3x54,0.00018692,2
6x25,6x33,0.00009346,1
6x26,5x67,0.01317757,141
6x26,5x65,0.01682243,180
7x47,7x42,0.00401869,43
8x58,8x54,0.00121495,13
7x47,7x47,0.00093458,10
1x29,2x65,0.01514019,162
5x46,5x46,0.00074766,8
D393:P415:S519:S428,7x30,0.00850467,91
D393:P415:S519:S428,7x34,0.01859813,199
8x48,12x49,0.00121495,13
V395:I417:I521:I430,7x30,0.01813084,194
5x36,L183:F181:L226:L190,0.08476636,907
V395:I417:I521:I430,7x34,0.18252336,1953
2x52,3x31,0.00074766,8
1x43,7x42,0.00037383,4
6x26,34x55,0.00028037,3
1x43,7x46,0.00168224,18
1x43,7x47,0.00102804,11
6x29,2x39,0.00056075,6
6x35,1x56,0.00158879,17
45x51,E170:V168:K213:K177,0.00009346,1
6x29,2x37,0.00364486,39
5x65,3x51,0.00112150,12
5x65,3x55,0.01841121,197
5x65,3x54,0.10280374,1100
6x39,6x30,0.00037383,4
8x56,6x25,0.00028037,3
R171:R169:R214:R178,E170:V168:K213:K177,0.06392523,684
6x31,2x37,0.01214953,130
6x31,2x38,0.00037383,4
3x47,6x34,0.00467290,50
4x60,R171:R169:R214:R178,0.00261682,28
A175:D173:P218:D182,3x26,0.00149533,16
5x57,3x47,0.00009346,1
A175:D173:P218:D182,3x22,0.00149533,16
A175:D173:P218:D182,3x21,0.12065421,1291
A175:D173:P218:D182,Q181:Q179:Q224:Q188,0.01252336,134
34x57,4x41,0.00579439,62
C394:C416:C520:C429,C394:C416:C520:C429,0.02308411,247
6x29,1x59,0.01000000,107
6x29,1x56,0.00065421,7
6x35,12x49,0.00046729,5
3x37,3x41,0.00065421,7
3x37,3x40,0.00009346,1
7x47,1x45,0.00158879,17
K392:A414:D518:Q427,7x31,0.24841121,2658
K392:A414:D518:Q427,7x30,0.02149533,230
K392:A414:D518:Q427,7x34,0.12887850,1379
4x65,45x51,0.03542056,379
4x39,4x39,0.36616822,3918
2x39,6x30,0.18121495,1939
2x39,6x31,0.13102804,1402
2x39,6x32,0.02327103,249
12x48,2x37,0.09644860,1032
7x45,7x53,0.00214953,23
4x69,T172:T170:T215:T179,0.02794393,299
3x25,Q177:E175:E220:Q184,0.00009346,1
12x48,2x38,0.00028037,3
12x48,2x39,0.00084112,9
5x63,5x66,0.22186916,2374
5x63,5x67,0.10084112,1079
5x63,5x65,0.16168224,1730
3x36,7x46,0.27271028,2918
5x63,5x63,0.47747664,5109
5x63,5x60,0.32607477,3489
6x56,5x48,0.00046729,5
5x63,5x68,0.09738318,1042
5x63,5x69,0.02682243,287
2x58,1x44,0.00037383,4
2x58,1x46,0.00140187,15
2x58,1x40,0.00448598,48
2x58,1x43,0.00429907,46
2x37,34x55,0.00373832,40
K392:A414:D518:Q427,D393:P415:S519:S428,0.08084112,865
6x28,3x55,0.00158879,17
6x35,7x49,0.00009346,1
2x42,4x38,0.00009346,1
4x43,2x37,0.00065421,7
4x40,2x41,0.00990654,106
7x50,7x53,0.00018692,2
6x36,8x49,0.00186916,20
2x39,8x49,0.00074766,8
45x51,23x49,0.00018692,2
12x48,12x51,0.30915888,3308
5x53,3x51,0.00009346,1
3x51,5x58,0.00018692,2
5x36,V395:I417:I521:I430,0.00009346,1
34x50,34x53,0.00018692,2
4x60,45x51,0.04345794,465
8x47,1x59,0.00009346,1
3x39,2x45,0.01037383,111
8x47,1x53,0.00018692,2
8x47,1x56,0.15280374,1635
8x47,1x57,0.00084112,9
6x31,6x28,0.32130841,3438
6x26,3x55,0.00401869,43
6x26,3x54,0.05766355,617
6x31,6x27,0.04766355,510
6x31,6x26,0.02831776,303
6x31,6x25,0.00981308,105
3x26,Q181:Q179:Q224:Q188,0.72887850,7799
7x56,12x51,0.00112150,12
45x50,Q177:E175:E220:Q184,0.12962617,1387
2x61,2x64,0.05439252,582
2x61,2x65,0.00018692,2
2x61,2x60,0.00065421,7
2x61,2x61,0.02859813,306
1x35,1x34,0.00803738,86
1x35,1x35,0.00009346,1
1x35,1x32,0.01598131,171
1x35,1x33,0.00121495,13
1x35,1x30,0.00775701,83
5x36,4x67,0.00018692,2
2x43,2x43,0.00009346,1
2x43,2x46,0.00457944,49
8x48,7x56,0.30542056,3268
8x48,7x53,0.00009346,1
23x50,45x51,0.00009346,1
5x36,45x52,0.00205607,22
5x36,45x51,0.00401869,43
8x47,6x25,0.02925234,313
8x47,6x26,0.08542056,914
8x47,6x27,0.01523364,163
8x47,6x28,0.08915888,954
7x32,2x60,0.00140187,15
2x39,5x69,0.00018692,2
6x30,5x69,0.01990654,213
3x22,45x51,0.02766355,296
12x51,4x41,0.00018692,2
12x49,12x50,0.20691589,2214
12x51,4x43,0.00046729,5
6x30,5x62,0.09663551,1034
6x30,5x65,0.22411215,2398
5x38,5x41,0.03093458,331
6x30,5x67,0.15672897,1677
6x30,5x66,0.05813084,622
7x35,7x42,0.00448598,48
2x61,1x36,0.00233645,25
7x45,3x32,0.00065421,7
7x45,3x35,0.00093458,10
7x45,3x36,0.22672897,2426
7x45,3x39,0.51971963,5561
6x29,7x53,0.00084112,9
6x29,7x55,0.00392523,42
6x29,7x56,0.00841121,90
2x43,6x36,0.00018692,2
5x63,5x58,0.01271028,136
6x25,6x26,0.16943925,1813
12x49,8x52,0.04897196,524
6x25,6x25,0.13644860,1460
6x25,6x28,0.11373832,1217
6x26,2x37,0.00037383,4
4x44,4x45,0.00009346,1
L183:F181:L226:L190,4x64,0.00570093,61
3x47,5x58,0.00495327,53
6x58,Q181:Q179:Q224:Q188,0.00280374,30
4x69,S184:S182:S227:S191,0.00018692,2
3x32,3x33,0.14373832,1538
3x32,3x32,0.19626168,2100
3x32,3x31,0.00242991,26
3x32,3x36,0.03775701,404
7x54,6x29,0.00112150,12
3x32,3x39,0.00009346,1
2x58,7x46,0.00009346,1
1x43,7x39,0.03785047,405
6x31,1x56,0.00018692,2
R171:R169:R214:R178,R171:R169:R214:R178,0.66775701,7145
3x52,3x55,0.00757009,81
7x31,6x61,0.00093458,10
3x52,3x51,0.00009346,1
2x45,3x35,0.00981308,105
3x49,4x38,0.07252336,776
6x60,6x59,0.11373832,1217
6x31,6x36,0.02457944,263
6x47,6x48,0.00056075,6
12x51,2x43,0.00056075,6
12x51,2x41,0.18467290,1976
2x60,1x32,0.00018692,2
8x47,2x39,0.11037383,1181
8x47,2x38,0.00654206,70
4x62,T172:T170:T215:T179,0.00037383,4
8x47,2x37,0.01214953,130
3x25,3x28,0.00009346,1
3x25,3x29,0.00009346,1
F182:F180:F225:F189,T172:T170:T215:T179,0.02009346,215
6x58,6x60,0.03168224,339
6x58,6x61,0.05383178,576
3x25,3x22,0.00056075,6
3x25,3x25,0.00009346,1
23x50,2x63,0.00093458,10
6x29,1x60,0.01093458,117
5x63,3x51,0.01411215,151
5x63,3x55,0.00598131,64
5x63,3x54,0.00065421,7
34x57,4x38,0.32028037,3427
34x57,4x39,0.34654206,3708
6x31,7x53,0.01532710,164
E170:V168:K213:K177,E170:V168:K213:K177,0.04803738,514
2x40,12x51,0.18551402,1985
3x47,3x51,0.00018692,2
7x56,12x49,0.00028037,3
7x45,7x48,0.00037383,4
7x45,7x49,0.49915888,5341
T172:T170:T215:T179,V173:V171:V216:V180,0.20532710,2197
7x45,7x41,0.33775701,3614
7x45,7x42,0.02981308,319
7x45,7x45,0.32168224,3442
7x45,7x46,0.50056075,5356
6x37,7x53,0.00102804,11
1x31,7x32,0.00009346,1
4x62,3x22,0.03009346,322
4x62,3x23,0.01009346,108
5x40,6x59,0.17289720,1850
4x62,3x27,0.00028037,3
Q181:Q179:Q224:Q188,7x34,0.00364486,39
5x40,6x55,0.02102804,225
6x25,2x37,0.00102804,11
5x40,6x51,0.08345794,893
5x40,6x53,0.00037383,4
6x51,2x60,0.08616822,922
6x51,2x63,0.00009346,1
5x40,5x39,0.01224299,131
S184:S182:S227:S191,S184:S182:S227:S191,0.48373832,5176
S184:S182:S227:S191,45x51,0.08121495,869
3x29,3x33,0.00028037,3
1x52,8x49,0.00028037,3
7x56,7x53,0.00943925,101
G176:G174:G219:N183,G176:G174:G219:N183,0.11467290,1227
7x56,7x56,0.10000000,1070
7x56,7x55,0.20925234,2239
A175:D173:P218:D182,4x69,0.00130841,14
34x56,3x55,0.00009346,1
34x56,3x52,0.00009346,1
12x50,1x58,0.04635514,496
12x50,1x59,0.00345794,37
12x50,1x56,0.00121495,13
A175:D173:P218:D182,4x65,0.00149533,16
A175:D173:P218:D182,4x64,0.00065421,7
2x41,2x38,0.02308411,247
4x69,V173:V171:V216:V180,0.00093458,10
6x31,6x34,0.18551402,1985
6x31,1x59,0.00065421,7
6x31,6x31,0.42299065,4526
6x31,6x32,0.24850467,2659
6x31,6x33,0.08233645,881
4x41,34x53,0.00252336,27
Q181:Q179:Q224:Q188,3x22,0.00401869,43
12x50,12x50,0.17093458,1829
3x22,3x22,0.00037383,4
3x25,7x38,0.00028037,3
